1.000000000000000000e+00,7.938067531013599451e-03,3.408561549554399761e+01,9.917095656959700190e-01,-4.139021454427499691e+00
1.064000010490399939e+00,8.170263939099800185e-03,3.529628017467800305e+01,9.916583201256800040e-01,-4.403530894212400071e+00
1.128000020980800100e+00,8.408946210599600735e-03,3.640474841919500193e+01,9.916039192728199891e-01,-4.667968885184699879e+00
1.192000031471299959e+00,8.653429056332000505e-03,3.741706961893400063e+01,9.915466269829600332e-01,-4.932333093145600422e+00
1.256000041961699898e+00,8.903077915527300365e-03,3.833924279326100049e+01,9.914862839078899537e-01,-5.196619215564999728e+00
1.320000052452100059e+00,9.157313936991200165e-03,3.917705739349599980e+01,9.914230887806899650e-01,-5.460823712140899566e+00
1.383999943733200011e+00,9.415606733668400313e-03,3.993608275661100038e+01,9.913569396002800405e-01,-5.724943250412099616e+00
1.447999954223599950e+00,9.677470764352500213e-03,4.062161344817000241e+01,9.912879103423100080e-01,-5.988973514589000402e+00
1.511999964714100031e+00,9.942460214089600401e-03,4.123866512154700104e+01,9.912161360969899970e-01,-6.252911860850299597e+00
1.575999975204499970e+00,1.021017122224599991e-02,4.179193801628999694e+01,9.911413907586400507e-01,-6.516755693489000301e+00
1.639999985694899909e+00,1.048023148531800064e-02,4.228583357874300219e+01,9.910641586331500053e-01,-6.780498615661899819e+00
1.703999996185300070e+00,1.075229719218099948e-02,4.272447666111099807e+01,9.909839182690299841e-01,-7.044142165373600051e+00
1.768000006675700009e+00,1.102605963655199986e-02,4.311167428321199679e+01,9.909010929602699580e-01,-7.307680978703600339e+00
1.832000017166099948e+00,1.130122574067900058e-02,4.345099457137499854e+01,9.908157430650299524e-01,-7.571109386350199699e+00
1.896000027656600029e+00,1.157753407925100030e-02,4.374571766486599955e+01,9.907276443424900547e-01,-7.834429535185700288e+00
1.960000038146999968e+00,1.185474262407600066e-02,4.399891851566599854e+01,9.906371542060800062e-01,-8.097635524875299140e+00
2.023999929428100142e+00,1.213262108479399963e-02,4.421340723793500160e+01,9.905441578050000473e-01,-8.360725919530599626e+00
2.088000059127800068e+00,1.241096651007599951e-02,4.439180872055599991e+01,9.904485980438999526e-01,-8.623698869958200675e+00
2.151999950408900020e+00,1.268958391919900071e-02,4.453655330422199654e+01,9.903507086498799517e-01,-8.886549053593400416e+00
2.216000080108599946e+00,1.296829596151399984e-02,4.464988372581200338e+01,9.902504926331300306e-01,-9.149275626569000508e+00
2.279999971389799818e+00,1.324693688898800036e-02,4.473387834982099776e+01,9.901480108286000448e-01,-9.411877158414300837e+00
2.344000101089500188e+00,1.352535195910900025e-02,4.479047272118800294e+01,9.900432566383500221e-01,-9.674350163763399735e+00
2.407999992370600140e+00,1.380339962418400054e-02,4.482144641179200306e+01,9.899362906591500089e-01,-9.936693946235099162e+00
2.471999883651700092e+00,1.408094324392999974e-02,4.482845472215500138e+01,9.898272259540700224e-01,-1.019890541627400005e+01
2.536000013351400018e+00,1.435785741217700077e-02,4.481304160565299810e+01,9.897161153034500503e-01,-1.046098196979500017e+01
2.599999904632599890e+00,1.463402844835899955e-02,4.477663852396800337e+01,9.896029569732099906e-01,-1.072292326279699992e+01
2.664000034332299816e+00,1.490934376233600013e-02,4.472057626003100239e+01,9.894879211572400468e-01,-1.098472611224699946e+01
2.727999925613400212e+00,1.518370171547600046e-02,4.464608848267300090e+01,9.893708869833199859e-01,-1.124639134522699990e+01
2.792000055313100138e+00,1.545700838650100085e-02,4.455431500675099699e+01,9.892521390805599779e-01,-1.150791422908799966e+01
2.855999946594200090e+00,1.572917101294400016e-02,4.444634548164400201e+01,9.891315575424000084e-01,-1.176929632673400050e+01
2.920000076293900015e+00,1.600010149967200090e-02,4.432318108978199689e+01,9.890092524236999694e-01,-1.203053558366899978e+01
2.983999967575099888e+00,1.626972717889400150e-02,4.418574473999999697e+01,9.888853293301099745e-01,-1.229162896315800069e+01
3.048000097274799813e+00,1.653796654923600160e-02,4.403492310703399681e+01,9.887597824153200321e-01,-1.255257648087500044e+01
3.111999988555900210e+00,1.680475077236499859e-02,4.387152791035799737e+01,9.886327280940100382e-01,-1.281337828862499961e+01
3.176000118255600135e+00,1.707001332072299871e-02,4.369633037847100354e+01,9.885042106873199730e-01,-1.307403180971800083e+01
3.240000009536700087e+00,1.733369315233999897e-02,4.351003220905000290e+01,9.883742800018300301e-01,-1.333453607860900014e+01
3.303999900817899960e+00,1.759572942925400132e-02,4.331332435689999727e+01,9.882431113465099948e-01,-1.359489094915199914e+01
3.368000030517599885e+00,1.785606563214500037e-02,4.310682929447499845e+01,9.881104600491400491e-01,-1.385509850600899995e+01
3.431999921798699837e+00,1.811465238419100038e-02,4.289113799314799991e+01,9.879767897578100033e-01,-1.411515430681700067e+01
3.496000051498400207e+00,1.837143723978200069e-02,4.266681769152700099e+01,9.878419699602299930e-01,-1.437505863092800062e+01
3.559999942779500159e+00,1.862637528322899985e-02,4.243439076565000079e+01,9.877058810233999564e-01,-1.463481438185799988e+01
3.624000072479200085e+00,1.887942155083599874e-02,4.219435138389300022e+01,9.875689182912199549e-01,-1.489441573278000064e+01
3.687999963760399957e+00,1.913053686605399942e-02,4.194716267948300015e+01,9.874310300598999612e-01,-1.515386698738599947e+01
3.752000093460099883e+00,1.937968213554699948e-02,4.169327406289399818e+01,9.872921338020800297e-01,-1.541316581409800079e+01
3.815999984741199835e+00,1.962682480183499875e-02,4.143308700988900029e+01,9.871524155829900504e-01,-1.567231453387799966e+01
3.880000114440900205e+00,1.987192433698699995e-02,4.116701685045300252e+01,9.870119798272599665e-01,-1.593131121024300079e+01
3.944000005722000157e+00,2.011495895784099971e-02,4.089541072014900180e+01,9.868708237037799869e-01,-1.619015736560999841e+01
4.007999897003199585e+00,2.035588832362900114e-02,4.061864732734599670e+01,9.867289359544499927e-01,-1.644885284441300044e+01
4.072000026702900399e+00,2.059469772793099882e-02,4.033702848344100289e+01,9.865865503008900417e-01,-1.670739681579799907e+01
4.136000156402600325e+00,2.083135527591799957e-02,4.005089887160099948e+01,9.864435576717900389e-01,-1.696579424300999861e+01
4.199999809265100303e+00,2.106583633826599952e-02,3.976054647866799741e+01,9.863002309811700341e-01,-1.722403970017899866e+01
4.263999938964800229e+00,2.129812564996099930e-02,3.946624791175899816e+01,9.861563293392899832e-01,-1.748213681446900125e+01
4.328000068664599631e+00,2.152819996091100141e-02,3.916828813278900157e+01,9.860121779989200475e-01,-1.774008984390700050e+01
4.392000198364299557e+00,2.175604340559200017e-02,3.886691707408100172e+01,9.858676616590400510e-01,-1.799789098919499963e+01
4.455999851226800423e+00,2.198164123641100157e-02,3.856237798275400053e+01,9.857229440524499786e-01,-1.825554903195299872e+01
4.519999980926500349e+00,2.220498002580499966e-02,3.825490134085099925e+01,9.855780119311899901e-01,-1.851306326618700027e+01
4.584000110626200275e+00,2.242604788037499963e-02,3.794471439803700008e+01,9.854329738962800400e-01,-1.877043238931100078e+01
4.647999763488799729e+00,2.264483181206200166e-02,3.763202574047600280e+01,9.852877784218999624e-01,-1.902765999258599905e+01
4.711999893188499655e+00,2.286132858291500120e-02,3.731702333888399892e+01,9.851426658581800000e-01,-1.928474561411000110e+01
4.776000022888199581e+00,2.307552099194999998e-02,3.699992094058499958e+01,9.849975190532800351e-01,-1.954169221177500049e+01
4.840000152587900395e+00,2.328741109156199848e-02,3.668088310300399968e+01,9.848524558372799831e-01,-1.979849978055899840e+01
4.903999805450400373e+00,2.349699431749400005e-02,3.636008742484399647e+01,9.847075478947600047e-01,-2.005517099115499846e+01
4.967999935150100299e+00,2.370426608317599895e-02,3.603770054870000195e+01,9.845627804418900508e-01,-2.031170474610300047e+01
5.032000064849899701e+00,2.390922149396300031e-02,3.571389311311899917e+01,9.844182461686700192e-01,-2.056810684484999996e+01
5.096000194549599627e+00,2.411186651112700099e-02,3.538879352592199723e+01,9.842739862240800219e-01,-2.082437486672600002e+01
5.159999847412099605e+00,2.431219787108199887e-02,3.506255938828000041e+01,9.841300279374799453e-01,-2.108051405243699961e+01
5.223999977111800419e+00,2.451022443805300072e-02,3.473531936836700140e+01,9.839864229057999623e-01,-2.133652348643200014e+01
5.288000106811500345e+00,2.470594138914000010e-02,3.440722463128400221e+01,9.838431995959699972e-01,-2.159240829973800047e+01
5.352000236511200271e+00,2.489935913891400121e-02,3.407838613798600136e+01,9.837005204248500112e-01,-2.184816486905399913e+01
5.415999889373799725e+00,2.509047950399199978e-02,3.374892461225199725e+01,9.835582262458999470e-01,-2.210379883054600114e+01
5.480000019073499651e+00,2.527931779112500138e-02,3.341894657675999980e+01,9.834164705398700246e-01,-2.235932353325599919e+01
5.544000148773199577e+00,2.546587744209199977e-02,3.308858075220599915e+01,9.832753028546199481e-01,-2.261471902739199891e+01
5.607999801635700443e+00,2.565016614679200072e-02,3.275791836782899935e+01,9.831347118033699761e-01,-2.287000244150999961e+01
5.671999931335400369e+00,2.583219947228999891e-02,3.242705690850500133e+01,9.829947192270800382e-01,-2.312515053739799953e+01
5.736000061035199771e+00,2.601198722400899915e-02,3.209610708677399771e+01,9.828553971605099582e-01,-2.338019157164400141e+01
5.800000190734899697e+00,2.618954013662099997e-02,3.176514686196500037e+01,9.827168412801700059e-01,-2.363512108865799988e+01
5.863999843597399675e+00,2.636487618453799836e-02,3.143426705407399879e+01,9.825788961494299478e-01,-2.388999607864100128e+01
5.927999973297099601e+00,2.653800901634899984e-02,3.110354636094099945e+01,9.824418304818000047e-01,-2.414468021547899923e+01
5.992000102996800415e+00,2.670894805498899918e-02,3.077307489184699918e+01,9.823054626034900538e-01,-2.439933775852099984e+01
6.056000232696500341e+00,2.687771778348399879e-02,3.044292235901000154e+01,9.821699006120200304e-01,-2.465383028813900168e+01
6.119999885559099795e+00,2.704433699929400040e-02,3.011314956789799879e+01,9.820352326188600545e-01,-2.490826972884299906e+01
6.184000015258799721e+00,2.720881939610600084e-02,2.978384175352299934e+01,9.819013702719500136e-01,-2.516257005021600079e+01
6.248000144958499646e+00,2.737118606203900115e-02,2.945505214190200149e+01,9.817685397873200381e-01,-2.541681681502700130e+01
6.311999797820999625e+00,2.753145642796199846e-02,2.912684769125199935e+01,9.816364845986399468e-01,-2.567095331352900089e+01
6.375999927520799915e+00,2.768965472681899839e-02,2.879928570366400109e+01,9.815053591469999894e-01,-2.592498247823300161e+01
6.440000057220499841e+00,2.784579613122499867e-02,2.847242570512100102e+01,9.813751526315600549e-01,-2.617895836076399974e+01
6.504000186920199766e+00,2.799990839559299977e-02,2.814629870961499947e+01,9.812459678909000171e-01,-2.643282920880999853e+01
6.567999839782699745e+00,2.815201338979799947e-02,2.782101476619099856e+01,9.811177613405499542e-01,-2.668662097998199911e+01
6.631999969482399671e+00,2.830213184992499964e-02,2.749655460035500099e+01,9.809905205456900257e-01,-2.694033164192099861e+01
6.696000099182099596e+00,2.845029285800099866e-02,2.717296748820000118e+01,9.808643669416899913e-01,-2.719396686230399851e+01
6.760000228881800410e+00,2.859651615621799925e-02,2.685033674190599839e+01,9.807392077410299613e-01,-2.744752302374800124e+01
6.823999881744399865e+00,2.874083294499499980e-02,2.652868873410699990e+01,9.806150847237400381e-01,-2.770100422375699978e+01
6.888000011444099790e+00,2.888326358782000031e-02,2.620805257789900011e+01,9.804920159535900348e-01,-2.795441921671899976e+01
6.952000141143799716e+00,2.902383692897100159e-02,2.588842869355200094e+01,9.803699232947999942e-01,-2.820776598745100117e+01
7.015999794006299695e+00,2.916257953775600043e-02,2.556992219043599945e+01,9.802489177812000465e-01,-2.846104845885700030e+01
7.079999923706099985e+00,2.929951860377200124e-02,2.525251074294400055e+01,9.801290254692700543e-01,-2.871426126339000007e+01
7.144000053405799910e+00,2.943468501700099993e-02,2.493621642717799958e+01,9.800102007127500237e-01,-2.896741320427599931e+01
7.208000183105499836e+00,2.956810118849000080e-02,2.462109928620899879e+01,9.798923711975300321e-01,-2.922051008413300011e+01
7.271999835967999815e+00,2.969979979934700073e-02,2.430712886101199999e+01,9.797756815894900218e-01,-2.947354464716299915e+01
7.335999965667699740e+00,2.982980698825800012e-02,2.399439020472700079e+01,9.796600522105599618e-01,-2.972652892981599848e+01
7.400000095367399666e+00,2.995815291670700029e-02,2.368290354514600082e+01,9.795455239571499995e-01,-2.997945901860800078e+01
7.464000225067099592e+00,3.008486386563699946e-02,2.337261387202000051e+01,9.794320783225199945e-01,-3.023233897854100150e+01
7.527999877929699934e+00,3.020997540846699983e-02,2.306359948326700149e+01,9.793196101804899634e-01,-3.048517792809199989e+01
7.592000007629399860e+00,3.033351235976200141e-02,2.275585136203499914e+01,9.792083201425200167e-01,-3.073796033816600115e+01
7.656000137329099786e+00,3.045550524087699967e-02,2.244938963055900061e+01,9.790981128089200070e-01,-3.099070306868300051e+01
7.719999790191700129e+00,3.057598903012799865e-02,2.214421302609099840e+01,9.789890133223899671e-01,-3.124340060878000003e+01
7.783999919891400054e+00,3.069498343096499840e-02,2.184033701961299911e+01,9.788808022629400529e-01,-3.149606429861000123e+01
7.848000049591099980e+00,3.081252244912899979e-02,2.153777273163100148e+01,9.787737195712199467e-01,-3.174868917857400064e+01
7.912000179290799906e+00,3.092864554475399999e-02,2.123651378066400142e+01,9.786676875135500442e-01,-3.200127336130000089e+01
7.975999832153299884e+00,3.104336717035800081e-02,2.093657145003599851e+01,9.785627547939399484e-01,-3.225382683819800178e+01
8.039999961853000698e+00,3.115672840447599942e-02,2.063794455133799843e+01,9.784587762539099787e-01,-3.250635446869699763e+01
8.104000091552700624e+00,3.126875579887399698e-02,2.034063262145399875e+01,9.783558943345099790e-01,-3.275884216600299936e+01
8.168000221252400550e+00,3.137947523171399911e-02,2.004463503973499883e+01,9.782539095179899613e-01,-3.301130934249199811e+01
8.232000350952100476e+00,3.148892513891900224e-02,1.974994776108000138e+01,9.781530453530099534e-01,-3.326374287519200124e+01
8.295999526977499983e+00,3.159712630264400329e-02,1.945657080599000111e+01,9.780530403570899534e-01,-3.351615643201900241e+01
8.359999656677199908e+00,3.170410912015800275e-02,1.916449555860700116e+01,9.779540828727000257e-01,-3.376854648091799760e+01
8.423999786376999310e+00,3.180990582706400005e-02,1.887371553475200159e+01,9.778560301436499680e-01,-3.402091811939399690e+01
8.487999916076699236e+00,3.191454576313600133e-02,1.858422220915199929e+01,9.777589041617400500e-01,-3.427326583572600072e+01
8.552000045776399162e+00,3.201805600004300340e-02,1.829600807021800080e+01,9.776628110225199508e-01,-3.452559758103900123e+01
8.616000175476100864e+00,3.212046727445500016e-02,1.800905606134200099e+01,9.775675080871299993e-01,-3.477790995671200136e+01
8.680000305175800790e+00,3.222180454915499898e-02,1.772336271521299977e+01,9.774731373749500074e-01,-3.503021381977099935e+01
8.744000434875500716e+00,3.232209331293500049e-02,1.743890810749200071e+01,9.773797002031500147e-01,-3.528249587777700214e+01
8.807999610900900223e+00,3.242136326098699756e-02,1.715568697552900090e+01,9.772870896845500255e-01,-3.553476435923600008e+01
8.871999740600600148e+00,3.251964653114700066e-02,1.687367692136099961e+01,9.771952843570399505e-01,-3.578702839295500127e+01
8.935999870300300074e+00,3.261695919268699922e-02,1.659286565385700030e+01,9.771043528161299507e-01,-3.603928042586100133e+01
9.000000000000000000e+00,3.271333866086800074e-02,1.631323088852300174e+01,9.770142522656199979e-01,-3.629152185353400029e+01
9.064000129699699926e+00,3.280880062143400056e-02,1.603476139088499863e+01,9.769249276695299855e-01,-3.654375900320300019e+01
9.128000259399399852e+00,3.290337987067699921e-02,1.575743405994199975e+01,9.768363617095700002e-01,-3.679598357735400072e+01
9.192000389099099777e+00,3.299709279027100012e-02,1.548123301804800001e+01,9.767485711389599645e-01,-3.704820756401999660e+01
9.255999565124499284e+00,3.308996577596400035e-02,1.520613363186200040e+01,9.766614541376800185e-01,-3.730042200764099647e+01
9.319999694824199210e+00,3.318202624731299982e-02,1.493211888630399997e+01,9.765751602238800233e-01,-3.755263746021199722e+01
9.383999824523899136e+00,3.327328867706699778e-02,1.465916400434699973e+01,9.764893976607800230e-01,-3.780485355225599875e+01
9.447999954223600838e+00,3.336378751071600313e-02,1.438724963048099958e+01,9.764045375707699481e-01,-3.805705751317100294e+01
9.512000083923300764e+00,3.345353688169099698e-02,1.411635026944700044e+01,9.763201616500399860e-01,-3.830926813288599675e+01
9.576000213623000690e+00,3.354256254222399980e-02,1.384644143080799950e+01,9.762365371911799761e-01,-3.856148175898199781e+01
9.640000343322800092e+00,3.363087903571500281e-02,1.357750129499799918e+01,9.761533898931500364e-01,-3.881368853589899715e+01
9.704000473022500017e+00,3.371851547554600287e-02,1.330950309628100037e+01,9.760708641444699740e-01,-3.906590384802800031e+01
9.767999649047899524e+00,3.380548222051200230e-02,1.304242319245300052e+01,9.759890287129000530e-01,-3.931811511493899758e+01
9.831999778747599450e+00,3.389180446731000079e-02,1.277623464648199914e+01,9.759077485595100132e-01,-3.957032845109299757e+01
9.895999908447299376e+00,3.397749654001999686e-02,1.251091506290799948e+01,9.758268062484199978e-01,-3.982254966378099681e+01
9.960000038146999302e+00,3.406257944732000303e-02,1.224643485481399985e+01,9.757465953799699943e-01,-4.007477296596500338e+01
1.002400016784699943e+01,3.414707073106500179e-02,1.198276682402499915e+01,9.756668216334100086e-01,-4.032699880246600088e+01
1.008800029754599947e+01,3.423098818387800002e-02,1.171988548042300060e+01,9.755874879499799590e-01,-4.057922678904900238e+01
1.015200042724599960e+01,3.431434169805999690e-02,1.145776263087799940e+01,9.755087260093500134e-01,-4.083145460809699756e+01
1.021599960327099943e+01,3.439714937391800259e-02,1.119637445462199921e+01,9.754302621324200118e-01,-4.108370051112100185e+01
1.027999973297099956e+01,3.447942838272000099e-02,1.093568890378099923e+01,9.753523362786800099e-01,-4.133594277328899835e+01
1.034399986267099969e+01,3.456118931673499844e-02,1.067568169849699977e+01,9.752746811353599776e-01,-4.158819487023399830e+01
1.040799999237099982e+01,3.464244257616599931e-02,1.041632617317699960e+01,9.751975169532399734e-01,-4.184044980499700017e+01
1.047200012206999986e+01,3.472320574040099750e-02,1.015759111992399966e+01,9.751205878344999523e-01,-4.209271133516899965e+01
1.053600025176999999e+01,3.480348975585099980e-02,9.899452866897700432e+00,9.750441478318000454e-01,-4.234497991184900201e+01
1.060000038147000012e+01,3.488330485948300252e-02,9.641880066122499926e+00,9.749680332194600174e-01,-4.259724973501400314e+01
1.066399955749499995e+01,3.496265845571600028e-02,9.384849046970000330e+00,9.748922372093800082e-01,-4.284953039546199705e+01
1.072799968719500008e+01,3.504156876885199806e-02,9.128329976780799271e+00,9.748166417523199678e-01,-4.310180896349100266e+01
1.079199981689500021e+01,3.512003930932199730e-02,8.872295379396099690e+00,9.747412737478999833e-01,-4.335411253488999961e+01
1.085599994659400025e+01,3.519807400030600109e-02,8.616720426297300506e+00,9.746662787902800051e-01,-4.360640390519400000e+01
1.092000007629400038e+01,3.527568813425500244e-02,8.361579526127099982e+00,9.745915609783299960e-01,-4.385870244191399792e+01
1.098400020599400051e+01,3.535288158459899688e-02,8.106841487980400274e+00,9.745169923303800275e-01,-4.411101023207100269e+01
1.104800033569300055e+01,3.542967394696899808e-02,7.852483246254699623e+00,9.744426563498199689e-01,-4.436332715495999679e+01
1.111200046539300068e+01,3.550605839479299697e-02,7.598479152959500382e+00,9.743684262695799791e-01,-4.461564548505800332e+01
1.117599964141800051e+01,3.558203950285499656e-02,7.344802798366400154e+00,9.742944672146800489e-01,-4.486797005854700160e+01
1.123999977111800064e+01,3.565762956159600205e-02,7.091428156842500385e+00,9.742207342217600319e-01,-4.512029317303500164e+01
1.130399990081800077e+01,3.573283372435399896e-02,6.838331952097299826e+00,9.741470551674900058e-01,-4.537262457056100118e+01
1.136800003051799912e+01,3.580764965443299780e-02,6.585488927340000131e+00,9.740736375133299818e-01,-4.562496153442499747e+01
1.143200016021699916e+01,3.588207902331100319e-02,6.332874800523899950e+00,9.740002674098200419e-01,-4.587730646950900137e+01
1.149600028991699929e+01,3.595612752372399912e-02,6.080466757293099711e+00,9.739269396000099777e-01,-4.612965432088400064e+01
1.156000041961699942e+01,3.602979722710800137e-02,5.828241458211599557e+00,9.738537743721700224e-01,-4.638200233691500074e+01
1.162399959564199925e+01,3.610309041522399842e-02,5.576176175762699749e+00,9.737808089687499669e-01,-4.663435273876500275e+01
1.168799972534199938e+01,3.617600582200600212e-02,5.324248602412300357e+00,9.737078689404800036e-01,-4.688670563785200329e+01
1.175199985504199951e+01,3.624854240311099762e-02,5.072437296247899852e+00,9.736348637696700115e-01,-4.713906114032499772e+01
1.181599998474099955e+01,3.632069934547899753e-02,4.820722040205800418e+00,9.735620359740699836e-01,-4.739141366073499739e+01
1.188000011444099968e+01,3.639247969151600259e-02,4.569081903530800126e+00,9.734893449102000051e-01,-4.764377550639299841e+01
1.194400024414099981e+01,3.646387549190800020e-02,4.317497139252999716e+00,9.734166078299899549e-01,-4.789613710580999850e+01
1.200800037383999985e+01,3.653489390279399812e-02,4.065948074352100150e+00,9.733437719706700131e-01,-4.814849609722300272e+01
1.207199954986599977e+01,3.660552732429400019e-02,3.814415817109599871e+00,9.732710855017799867e-01,-4.840085657173300149e+01
1.213599967956499981e+01,3.667577583242000172e-02,3.562882835730799780e+00,9.731983714466500013e-01,-4.865321899097399694e+01
1.219999980926499994e+01,3.674563220310800293e-02,3.311332370558400129e+00,9.731258558898100430e-01,-4.890556745436899888e+01
1.226399993896500007e+01,3.681509677099600170e-02,3.059746573035400097e+00,9.730531360990000156e-01,-4.915792830350999765e+01
1.232800006866500020e+01,3.688416262990899808e-02,2.808110070801499880e+00,9.729805149552800403e-01,-4.941028032454899943e+01
1.239200019836400024e+01,3.695283041891900266e-02,2.556406318506499797e+00,9.729077870333500133e-01,-4.966263676726899945e+01
1.245600032806400037e+01,3.702108607069100332e-02,2.304621772488899989e+00,9.728352110951999920e-01,-4.991497886597900191e+01
1.252000045776400050e+01,3.708893795032199708e-02,2.052741141333399799e+00,9.727624214347799780e-01,-5.016732577123700310e+01
1.258399963378900033e+01,3.715637221828199666e-02,1.800751401245999972e+00,9.726896972291100285e-01,-5.041967349105100027e+01
1.264799976348900046e+01,3.722338259371200248e-02,1.548639780022299961e+00,9.726169555420099977e-01,-5.067200488104300149e+01
1.271199989318800050e+01,3.728996662205800311e-02,1.296393957182699896e+00,9.725441312860999554e-01,-5.092434017976800220e+01
1.277600002288800063e+01,3.735612194267300123e-02,1.044002200415800052e+00,9.724712691829200395e-01,-5.117666406379299815e+01
1.284000015258800076e+01,3.742183510702699889e-02,7.914536856410400167e-01,9.723984933499899563e-01,-5.142898309026700332e+01
1.290400028228799911e+01,3.748710391944599929e-02,5.387381022402399910e-01,9.723256021407900018e-01,-5.168128844238899688e+01
1.296800041198699915e+01,3.755191880118399772e-02,2.858461435828700270e-01,9.722525458336900295e-01,-5.193360542710799876e+01
1.303199958801300085e+01,3.761627767764200159e-02,3.276865514320800171e-02,9.721795840661699994e-01,-5.218590208212400228e+01
1.309599971771200089e+01,3.768016734668500067e-02,-2.205025710215400003e-01,9.721066104811399988e-01,-5.243819650601999882e+01
1.315999984741199924e+01,3.774358209313199986e-02,-4.739752392193399833e-01,9.720335396341599488e-01,-5.269047670035099884e+01
1.322399997711199937e+01,3.780652367825099863e-02,-7.276562123095100532e-01,9.719604481277199781e-01,-5.294274694540899873e+01
1.328800010681199950e+01,3.786897525342299703e-02,-9.815519600062899697e-01,9.718872823069699685e-01,-5.319501004334699701e+01
1.335200023651099954e+01,3.793093487737300012e-02,-1.235668202110800085e+00,9.718140599855099593e-01,-5.344726320443400169e+01
1.341600036621099967e+01,3.799238942791299811e-02,-1.490010133724400054e+00,9.717408810932599561e-01,-5.369950286585500265e+01
1.347999954223599950e+01,3.805332949151900290e-02,-1.744582253328899935e+00,9.716675022103099524e-01,-5.395174111294500108e+01
1.354399967193599963e+01,3.811375681371199919e-02,-1.999388598975800013e+00,9.715941633582999559e-01,-5.420396303511299863e+01
1.360799980163599976e+01,3.817365446482200164e-02,-2.254432394381599813e+00,9.715207740129200298e-01,-5.445617430543200044e+01
1.367199993133499980e+01,3.823302411258600042e-02,-2.509716500701999919e+00,9.714473482953800421e-01,-5.470837208107599992e+01
1.373600006103499993e+01,3.829185244513100272e-02,-2.765242784919700103e+00,9.713740163521099591e-01,-5.496054976273499904e+01
1.380000019073500006e+01,3.835012983121700164e-02,-3.021013244924299901e+00,9.713005700387500330e-01,-5.521271681262300035e+01
1.386400032043500019e+01,3.840784657322499768e-02,-3.277029510996400052e+00,9.712269356829600353e-01,-5.546488399818699833e+01
1.392800045013400023e+01,3.846500403250800032e-02,-3.533291306390899944e+00,9.711534453405700207e-01,-5.571702729660000131e+01
1.399199962616000015e+01,3.852159231039700010e-02,-3.789798636837700130e+00,9.710799404619100406e-01,-5.596915825292099811e+01
1.405599975585900019e+01,3.857760145820700315e-02,-4.046552198431999869e+00,9.710063486162999746e-01,-5.622127492700199980e+01
1.411999988555900032e+01,3.863302500769599801e-02,-4.303549172157800307e+00,9.709328113386099801e-01,-5.647337541450799847e+01
1.418400001525900045e+01,3.868784910795899923e-02,-4.560790636729300296e+00,9.708591889106700235e-01,-5.672546363441600192e+01
1.424800014495800049e+01,3.874207452300700016e-02,-4.818273175722099566e+00,9.707856197858399927e-01,-5.697752491874899761e+01
1.431200027465800062e+01,3.879569448073000304e-02,-5.075994427338300419e+00,9.707120509897300131e-01,-5.722958756473700248e+01
1.437600040435800075e+01,3.884869466687899953e-02,-5.333952983571199624e+00,9.706384841351499704e-01,-5.748162326165599723e+01
1.443999958038300058e+01,3.890107543778399679e-02,-5.592144742355800169e+00,9.705649015703800009e-01,-5.773365739505700134e+01
1.450399971008300071e+01,3.895283324527899771e-02,-5.850565231452399928e+00,9.704912993087599915e-01,-5.798566165828000152e+01
1.456799983978300084e+01,3.900394581371000036e-02,-6.109212067734699936e+00,9.704177755341499845e-01,-5.823765732609000167e+01
1.463199996948200088e+01,3.905442055943399854e-02,-6.368081076497300153e+00,9.703443082492000382e-01,-5.848962385190299784e+01
1.469600009918199923e+01,3.910424596745799841e-02,-6.627167408630000089e+00,9.702707525984599624e-01,-5.874158594172200054e+01
1.476000022888199936e+01,3.915341402422699985e-02,-6.886465291549099810e+00,9.701973852463300352e-01,-5.899352772405300271e+01
1.482400035858199949e+01,3.920192782412600108e-02,-7.145969263776500213e+00,9.701239320802800270e-01,-5.924545277274700084e+01
1.488799953460699932e+01,3.924976802289299738e-02,-7.405676741033300203e+00,9.700504975174699673e-01,-5.949736174517799725e+01
1.495199966430699945e+01,3.929694087898699673e-02,-7.665579319127400204e+00,9.699772243907700542e-01,-5.974924428936999732e+01
1.501599979400599949e+01,3.934344132403599925e-02,-7.925670113895000313e+00,9.699039838746500442e-01,-6.000111734339100167e+01
1.507999992370599962e+01,3.938925667438000072e-02,-8.185943350660199513e+00,9.698307701446799989e-01,-6.025298575003100154e+01
1.514400005340599975e+01,3.943438541298399658e-02,-8.446393977197100611e+00,9.697575244857999932e-01,-6.050482423141299648e+01
1.520800018310499979e+01,3.947881807976499902e-02,-8.707014700572399235e+00,9.696845922451899913e-01,-6.075664338923800045e+01
1.527200031280499992e+01,3.952255606986999903e-02,-8.967796050728399138e+00,9.696115948070700430e-01,-6.100844376192799956e+01
1.533600044250500005e+01,3.956559748495799833e-02,-9.228734816770000293e+00,9.695387620066600043e-01,-6.126023394920699872e+01
1.539999961852999988e+01,3.960793561855099898e-02,-9.489820164865699681e+00,9.694659680917300237e-01,-6.151199480439800027e+01
1.546399974823000001e+01,3.964956408384800318e-02,-9.751046186932100568e+00,9.693932898785999619e-01,-6.176374391558400134e+01
1.552799987793000014e+01,3.969048357810799760e-02,-1.001240469387300003e+01,9.693207243720399768e-01,-6.201547817765799664e+01
1.559200000762900018e+01,3.973068343312199935e-02,-1.027388912116500030e+01,9.692481868117800436e-01,-6.226719596424999992e+01
1.565600013732900031e+01,3.977016744829400124e-02,-1.053548934029100081e+01,9.691758697576400294e-01,-6.251890230077199817e+01
1.572000026702900044e+01,3.980893196144499879e-02,-1.079719788240799971e+01,9.691035717216700540e-01,-6.277057809868500016e+01
1.578400039672900057e+01,3.984697685938799749e-02,-1.105900708311999914e+01,9.690315198448099521e-01,-6.302224721176399669e+01
1.584799957275400040e+01,3.988429406606400218e-02,-1.132090817908600044e+01,9.689595232193100038e-01,-6.327389693579100083e+01
1.591199970245400053e+01,3.992088698714899714e-02,-1.158289471414600058e+01,9.688877202487099494e-01,-6.352552261000700184e+01
1.597599983215300057e+01,3.995675059325300149e-02,-1.184495586725699923e+01,9.688160624378200358e-01,-6.377713367875600170e+01
1.604000091552699914e+01,3.999188423133299974e-02,-1.210708643260199935e+01,9.687444240743200430e-01,-6.402874126065199789e+01
1.610400009155300083e+01,4.002628223996299722e-02,-1.236927460705200055e+01,9.686730445413800350e-01,-6.428031213722799464e+01
1.616799926757800066e+01,4.005995487027499968e-02,-1.263151455033600001e+01,9.686018018187699807e-01,-6.453188104310200401e+01
1.623200035095199922e+01,4.009289216323899674e-02,-1.289379447044299987e+01,9.685307871784899492e-01,-6.478342419845999700e+01
1.629599952697800092e+01,4.012509669260599932e-02,-1.315611092833700013e+01,9.684598743723800141e-01,-6.503495277624999460e+01
1.636000061035199948e+01,4.015656552673099733e-02,-1.341845135042500026e+01,9.683891605704799677e-01,-6.528646661193900513e+01
1.642399978637699931e+01,4.018730062569800254e-02,-1.368081108084700048e+01,9.683186389253900517e-01,-6.553797039715000494e+01
1.648800086975100143e+01,4.021730627384299817e-02,-1.394317773333600030e+01,9.682482682520100470e-01,-6.578945628545099567e+01
1.655200004577600126e+01,4.024657994968799946e-02,-1.420554532785799928e+01,9.681781257420000175e-01,-6.604091772192599308e+01
1.661599922180199940e+01,4.027511510594600219e-02,-1.446790802768700068e+01,9.681081371688800008e-01,-6.629237693902300066e+01
1.668000030517600152e+01,4.030292710153399877e-02,-1.473025468170600050e+01,9.680382840636100328e-01,-6.654382290814800172e+01
1.674399948120100134e+01,4.033000152980299735e-02,-1.499258090399299981e+01,9.679687321792800336e-01,-6.679524554339299414e+01
1.680800056457499991e+01,4.035635281644200240e-02,-1.525487285032700058e+01,9.678993133337699950e-01,-6.704666269482200391e+01
1.687199974060100161e+01,4.038197455665899771e-02,-1.551712992581800066e+01,9.678301033370699802e-01,-6.729806770775799407e+01
1.693600082397500017e+01,4.040687330218999812e-02,-1.577933961098799998e+01,9.677610996488800188e-01,-6.754944625791800661e+01
1.700000000000000000e+01,4.043104868696899973e-02,-1.604149470834299862e+01,9.676923346186999675e-01,-6.780082499347899727e+01
1.706399917602499983e+01,4.045450424082300267e-02,-1.630358910141000095e+01,9.676236286608199677e-01,-6.805218724246900308e+01
1.712800025939899839e+01,4.047724383581199903e-02,-1.656561912509399903e+01,9.675553063798599807e-01,-6.830352661824099414e+01
1.719199943542500009e+01,4.049926162916100275e-02,-1.682757272308100127e+01,9.674871839176200083e-01,-6.855486443699599874e+01
1.725600051879899866e+01,4.052056931487699881e-02,-1.708944818642899932e+01,9.674191985386300097e-01,-6.880618509583500497e+01
1.731999969482399848e+01,4.054116801030199779e-02,-1.735123156748700168e+01,9.673515656995500533e-01,-6.905749837061699736e+01
1.738400077819800060e+01,4.056106136243099736e-02,-1.761292145139099929e+01,9.672840362624299804e-01,-6.930880713560499373e+01
1.744799995422399874e+01,4.058024848882500063e-02,-1.787451418307000139e+01,9.672167827870099543e-01,-6.956008802373999345e+01
1.751199913024899857e+01,4.059874222341899874e-02,-1.813599833245099902e+01,9.671497533213500031e-01,-6.981137294495499646e+01
1.757600021362300069e+01,4.061653334721999908e-02,-1.839736960677300104e+01,9.670829756193199955e-01,-7.006264091429299867e+01
1.763999938964800052e+01,4.063363633894399862e-02,-1.865862505869700172e+01,9.670163764178399957e-01,-7.031389704069300706e+01
1.770400047302199908e+01,4.065005224197199701e-02,-1.891975529028200143e+01,9.669499431388900446e-01,-7.056513651561300549e+01
1.776799964904800078e+01,4.066577957877900301e-02,-1.918075755765099899e+01,9.668838694428799618e-01,-7.081639435563900520e+01
1.783200073242199934e+01,4.068082499756799780e-02,-1.944163059549899941e+01,9.668179774394799475e-01,-7.106760800113499954e+01
1.789599990844699917e+01,4.069520303508399744e-02,-1.970235777011199829e+01,9.667522595340599656e-01,-7.131883631709999349e+01
1.795999908447300086e+01,4.070890244107899791e-02,-1.996294625560999947e+01,9.666868570084999890e-01,-7.157003652132100058e+01
1.802400016784699943e+01,4.072193927801900232e-02,-2.022338652649499835e+01,9.666215465111599459e-01,-7.182125179684099692e+01
1.808799934387199926e+01,4.073431607472099980e-02,-2.048367842488200097e+01,9.665566433880300456e-01,-7.207245210128600377e+01
1.815200042724600138e+01,4.074603228847600150e-02,-2.074381068137099859e+01,9.664917822333299879e-01,-7.232363887486799570e+01
1.821599960327100121e+01,4.075709561605200121e-02,-2.100378848463699910e+01,9.664272802036599774e-01,-7.257482663372799436e+01
1.828000068664600164e+01,4.076751728677099895e-02,-2.126360079816500104e+01,9.663629857136799561e-01,-7.282600055982699416e+01
1.834399986267100147e+01,4.077729266922799911e-02,-2.152325197205999885e+01,9.662988491306400141e-01,-7.307717377149400306e+01
1.840800094604500003e+01,4.078642920037200276e-02,-2.178273259839100007e+01,9.662348955199200340e-01,-7.332833303098300348e+01
1.847200012206999986e+01,4.079493309176499688e-02,-2.204204350987100014e+01,9.661712564416500282e-01,-7.357949280059999353e+01
1.853599929809600155e+01,4.080281391583599759e-02,-2.230118336449200100e+01,9.661078890481600290e-01,-7.383064041649599574e+01
1.860000038147000012e+01,4.081007032131499929e-02,-2.256014127793800128e+01,9.660445747804300431e-01,-7.408179895103900492e+01
1.866399955749499995e+01,4.081670758563200191e-02,-2.281892927135899996e+01,9.659815795790900328e-01,-7.433292989442999499e+01
1.872800064086899852e+01,4.082274000990900042e-02,-2.307753535962400093e+01,9.659188328308400129e-01,-7.458406432384900597e+01
1.879199981689500021e+01,4.082815770389899845e-02,-2.333596166662099947e+01,9.658562015550500313e-01,-7.483520843515699994e+01
1.885600090026899878e+01,4.083298175289200305e-02,-2.359420576883600162e+01,9.657937997915599926e-01,-7.508632761578300574e+01
1.892000007629399860e+01,4.083720815645999758e-02,-2.385226301706099861e+01,9.657316561363099572e-01,-7.533745998500600649e+01
1.898399925231899843e+01,4.084084301396599670e-02,-2.411014816180399833e+01,9.656696619122300262e-01,-7.558857839044300420e+01
1.904800033569300055e+01,4.084389610759599915e-02,-2.436783619218099872e+01,9.656079515460600504e-01,-7.583969785106499728e+01
1.911199951171899869e+01,4.084636319471399851e-02,-2.462534794305799934e+01,9.655463629826599448e-01,-7.609081698719600695e+01
1.917600059509300081e+01,4.084825916709099863e-02,-2.488267470243900092e+01,9.654849705333700127e-01,-7.634192162498300149e+01
1.923999977111800064e+01,4.084958939143699952e-02,-2.513981637490899956e+01,9.654237326588299695e-01,-7.659304048160500145e+01
1.930400085449199921e+01,4.085035498398700143e-02,-2.539677257492400031e+01,9.653627783790199590e-01,-7.684414553804100478e+01
1.936800003051800090e+01,4.085055777839100011e-02,-2.565354520772699942e+01,9.653018792209699939e-01,-7.709523564949499530e+01
1.943199920654300072e+01,4.085020869229000207e-02,-2.591013857947699961e+01,9.652413054252799718e-01,-7.734635554200100671e+01
1.949600028991699929e+01,4.084930699928900066e-02,-2.616654722559299984e+01,9.651808061251899717e-01,-7.759744669124999916e+01
1.955999946594199912e+01,4.084786763203800131e-02,-2.642277506622900063e+01,9.651206463317300033e-01,-7.784853908460600280e+01
1.962400054931600124e+01,4.084588883110099738e-02,-2.667882565737599876e+01,9.650604365441100008e-01,-7.809964329089399371e+01
1.968799972534199938e+01,4.084337128034200293e-02,-2.693469786731800042e+01,9.650004629055299876e-01,-7.835073425770100641e+01
1.975200080871600150e+01,4.084032313893699861e-02,-2.719039974524299907e+01,9.649407485227899928e-01,-7.860182599614199717e+01
1.981599998474100133e+01,4.083675821427999730e-02,-2.744592027942600154e+01,9.648811419885700014e-01,-7.885293130902600467e+01
1.987999916076699947e+01,4.083267047046799936e-02,-2.770127434046800019e+01,9.648215501140700034e-01,-7.910400881439500154e+01
1.994400024414100159e+01,4.082806694450599738e-02,-2.795645542993599975e+01,9.647622893398200006e-01,-7.935511377812299827e+01
2.000799942016600141e+01,4.082295235091300267e-02,-2.821147329859400088e+01,9.647031804427099733e-01,-7.960619209620199399e+01
2.007200050353999998e+01,4.081733356262400025e-02,-2.846632107183399896e+01,9.646441542849399919e-01,-7.985726850899099816e+01
2.013599967956499981e+01,4.081121106954899852e-02,-2.872100837917000149e+01,9.645853120521999946e-01,-8.010837401429000693e+01
2.020000076293899838e+01,4.080459047312499921e-02,-2.897554685107800054e+01,9.645265919501699869e-01,-8.035945158241899833e+01
2.026399993896500007e+01,4.079747576362099948e-02,-2.922992229813500131e+01,9.644679639783899638e-01,-8.061055687571999329e+01
2.032799911498999990e+01,4.078986736740999874e-02,-2.948414405957899831e+01,9.644094158044299592e-01,-8.086163352733099430e+01
2.039200019836399846e+01,4.078177823228500143e-02,-2.973822046551699927e+01,9.643511116429900332e-01,-8.111271210070999871e+01
2.045599937439000016e+01,4.077320421019699909e-02,-2.999214921276499979e+01,9.642928185850400125e-01,-8.136381664158099625e+01
2.052000045776399872e+01,4.076415218102900223e-02,-3.024593410211100064e+01,9.642346829668599906e-01,-8.161489415391299929e+01
2.058399963378899855e+01,4.075462258160900131e-02,-3.049958405128599992e+01,9.641766959209999710e-01,-8.186599942640900451e+01
2.064800071716300067e+01,4.074462454278000162e-02,-3.075309765782100158e+01,9.641188205716599846e-01,-8.211707694178200256e+01
2.071199989318800050e+01,4.073415848790500060e-02,-3.100648360479500099e+01,9.640609945349200016e-01,-8.236815513266499522e+01
2.077599906921399864e+01,4.072322738336500020e-02,-3.125973614374400000e+01,9.640032893520500412e-01,-8.261925989516400648e+01
2.084000015258800076e+01,4.071183354418399930e-02,-3.151286830756999890e+01,9.639456526933699587e-01,-8.287036520131799477e+01
2.090399932861300059e+01,4.069997545834899699e-02,-3.176588413942900146e+01,9.638881440655899802e-01,-8.312141559980800309e+01
2.096800041198699915e+01,4.068765988891200058e-02,-3.201878658284000068e+01,9.638306631502400190e-01,-8.337252089225999896e+01
2.103199958801300085e+01,4.067489572273000342e-02,-3.227157336987699665e+01,9.637733318418499895e-01,-8.362362602053599403e+01
2.109600067138699941e+01,4.066167490740100338e-02,-3.252426334245600259e+01,9.637161552710199475e-01,-8.387473128803000577e+01
2.115999984741199924e+01,4.064801058442100296e-02,-3.277684396877099715e+01,9.636589949431799695e-01,-8.412578133998999874e+01
2.122400093078600136e+01,4.063389271534000036e-02,-3.302932965915999830e+01,9.636018415513599722e-01,-8.437688606957699733e+01
2.128800010681199950e+01,4.061933522103799987e-02,-3.328171927566199884e+01,9.635448572389000432e-01,-8.462799152649300538e+01
2.135199928283699933e+01,4.060433228049099841e-02,-3.353402654200100130e+01,9.634877716496700328e-01,-8.487904181270700121e+01
2.141600036621100145e+01,4.058888642059200330e-02,-3.378624488474100218e+01,9.634309569720800326e-01,-8.513014739949500154e+01
2.147999954223600128e+01,4.057299805762600020e-02,-3.403839172789400180e+01,9.633740871856399934e-01,-8.538125172175099920e+01
2.154400062560999984e+01,4.055667580298299990e-02,-3.429045444605299764e+01,9.633173415382999538e-01,-8.563235736400800135e+01
2.160799980163600154e+01,4.053991798304300287e-02,-3.454244592821000026e+01,9.632606124957500127e-01,-8.588340773300099329e+01
2.167200088501000010e+01,4.052272302048499919e-02,-3.479437910400500300e+01,9.632039444717900301e-01,-8.613451314748300547e+01
2.173600006103499993e+01,4.050509521613199909e-02,-3.504624189785700139e+01,9.631473515231500082e-01,-8.638561778652399425e+01
2.179999923706100162e+01,4.048703206389699799e-02,-3.529805453006500215e+01,9.630907687820500218e-01,-8.663666825580600062e+01
2.186400032043500019e+01,4.046853881878099968e-02,-3.554980694702499733e+01,9.630342059284100475e-01,-8.688777332186199942e+01
2.192799949646000002e+01,4.044961390856700173e-02,-3.580151197536400076e+01,9.629776627901599495e-01,-8.713887807228100257e+01
2.199200057983399859e+01,4.043025284456199658e-02,-3.605318559295299963e+01,9.629211606598300222e-01,-8.738995587281100086e+01
2.205599975585899841e+01,4.041046156501500175e-02,-3.630481024144999935e+01,9.628647947848499866e-01,-8.764103373125399798e+01
2.212000083923300053e+01,4.039025493658299909e-02,-3.655639466032400264e+01,9.628084460635499831e-01,-8.789211167237999689e+01
2.218400001525899867e+01,4.036960688338799702e-02,-3.680795772998799720e+01,9.627520400949499679e-01,-8.814321666018200574e+01
2.224799919128399850e+01,4.034853312129500075e-02,-3.705947437185100313e+01,9.626958593867900316e-01,-8.839426708621999751e+01
2.231200027465800062e+01,4.032703022651200342e-02,-3.731096265722599981e+01,9.626395494785899842e-01,-8.864537224084899947e+01
2.237599945068399876e+01,4.030509447852299865e-02,-3.756247466650199840e+01,9.625832075851700198e-01,-8.889644988440700502e+01
2.244000053405800088e+01,4.028273393956700171e-02,-3.781393628470799939e+01,9.625269980462000108e-01,-8.914752769263000687e+01
2.250399971008300071e+01,4.025994258098099937e-02,-3.806539537833700138e+01,9.624707450465800340e-01,-8.939857811895400630e+01
2.256800079345699928e+01,4.023672218780500326e-02,-3.831682762521099761e+01,9.624145511153100463e-01,-8.964968323750200341e+01
2.263199996948199910e+01,4.021307060139799744e-02,-3.856828733283700217e+01,9.623583685423999778e-01,-8.990076098698999374e+01
2.269599914550800079e+01,4.018898780337300247e-02,-3.881972155679500247e+01,9.623022479724500089e-01,-9.015181143560400301e+01
2.276000022888199936e+01,4.016447665045499993e-02,-3.907115520010400189e+01,9.622460673452599700e-01,-9.040288919373099930e+01
2.282399940490699919e+01,4.013953291420999797e-02,-3.932264232866199904e+01,9.621899430373600515e-01,-9.065396693797100625e+01
2.288800048828100131e+01,4.011415668913399790e-02,-3.957410168524000227e+01,9.621338565815999999e-01,-9.090499004214800038e+01
2.295199966430699945e+01,4.008834798555899886e-02,-3.982556155726199876e+01,9.620777689850400494e-01,-9.115606772564200355e+01
2.301600074768100157e+01,4.006210709697399786e-02,-4.007705028833500194e+01,9.620215942876599868e-01,-9.140711829041299552e+01
2.307999992370600140e+01,4.003542873613000208e-02,-4.032853696441399904e+01,9.619655730406400096e-01,-9.165816866902099491e+01
2.314399909973100122e+01,4.000831684538899702e-02,-4.058008070170200199e+01,9.619095364397900472e-01,-9.190924653839300618e+01
2.320800018310499979e+01,3.998076894845099816e-02,-4.083159420314400023e+01,9.618534326705000526e-01,-9.216026958799000113e+01
2.327199935913100148e+01,3.995278100439399876e-02,-4.108319252564000124e+01,9.617974805326799936e-01,-9.241131995184500170e+01
2.333600044250500005e+01,3.992435275410700229e-02,-4.133478869481899665e+01,9.617413984677100069e-01,-9.266234313728000416e+01
2.339999961852999988e+01,3.989549095287400066e-02,-4.158638525502500016e+01,9.616853991662800416e-01,-9.291339361730300084e+01
2.346400070190399845e+01,3.986618085858600197e-02,-4.183806249392600307e+01,9.616293711185299742e-01,-9.316441673077500241e+01
2.352799987793000014e+01,3.983643143026999872e-02,-4.208974173449099965e+01,9.615733557521000119e-01,-9.341546739449499626e+01
2.359199905395499997e+01,3.980623882539399694e-02,-4.234150436633400005e+01,9.615174113313099680e-01,-9.366649037616400619e+01
2.365600013732899853e+01,3.977560110428700335e-02,-4.259326316657799794e+01,9.614614955484600545e-01,-9.391751327130900506e+01
2.371999931335399836e+01,3.974451728957500291e-02,-4.284505241088000105e+01,9.614054480763000177e-01,-9.416850973007899483e+01
2.378400039672899879e+01,3.971298302511400147e-02,-4.309689680703200310e+01,9.613495965736700288e-01,-9.441955950472700465e+01
2.384799957275399862e+01,3.968100532822600029e-02,-4.334879126613599709e+01,9.612935583748599688e-01,-9.467055600437400642e+01
2.391200065612800074e+01,3.964857419346300149e-02,-4.360071657648799714e+01,9.612376275430899453e-01,-9.492155208320899362e+01
2.397599983215300057e+01,3.961568926861899764e-02,-4.385269591648300036e+01,9.611817932268299502e-01,-9.517254716759700273e+01
2.404000091552699914e+01,3.958234580592000229e-02,-4.410469142155599798e+01,9.611259514447400010e-01,-9.542355772590499896e+01
2.410400009155300083e+01,3.954856291569600057e-02,-4.435674766605399810e+01,9.610700826743100444e-01,-9.567454049693600382e+01
2.416799926757800066e+01,3.951431436209899839e-02,-4.460884921864600017e+01,9.610142404091800428e-01,-9.592553610526900343e+01
2.423200035095199922e+01,3.947961183478600200e-02,-4.486099095154600036e+01,9.609584030878299821e-01,-9.617650436039200201e+01
2.429599952697800092e+01,3.944444716274599777e-02,-4.511318851367899896e+01,9.609026303902700183e-01,-9.642748627277400431e+01
2.436000061035199948e+01,3.940882534915200047e-02,-4.536543088008299662e+01,9.608468001878700537e-01,-9.667845481133400654e+01
2.442399978637699931e+01,3.937273941100700309e-02,-4.561771661997700278e+01,9.607910762730800247e-01,-9.692940958064299650e+01
2.448800086975100143e+01,3.933619540819500299e-02,-4.587004034018700338e+01,9.607352610781799696e-01,-9.718037825013000486e+01
2.455200004577600126e+01,3.929919027922400276e-02,-4.612241400480900211e+01,9.606795258802199866e-01,-9.743133390755400569e+01
2.461599922180199940e+01,3.926171288485100219e-02,-4.637483459610400160e+01,9.606238511840600180e-01,-9.768227513952800223e+01
2.468000030517600152e+01,3.922377311937799704e-02,-4.662730233535599922e+01,9.605682516991399522e-01,-9.793321551569100336e+01
2.474399948120100134e+01,3.918536865812499714e-02,-4.687980427571800135e+01,9.605125051431799843e-01,-9.818414371416000108e+01
2.480800056457499991e+01,3.914649110428999879e-02,-4.713235672451600067e+01,9.604569556140200026e-01,-9.843508403837300591e+01
2.487199974060100161e+01,3.910714721173400021e-02,-4.738494830346900244e+01,9.604013727387500365e-01,-9.868599828508699545e+01
2.493600082397500017e+01,3.906733324223599785e-02,-4.763757583395000239e+01,9.603458731108299729e-01,-9.893693871643799298e+01
2.500000000000000000e+01,3.902704173469200011e-02,-4.789024615783299765e+01,9.602903871622200382e-01,-9.918783873512900584e+01
2.506399917602499983e+01,3.898628584799000013e-02,-4.814295303189800279e+01,9.602349422801700340e-01,-9.943873880665600495e+01
2.512800025939899839e+01,3.894505384672500292e-02,-4.839569781731500342e+01,9.601795021389000206e-01,-9.968965307522100261e+01
2.519199943542500009e+01,3.890334445725199958e-02,-4.864848118563499924e+01,9.601241121445099891e-01,-9.994053983986300693e+01
2.525600051879899866e+01,3.886116106067100118e-02,-4.890129167884499850e+01,9.600687121669500002e-01,-1.001914270110100063e+02
2.531999969482399848e+01,3.881850900105800195e-02,-4.915413499726999902e+01,9.600134033704800229e-01,-1.004423137460400000e+02
2.538400077819800060e+01,3.877537482966200016e-02,-4.940701104348200090e+01,9.599582249793999766e-01,-1.006931988816800043e+02
2.544799995422399874e+01,3.873176297653400241e-02,-4.965991007249400013e+01,9.599029607588700497e-01,-1.009440587874999977e+02
2.551199913024899857e+01,3.868768098406900197e-02,-4.991283349098200262e+01,9.598478502517799882e-01,-1.011949180808600062e+02
2.557600021362300069e+01,3.864311916837499805e-02,-5.016578283841400321e+01,9.597927390680399684e-01,-1.014457905446799941e+02
2.563999938964800052e+01,3.859807946997399764e-02,-5.041875629014099758e+01,9.597377129084599945e-01,-1.016966354214700061e+02
2.570400047302199908e+01,3.855255797241900068e-02,-5.067174492747199821e+01,9.596827729090100512e-01,-1.019474946103299970e+02
2.576799964904800078e+01,3.850656449799900322e-02,-5.092474954758999672e+01,9.596278141143199658e-01,-1.021983268839299939e+02
2.583200073242199934e+01,3.846009280955200310e-02,-5.117776930576800254e+01,9.595729082810200428e-01,-1.024491587841699953e+02
2.589599990844699917e+01,3.841313775076900250e-02,-5.143080132555500228e+01,9.595180363144999447e-01,-1.026999907382100048e+02
2.595999908447300086e+01,3.836570452521999991e-02,-5.168384100075999754e+01,9.594633598441899558e-01,-1.029508225335899994e+02
2.602400016784699943e+01,3.831779999461300268e-02,-5.193688917100899971e+01,9.594085727969100530e-01,-1.032016283422699985e+02
2.608799934387199926e+01,3.826941281784500271e-02,-5.218993599009900208e+01,9.593540408531500141e-01,-1.034524452302299977e+02
2.615200042724600138e+01,3.822054918710000165e-02,-5.244299226418299753e+01,9.592994630172599901e-01,-1.037032492084399991e+02
2.621599960327100121e+01,3.817120843637999972e-02,-5.269603615455500289e+01,9.592449423502500405e-01,-1.039540416744300018e+02
2.628000068664600164e+01,3.812139433697799701e-02,-5.294908268073100288e+01,9.591905504988400555e-01,-1.042048455095199984e+02
2.634399986267100147e+01,3.807110366142699848e-02,-5.320211430962699950e+01,9.591362223180099900e-01,-1.044556360870700047e+02
2.640800094604500003e+01,3.802033672674699771e-02,-5.345513870699100067e+01,9.590819910307299967e-01,-1.047064129533600010e+02
2.647200012206999986e+01,3.796909748243999794e-02,-5.370814662262600336e+01,9.590277704691799743e-01,-1.049571904158499933e+02
2.653599929809600155e+01,3.791737983686600116e-02,-5.396114910713699686e+01,9.589737162081499733e-01,-1.052079808538299943e+02
2.660000038147000012e+01,3.786519585325300030e-02,-5.421411460272700111e+01,9.589195584224099456e-01,-1.054587305909199983e+02
2.666399955749499995e+01,3.781253745452899800e-02,-5.446706254057200169e+01,9.588655850487000087e-01,-1.057094949731399964e+02
2.672800064086899852e+01,3.775941267394800072e-02,-5.471998822092800197e+01,9.588116983784999992e-01,-1.059602581149700029e+02
2.679199981689500021e+01,3.770581401108000219e-02,-5.497288062881499826e+01,9.587579434718399574e-01,-1.062110090828099942e+02
2.685600090026899878e+01,3.765174800740699740e-02,-5.522574735092700138e+01,9.587041604877100109e-01,-1.064617590209399935e+02
2.692000007629399860e+01,3.759721575928300086e-02,-5.547857285384399972e+01,9.586504493384899739e-01,-1.067124960344099946e+02
2.698399925231899843e+01,3.754221902853199788e-02,-5.573135960049400239e+01,9.585969621183699774e-01,-1.069632313093199940e+02
2.704800033569300055e+01,3.748676266463200207e-02,-5.598410290572599735e+01,9.585435555519800088e-01,-1.072139664770199943e+02
2.711199951171899869e+01,3.743084312323000096e-02,-5.623680657239199832e+01,9.584901433782599955e-01,-1.074647022486600036e+02
2.717600059509300081e+01,3.737445578878199892e-02,-5.648946657063000032e+01,9.584368777534200134e-01,-1.077154255181000053e+02
2.723999977111800064e+01,3.731761554419799759e-02,-5.674207474180399657e+01,9.583837334588499735e-01,-1.079661488503000015e+02
2.730400085449199921e+01,3.726032258591099877e-02,-5.699461475898799989e+01,9.583305395551899863e-01,-1.082168577567500023e+02
2.736800003051800090e+01,3.720257114208300186e-02,-5.724711565077699760e+01,9.582775260391299676e-01,-1.084675655212000009e+02
2.743199920654300072e+01,3.714437144410200065e-02,-5.749954725584699844e+01,9.582246250423700484e-01,-1.087182875297900040e+02
2.749600028991699929e+01,3.708571542304899687e-02,-5.775192271597099847e+01,9.581717174079199539e-01,-1.089689857332199949e+02
2.755999946594199912e+01,3.702661088858200111e-02,-5.800421632203300248e+01,9.581189497873500160e-01,-1.092196805910899968e+02
2.762400054931600124e+01,3.696705738606800157e-02,-5.825646565387199871e+01,9.580662528006099743e-01,-1.094703763019300027e+02
2.768799972534199938e+01,3.690706644435400030e-02,-5.850863477275699864e+01,9.580137061766700324e-01,-1.097210701719899930e+02
2.775200080871600150e+01,3.684663463070000228e-02,-5.876072429719199874e+01,9.579612866489900513e-01,-1.099717635333699945e+02
2.781599998474100133e+01,3.678576357081599774e-02,-5.901273291068299898e+01,9.579088988962799478e-01,-1.102224460328099980e+02
2.787999916076699947e+01,3.672445040133599792e-02,-5.926468214996800299e+01,9.578565693217699906e-01,-1.104731274549299940e+02
2.794400024414100159e+01,3.666270775349299987e-02,-5.951653012453100189e+01,9.578043404075600176e-01,-1.107238096249599977e+02
2.800799942016600141e+01,3.660052790290099778e-02,-5.976831068259900093e+01,9.577522334880500532e-01,-1.109744909935299972e+02
2.807200050353999998e+01,3.653792671676799747e-02,-6.001999481386000213e+01,9.577002043672699916e-01,-1.112251600157299976e+02
2.813599967956499981e+01,3.647489658024499759e-02,-6.027159275647900216e+01,9.576482251347000485e-01,-1.114758277123300019e+02
2.820000076293899838e+01,3.641143776231300228e-02,-6.052310510595800253e+01,9.575963484072900211e-01,-1.117264975232299946e+02
2.826399993896500007e+01,3.634756191637299877e-02,-6.077451221110499802e+01,9.575445716951600517e-01,-1.119771645644500069e+02
2.832799911498999990e+01,3.628326598187400082e-02,-6.102583508136699919e+01,9.574930022858499923e-01,-1.122278308580199990e+02
2.839200019836399846e+01,3.621855396965700108e-02,-6.127705048274099653e+01,9.574415369084300353e-01,-1.124784958122800020e+02
2.845599937439000016e+01,3.615343024324500082e-02,-6.152818244030500239e+01,9.573899963888500286e-01,-1.127291666342299976e+02
2.852000045776399872e+01,3.608789857797799899e-02,-6.177920730979499808e+01,9.573384994039000340e-01,-1.129798102689999979e+02
2.858399963378899855e+01,3.602196048093599806e-02,-6.203011959873899883e+01,9.572872884134799865e-01,-1.132304755025400027e+02
2.864800071716300067e+01,3.595562134135599913e-02,-6.228092708311599779e+01,9.572360807235700264e-01,-1.134811276442299999e+02
2.871199989318800050e+01,3.588887481501999710e-02,-6.253164773459899806e+01,9.571849004433400365e-01,-1.137317843563599951e+02
2.877599906921399864e+01,3.582173590529699747e-02,-6.278224687092200185e+01,9.571338852080699677e-01,-1.139824252350500018e+02
2.884000015258800076e+01,3.575419981208499687e-02,-6.303273691629200215e+01,9.570829462750499728e-01,-1.142330787015300047e+02
2.890399932861300059e+01,3.568627017257700040e-02,-6.328311712761099983e+01,9.570320813285499995e-01,-1.144837319235300015e+02
2.896800041198699915e+01,3.561795806386700014e-02,-6.353338925759800304e+01,9.569812964295699720e-01,-1.147343736902100062e+02
2.903199958801300085e+01,3.554925452874300312e-02,-6.378355221577700007e+01,9.569304497659399944e-01,-1.149850164926399998e+02
2.909600067138699941e+01,3.548017178029699847e-02,-6.403360339665400147e+01,9.568798626731900292e-01,-1.152356560476499965e+02
2.915999984741199924e+01,3.541070719134299660e-02,-6.428351990761299817e+01,9.568292117214800552e-01,-1.154862981839700069e+02
2.922400093078600136e+01,3.534087193106900254e-02,-6.453334309086700671e+01,9.567788172501300314e-01,-1.157369384500500047e+02
2.928800010681199950e+01,3.527065814681300260e-02,-6.478303918246599835e+01,9.567285130393300419e-01,-1.159876020968799963e+02
2.935199928283699933e+01,3.520007476438299920e-02,-6.503262915066399330e+01,9.566782134136200266e-01,-1.162382427372299958e+02
2.941600036621100145e+01,3.512912930176299853e-02,-6.528209584071299787e+01,9.566278705595500087e-01,-1.164888843186199949e+02
2.947999954223600128e+01,3.505782017353400309e-02,-6.553145355243400161e+01,9.565776952448800108e-01,-1.167395252475999996e+02
2.954400062560999984e+01,3.498614220374100109e-02,-6.578068553352599679e+01,9.565276443809700435e-01,-1.169901654180000037e+02
2.960799980163600154e+01,3.491411646737400259e-02,-6.602979764669299811e+01,9.564775548893800217e-01,-1.172408064493099999e+02
2.967200088501000010e+01,3.484173040113999753e-02,-6.627879926082300699e+01,9.564275694769199809e-01,-1.174914466411100022e+02
2.973600006103499993e+01,3.476899703591800062e-02,-6.652766485652699657e+01,9.563775691490400410e-01,-1.177420621015800037e+02
2.979999923706100162e+01,3.469590509847000209e-02,-6.677644498989600663e+01,9.563276993069800280e-01,-1.179927053338499974e+02
2.986400032043500019e+01,3.462247668004100193e-02,-6.702507837555400272e+01,9.562779840846900026e-01,-1.182433682169900067e+02
2.992799949646000002e+01,3.454870419947300014e-02,-6.727360127663199307e+01,9.562282937578400199e-01,-1.184940109488999980e+02
2.999200057983399859e+01,3.447458991044499710e-02,-6.752202847368999983e+01,9.561786553161299995e-01,-1.187446494184799946e+02
3.005599975585899841e+01,3.440014161219699662e-02,-6.777031980004500156e+01,9.561289989170900228e-01,-1.189952885515500043e+02
3.012000083923300053e+01,3.432535475760500193e-02,-6.801850021437400073e+01,9.560793931340799690e-01,-1.192459041760100007e+02
3.018400001525899867e+01,3.425024160727600103e-02,-6.826657583452499978e+01,9.560297901627800021e-01,-1.194965475592299953e+02
3.024799919128399850e+01,3.417479597605300318e-02,-6.851451170460799744e+01,9.559803859534700132e-01,-1.197471860567899995e+02
3.031200027465800062e+01,3.409902556068600266e-02,-6.876234916438299649e+01,9.559309408267100405e-01,-1.199978283602099935e+02
3.037599945068399876e+01,3.402293320496699996e-02,-6.901008257238599697e+01,9.558816142247700265e-01,-1.202484674712799944e+02
3.044000053405800088e+01,3.394652528132899999e-02,-6.925768992573900107e+01,9.558322701658299447e-01,-1.204991086422800066e+02
3.050399971008300071e+01,3.386978908084799927e-02,-6.950521593177499824e+01,9.557830299937699614e-01,-1.207497481334399936e+02
3.056800079345699928e+01,3.379274982203799710e-02,-6.975260660847300187e+01,9.557337427997399937e-01,-1.210003897469999998e+02
3.063199996948199910e+01,3.371538851026299743e-02,-6.999989928734399314e+01,9.556845951114999460e-01,-1.212510293749299990e+02
3.069599914550800079e+01,3.363772043618200314e-02,-7.024708379142799686e+01,9.556354358278600358e-01,-1.215016708691100007e+02
3.076000022888199936e+01,3.355974781458599676e-02,-7.049417356997000184e+01,9.555863330616699569e-01,-1.217523122361899937e+02
3.082399940490699919e+01,3.348146319110399671e-02,-7.074115259733399341e+01,9.555373918816399970e-01,-1.220029752776499947e+02
3.088800048828100131e+01,3.340288265569200249e-02,-7.098802396233699596e+01,9.554883206277600127e-01,-1.222536166271300004e+02
3.095199966430699945e+01,3.332399453554300145e-02,-7.123481123782900681e+01,9.554392724176800078e-01,-1.225042562554999961e+02
3.101600074768100157e+01,3.324481213596999774e-02,-7.148149187165900287e+01,9.553902947089100151e-01,-1.227548970081499959e+02
3.107999992370600140e+01,3.316533207800999999e-02,-7.172808749787999716e+01,9.553413205188500124e-01,-1.230055376316900038e+02
3.114399909973100122e+01,3.308555923110399755e-02,-7.197457705583200038e+01,9.552923973752599496e-01,-1.232561809606099956e+02
3.120800018310499979e+01,3.300549025436699813e-02,-7.222098218466200592e+01,9.552433751705700082e-01,-1.235068247833600026e+02
3.127199935913100148e+01,3.292513582316199811e-02,-7.246729158933099768e+01,9.551944995074900246e-01,-1.237574640422700014e+02
3.133600044250500005e+01,3.284448998012799714e-02,-7.271352026969300653e+01,9.551456867323200317e-01,-1.240081282378600065e+02
3.139999961852999988e+01,3.276356000763200327e-02,-7.295965305300499892e+01,9.550968979322099761e-01,-1.242587675997800005e+02
3.146400070190399845e+01,3.268234021728799732e-02,-7.320570338982599878e+01,9.550480640049500147e-01,-1.245094067949700047e+02
3.152799987793000014e+01,3.260084036204399793e-02,-7.345168615926999678e+01,9.549990847031299968e-01,-1.247600547342100015e+02
3.159199905395499997e+01,3.251905813425000347e-02,-7.369758412109200663e+01,9.549502818220300115e-01,-1.250106940583799968e+02
3.165600013732899853e+01,3.243700073072899870e-02,-7.394339165867199881e+01,9.549014220993999880e-01,-1.252613347640400008e+02
3.171999931335399836e+01,3.235465765311999753e-02,-7.418914027329400085e+01,9.548526005976100128e-01,-1.255119775386699956e+02
3.178400039672899879e+01,3.227204431924000222e-02,-7.443480950586800304e+01,9.548039896609700206e-01,-1.257626416618300027e+02
3.184799957275399862e+01,3.218915742986599993e-02,-7.468041040144599663e+01,9.547551755787599959e-01,-1.260132791657199931e+02
3.191200065612800074e+01,3.210598801638699790e-02,-7.492594107431699513e+01,9.547062881429699832e-01,-1.262639244275700037e+02
3.197599983215300057e+01,3.202255141770599806e-02,-7.517140448157799426e+01,9.546575787355100484e-01,-1.265145666569899987e+02
3.204000091552700269e+01,3.193884416050000313e-02,-7.541681329574899451e+01,9.546088418812399556e-01,-1.267652061961500038e+02
3.210400009155299728e+01,3.185486297854900339e-02,-7.566213893226300513e+01,9.545600747207899639e-01,-1.270158478640999959e+02
3.216799926757799710e+01,3.177061329219300206e-02,-7.590742588931199464e+01,9.545112981330799995e-01,-1.272664864549700070e+02
3.223199844360399879e+01,3.168609424271900260e-02,-7.615265523230499412e+01,9.544625454694699584e-01,-1.275171296115399997e+02
3.229600143432600134e+01,3.160131276978399989e-02,-7.639783389814699888e+01,9.544139249685099635e-01,-1.277677905988199996e+02
3.236000061035200304e+01,3.151626039251499700e-02,-7.664295499561400504e+01,9.543650224773200241e-01,-1.280184073258400019e+02
3.242399978637700286e+01,3.143094816774399947e-02,-7.688802272049800024e+01,9.543162097800600430e-01,-1.282690486790100124e+02
3.248799896240200269e+01,3.134536697319099952e-02,-7.713303423057999453e+01,9.542675004211099710e-01,-1.285196914429999993e+02
3.255199813842799728e+01,3.125952274882899673e-02,-7.737801932837500374e+01,9.542186966585699537e-01,-1.287703314139600081e+02
3.261600112914999983e+01,3.117341886796900011e-02,-7.762295156440899291e+01,9.541698882281000049e-01,-1.290209689568499982e+02
3.268000030517600152e+01,3.108704688939899902e-02,-7.786785389520599665e+01,9.541211100512100307e-01,-1.292716116436600089e+02
3.274399948120100134e+01,3.100041735202499829e-02,-7.811270164792699688e+01,9.540724310908700323e-01,-1.295222468536200040e+02
3.280799865722700304e+01,3.091352684112499971e-02,-7.835752417937300152e+01,9.540236260570500448e-01,-1.297728857144599885e+02
3.287200164794899848e+01,3.082637487603399895e-02,-7.860229131665100510e+01,9.539746917099299894e-01,-1.300235051639999995e+02
3.293600082397500017e+01,3.073896394421099867e-02,-7.884703121619800470e+01,9.539259089489600107e-01,-1.302741470879400083e+02
3.300000000000000000e+01,3.065129085029499878e-02,-7.909175590578399806e+01,9.538771970925099541e-01,-1.305247827629899859e+02
3.306399917602499983e+01,3.056336001074099959e-02,-7.933644028622900635e+01,9.538281897297300471e-01,-1.307754026274600108e+02
3.312799835205100152e+01,3.047517178568499852e-02,-7.958109752066900455e+01,9.537794855371499736e-01,-1.310260370736799871e+02
3.319200134277299696e+01,3.038672218867100039e-02,-7.982572775972400336e+01,9.537304901145500224e-01,-1.312766553481999949e+02
3.325600051879899866e+01,3.029801548881400075e-02,-8.007034380720699573e+01,9.536816769695299900e-01,-1.315272895911799935e+02
3.331999969482399848e+01,3.020905014367900043e-02,-8.031491888590599615e+01,9.536327230596299831e-01,-1.317778850266799964e+02
3.338399887085000017e+01,3.011983268808200026e-02,-8.055948152126599382e+01,9.535839773606999970e-01,-1.320285186822100059e+02
3.344800186157200272e+01,3.003035292598500022e-02,-8.080401546925800460e+01,9.535349927548699700e-01,-1.322791279798300081e+02
3.351200103759799731e+01,2.994061486553399945e-02,-8.104853596952999339e+01,9.534860364267100374e-01,-1.325297464994200141e+02
3.357600021362299714e+01,2.985062374197700041e-02,-8.129304412013600256e+01,9.534370774126500470e-01,-1.327803612015499937e+02
3.363999938964799696e+01,2.976037289416800027e-02,-8.153752380972200342e+01,9.533881561628599899e-01,-1.330309744399199872e+02
3.370399856567399866e+01,2.966986447928299936e-02,-8.178198957018699389e+01,9.533392009809299461e-01,-1.332815604461499959e+02
3.376800155639600121e+01,2.957910265590000046e-02,-8.202645558874600340e+01,9.532902663115799813e-01,-1.335321748160600066e+02
3.383200073242200290e+01,2.948808138061100037e-02,-8.227089497003899510e+01,9.532414116277899696e-01,-1.337827843946299993e+02
3.389599990844700272e+01,2.939680208075999904e-02,-8.251533296214600455e+01,9.531924221807800413e-01,-1.340333962337300022e+02
3.395999908447299731e+01,2.930526780721099886e-02,-8.275974398439700508e+01,9.531435137518899925e-01,-1.342839824605700016e+02
3.402399826049799714e+01,2.921347882554500147e-02,-8.300414231708199964e+01,9.530943378725900139e-01,-1.345345729753900059e+02
3.408800125122100155e+01,2.912143372237700062e-02,-8.324854055625600324e+01,9.530454845190700075e-01,-1.347851526469299870e+02
3.415200042724600138e+01,2.902912975118900063e-02,-8.349291089137300048e+01,9.529963591712899973e-01,-1.350357463078900082e+02
3.421599960327100121e+01,2.893657012251699828e-02,-8.373728173892199322e+01,9.529473396098999682e-01,-1.352863309803800007e+02
3.427999877929700290e+01,2.884375306774900061e-02,-8.398163830320500267e+01,9.528984633243600122e-01,-1.355369088169800023e+02
3.434400177002000021e+01,2.875068028962700015e-02,-8.422596773281499338e+01,9.528493917031699567e-01,-1.357874949133000086e+02
3.440800094604500003e+01,2.865735192246799887e-02,-8.447032489864000127e+01,9.528002836695299571e-01,-1.360380636263699898e+02
3.447200012206999986e+01,2.856376556523800014e-02,-8.471462687759000687e+01,9.527513523504199666e-01,-1.362886422978500036e+02
3.453599929809600155e+01,2.846992630731400020e-02,-8.495894308402799311e+01,9.527023289792100336e-01,-1.365392005183300057e+02
3.459999847412100138e+01,2.837582762426999958e-02,-8.520323162191799327e+01,9.526531765330900070e-01,-1.367897660337299897e+02
3.466400146484399869e+01,2.828147293583100144e-02,-8.544752001333999658e+01,9.526041350335899827e-01,-1.370403229312499889e+02
3.472800064086899852e+01,2.818686229694900014e-02,-8.569178084060600042e+01,9.525552845267200031e-01,-1.372908757129800108e+02
3.479199981689500021e+01,2.809199774242100017e-02,-8.593602895180200107e+01,9.525061240291400333e-01,-1.375414405005799949e+02
3.485599899292000003e+01,2.799687775650299901e-02,-8.618027637621800352e+01,9.524572227139299629e-01,-1.377919952802199930e+02
3.491999816894499986e+01,2.790149689323299931e-02,-8.642448256930700268e+01,9.524081373224100311e-01,-1.380425257297600012e+02
3.498400115966799717e+01,2.780586752119700023e-02,-8.666868923902499944e+01,9.523591611560899839e-01,-1.382930865392499982e+02
3.504800033569299700e+01,2.770998024024700149e-02,-8.691285494810499301e+01,9.523101020041100373e-01,-1.385436145530499914e+02
3.511199951171899869e+01,2.761383821514500070e-02,-8.715702054961499812e+01,9.522609894760499794e-01,-1.387941500504099963e+02
3.517599868774399852e+01,2.751744080796699951e-02,-8.740115895869699614e+01,9.522120123130799474e-01,-1.390446792632799884e+02
3.524000167846700293e+01,2.742078872479400062e-02,-8.764525595501000055e+01,9.521629346078299694e-01,-1.392951901221499895e+02
3.530400085449200276e+01,2.732388363626700109e-02,-8.788933961589700061e+01,9.521139648968399705e-01,-1.395457220876799909e+02
3.536800003051799735e+01,2.722672433279000118e-02,-8.813339616395900578e+01,9.520651471957599643e-01,-1.397962491129300133e+02
3.543199920654299717e+01,2.712931132281099986e-02,-8.837741146862499875e+01,9.520161434688000357e-01,-1.400467496368100058e+02
3.549599838256799700e+01,2.703164650627299867e-02,-8.862139957287199366e+01,9.519672372153500373e-01,-1.402972804658199948e+02
3.556000137329100141e+01,2.693372826954600063e-02,-8.886536031405600511e+01,9.519182644874499832e-01,-1.405477682889500102e+02
3.562400054931600124e+01,2.683555712416199959e-02,-8.910925263481800584e+01,9.518692611177099749e-01,-1.407982712041699926e+02
3.568799972534200293e+01,2.673713822694899836e-02,-8.935314511871300169e+01,9.518204065816999737e-01,-1.410487750291399891e+02
3.575199890136700276e+01,2.663846656826699896e-02,-8.959695556974000397e+01,9.517716337704700269e-01,-1.412992721052200125e+02
3.581600189209000007e+01,2.653954372521799901e-02,-8.984073864846000390e+01,9.517227055349199993e-01,-1.415497560001400075e+02
3.588000106811499990e+01,2.644037534564600000e-02,-9.008446712131899403e+01,9.516740014408400228e-01,-1.418002544169000032e+02
3.594400024414100159e+01,2.634095390035099890e-02,-9.032815466047100017e+01,9.516250683065600180e-01,-1.420507369963299880e+02
3.600799942016600141e+01,2.624128857390399874e-02,-9.057178748630299481e+01,9.515762927322599651e-01,-1.423012133557199945e+02
3.607199859619100124e+01,2.614137342493800045e-02,-9.081533842325499961e+01,9.515276599964600512e-01,-1.425516831268099907e+02
3.613600158691399855e+01,2.604121402211199976e-02,-9.105884825940100313e+01,9.514789272880499471e-01,-1.428021580804299902e+02
3.620000076293899838e+01,2.594080792582400055e-02,-9.130227630140200290e+01,9.514301178938899817e-01,-1.430526172421199931e+02
3.626399993896500007e+01,2.584016063668799837e-02,-9.154564956166099421e+01,9.513815728175599729e-01,-1.433030854975700095e+02
3.632799911498999990e+01,2.573927148291699912e-02,-9.178894098636399690e+01,9.513328476970900338e-01,-1.435535432127599904e+02
3.639199829101600159e+01,2.563814184838100058e-02,-9.203215000116300359e+01,9.512843286802300513e-01,-1.438039813967299949e+02
3.645600128173799703e+01,2.553676590163499877e-02,-9.227529129709900246e+01,9.512357208675199516e-01,-1.440544408580099969e+02
3.652000045776399872e+01,2.543515382980799863e-02,-9.251833662436500560e+01,9.511871460049500238e-01,-1.443048918334000064e+02
3.658399963378899855e+01,2.533330531800799881e-02,-9.276130036692200065e+01,9.511387522343099921e-01,-1.445553323899600002e+02
3.664799880981399838e+01,2.523121946596300000e-02,-9.300416815972499762e+01,9.510902801910400273e-01,-1.448057827066899961e+02
3.671200180053700279e+01,2.512889713238000006e-02,-9.324692643972700523e+01,9.510418609938700030e-01,-1.450562049703800085e+02
3.677600097656200262e+01,2.502634389507700161e-02,-9.348960308162699562e+01,9.509934108997499802e-01,-1.453066357194900036e+02
3.684000015258799721e+01,2.492355462182100148e-02,-9.373217115756500561e+01,9.509451289473600522e-01,-1.455570749419200069e+02
3.690399932861299703e+01,2.482053738341299942e-02,-9.397461526350099348e+01,9.508968705821400080e-01,-1.458074953393299893e+02
3.696799850463899872e+01,2.471729175901399983e-02,-9.421695025429899317e+01,9.508484972833799453e-01,-1.460579006456800073e+02
3.703200149536100128e+01,2.461382064032899969e-02,-9.445917589465200592e+01,9.508003671944900148e-01,-1.463083405640799981e+02
3.709600067138700297e+01,2.451012037148899911e-02,-9.470126568897799757e+01,9.507520999146199525e-01,-1.465587440768300098e+02
3.715999984741200279e+01,2.440619786651800072e-02,-9.494323170334800466e+01,9.507040880758299561e-01,-1.468091577082400079e+02
3.722399902343799738e+01,2.430205541769800068e-02,-9.518506121206199566e+01,9.506559934581300109e-01,-1.470595514335799976e+02
3.728799819946299721e+01,2.419768955505099961e-02,-9.542674014081499934e+01,9.506079712455099973e-01,-1.473099747746699961e+02
3.735200119018600162e+01,2.409311210232700090e-02,-9.566830955634300437e+01,9.505600021936999600e-01,-1.475603677082299896e+02
3.741600036621100145e+01,2.398831489273000120e-02,-9.590968876425799294e+01,9.505120569603600078e-01,-1.478107639142299945e+02
3.747999954223600128e+01,2.388330646908499999e-02,-9.615093074364300207e+01,9.504641465103600417e-01,-1.480611601586500115e+02
3.754399871826200297e+01,2.377808451799600167e-02,-9.639200899686700552e+01,9.504163312447200251e-01,-1.483115550825100115e+02
3.760800170898399841e+01,2.367265476393800097e-02,-9.663295096518200467e+01,9.503684123281199714e-01,-1.485619314177299941e+02
3.767200088501000010e+01,2.356701898297499861e-02,-9.687370107070100289e+01,9.503208658723399926e-01,-1.488123431375300072e+02
3.773600006103499993e+01,2.346117539606500102e-02,-9.711428775897499577e+01,9.502729761078200221e-01,-1.490627204863600070e+02
3.779999923706100162e+01,2.335513030422100081e-02,-9.735471154030800278e+01,9.502254622396999473e-01,-1.493131071349000081e+02
3.786399841308600145e+01,2.324888876692100120e-02,-9.759491508735800380e+01,9.501777375631600409e-01,-1.495634826219099978e+02
3.792800140380899876e+01,2.314244864946700050e-02,-9.783495432170100514e+01,9.501302114821199574e-01,-1.498138518651400091e+02
3.799200057983399859e+01,2.303581286369599940e-02,-9.807480322325500310e+01,9.500828130940099925e-01,-1.500642337429000008e+02
3.805599975585899841e+01,2.292898432717100157e-02,-9.831440618030900680e+01,9.500353055441800310e-01,-1.503145854677399882e+02
3.811999893188500010e+01,2.282196641577299845e-02,-9.855384608494699705e+01,9.499880846217300112e-01,-1.505649710774499965e+02
3.818399810790999993e+01,2.271476361829799853e-02,-9.879309340441899678e+01,9.499406655599800242e-01,-1.508153374481400135e+02
3.824800109863299724e+01,2.260737503897200171e-02,-9.903209534040499307e+01,9.498933783117800012e-01,-1.510657048394199933e+02
3.831200027465799707e+01,2.249980257710700038e-02,-9.927090604280400044e+01,9.498460881883700191e-01,-1.513160551066600021e+02
3.837599945068399876e+01,2.239205272673000166e-02,-9.950944337578999921e+01,9.497988810709999674e-01,-1.515664205632099879e+02
3.843999862670899859e+01,2.228412747640599878e-02,-9.974779019441399441e+01,9.497517796715799765e-01,-1.518167882671399980e+02
3.850400161743200300e+01,2.217602732284700007e-02,-9.998588997321499505e+01,9.497048552746399919e-01,-1.520671469359299977e+02
3.856800079345700283e+01,2.206775660808099962e-02,-1.002237456295000015e+02,9.496576788777699729e-01,-1.523174958848699987e+02
3.863199996948200265e+01,2.195931742376100101e-02,-1.004613813106700064e+02,9.496108026928400392e-01,-1.525678534697700002e+02
3.869599914550799724e+01,2.185071401902400137e-02,-1.006987440194299950e+02,9.495638566853600304e-01,-1.528182046930899958e+02
3.875999832153299707e+01,2.174195049092200044e-02,-1.009358336734400012e+02,9.495169832327600146e-01,-1.530685608810400140e+02
3.882400131225600148e+01,2.163302374220599927e-02,-1.011727315946399983e+02,9.494701151417800356e-01,-1.533189106641800095e+02
3.888800048828100131e+01,2.152394492494200118e-02,-1.014093009385500039e+02,9.494234358218499592e-01,-1.535692684442200004e+02
3.895199966430700300e+01,2.141471314101900045e-02,-1.016456264417199975e+02,9.493766747061199718e-01,-1.538196067881499971e+02
3.901599884033200283e+01,2.130532841416400008e-02,-1.018816778136999943e+02,9.493300152511200407e-01,-1.540699481106300084e+02
3.908000183105500014e+01,2.119579481351099859e-02,-1.021174292896999987e+02,9.492833097631899752e-01,-1.543202988572799939e+02
3.914400100707999997e+01,2.108612071319800052e-02,-1.023529332163499959e+02,9.492367681733000495e-01,-1.545706539391700005e+02
3.920800018310499979e+01,2.097630063044399890e-02,-1.025881391019299969e+02,9.491902272225000159e-01,-1.548209796167400043e+02
3.927199935913100148e+01,2.086634568999000058e-02,-1.028230151142300031e+02,9.491437841949600385e-01,-1.550713352168299934e+02
3.933599853515600131e+01,2.075625713283099985e-02,-1.030576174590499932e+02,9.490973505067900051e-01,-1.553216773280300060e+02
3.940000152587899862e+01,2.064603331989400131e-02,-1.032919204863799933e+02,9.490508644340900357e-01,-1.555720269541199912e+02
3.946400070190399845e+01,2.053568040672100123e-02,-1.035259233543900024e+02,9.490045695905100498e-01,-1.558223560885699897e+02
3.952799987793000014e+01,2.042520030814199902e-02,-1.037595981244000001e+02,9.489582659838300405e-01,-1.560726956746200074e+02
3.959199905395499997e+01,2.031459962943499981e-02,-1.039929708341799994e+02,9.489119230995799459e-01,-1.563230457589100126e+02
3.965599822997999979e+01,2.020387695168100045e-02,-1.042260190496599961e+02,9.488657352147800150e-01,-1.565733750473800114e+02
3.972000122070299710e+01,2.009303801097499925e-02,-1.044587363757299983e+02,9.488195628050200003e-01,-1.568237160831299946e+02
3.978400039672899879e+01,1.998208246504799834e-02,-1.046911549400799970e+02,9.487734009836600313e-01,-1.570740559125399898e+02
3.984799957275399862e+01,1.987101725257500034e-02,-1.049232172672700045e+02,9.487272407709600452e-01,-1.573243815857300092e+02
3.991199874877899845e+01,1.975984359951400010e-02,-1.051549509153499997e+02,9.486811915428700059e-01,-1.575747377319399902e+02
3.997600173950200286e+01,1.964856619195800083e-02,-1.053863572943299971e+02,9.486350974282999893e-01,-1.578250765045499975e+02
4.004000091552700269e+01,1.953718268121100096e-02,-1.056173837264699955e+02,9.485891180755500196e-01,-1.580754164448900099e+02
4.010400009155299728e+01,1.942570023817399849e-02,-1.058480780450399976e+02,9.485430073253700023e-01,-1.583257408810000015e+02
4.016799926757799710e+01,1.931412231879500035e-02,-1.060784475599500070e+02,9.484971056199600348e-01,-1.585760802995500001e+02
4.023199844360399879e+01,1.920244986620400079e-02,-1.063084336584300047e+02,9.484510896036499883e-01,-1.588264201394700024e+02
4.029600143432600134e+01,1.909068460215099933e-02,-1.065380656120500049e+02,9.484051774983099925e-01,-1.590767607208800030e+02
4.036000061035200304e+01,1.897883095782300009e-02,-1.067673400285599996e+02,9.483593326206100071e-01,-1.593271021014500093e+02
4.042399978637700286e+01,1.886689146188200161e-02,-1.069962341542999980e+02,9.483134725124500175e-01,-1.595774414328899979e+02
4.048799896240200269e+01,1.875487037848500016e-02,-1.072248001485200035e+02,9.482676768396199884e-01,-1.598277699854899936e+02
4.055199813842799728e+01,1.864276994114099847e-02,-1.074529538088199985e+02,9.482218396059000076e-01,-1.600781094175600003e+02
4.061600112914999983e+01,1.853058851844899962e-02,-1.076807269075199969e+02,9.481761736431999488e-01,-1.603284500101599974e+02
4.068000030517600152e+01,1.841833190383199842e-02,-1.079081461837599960e+02,9.481302835997900136e-01,-1.605787880243400139e+02
4.074399948120100134e+01,1.830600295586699844e-02,-1.081351528317700001e+02,9.480846000667999540e-01,-1.608291298931999904e+02
4.080799865722700304e+01,1.819360524059500037e-02,-1.083618073605200038e+02,9.480389348823300422e-01,-1.610794687463200034e+02
4.087200164794899848e+01,1.808113784419200162e-02,-1.085880520504800018e+02,9.479931628172699742e-01,-1.613298087492900095e+02
4.093600082397500017e+01,1.796860668637800112e-02,-1.088139124933099993e+02,9.479473950295700391e-01,-1.615801342589300020e+02
4.100000000000000000e+01,1.785601222210200095e-02,-1.090393622276699972e+02,9.479016753586499977e-01,-1.618304756714099994e+02
4.106399917602499983e+01,1.774335506005200042e-02,-1.092644310187800016e+02,9.478560017556200146e-01,-1.620808149437399948e+02
4.112799835205100152e+01,1.763064123724199933e-02,-1.094890886026300052e+02,9.478103807003299686e-01,-1.623311551029999862e+02
4.119200134277299696e+01,1.751787232835800082e-02,-1.097133360881800002e+02,9.477647143858100032e-01,-1.625814952926299952e+02
4.125600051879899866e+01,1.740504612480800115e-02,-1.099371756951999970e+02,9.477190928620400356e-01,-1.628318345066500115e+02
4.131999969482399848e+01,1.729216984426600046e-02,-1.101606048374899984e+02,9.476734567938700504e-01,-1.630821764411799961e+02
4.138399887085000017e+01,1.717924150609199951e-02,-1.103836268011600055e+02,9.476278586980400043e-01,-1.633325024139899995e+02
4.144800186157200272e+01,1.706626701530999934e-02,-1.106062083088600048e+02,9.475822810217600090e-01,-1.635828451388300095e+02
4.151200103759799731e+01,1.695324543165799974e-02,-1.108283789603599985e+02,9.475364805549100211e-01,-1.638331957092200071e+02
4.157600021362299714e+01,1.684018093188099918e-02,-1.110501422123000026e+02,9.474909314858399600e-01,-1.640835241643999893e+02
4.163999938964799696e+01,1.672707385470800084e-02,-1.112714670716000001e+02,9.474453098810899920e-01,-1.643338633991299957e+02
4.170399856567399866e+01,1.661392628089499932e-02,-1.114923552819300028e+02,9.473996219054100498e-01,-1.645842033935900020e+02
4.176800155639600121e+01,1.650073809844700146e-02,-1.117127801498100013e+02,9.473539513921499511e-01,-1.648345298444600076e+02
4.183200073242200290e+01,1.638751437074300113e-02,-1.119328207940500022e+02,9.473083202860700380e-01,-1.650848694031099910e+02
4.189599990844700272e+01,1.627425381869599882e-02,-1.121523695130100009e+02,9.472626819071400250e-01,-1.653352092989900086e+02
4.195999908447299731e+01,1.616095821249599954e-02,-1.123715103902000010e+02,9.472171084213899528e-01,-1.655855368587299949e+02
4.202399826049799714e+01,1.604763297045199918e-02,-1.125901843652600007e+02,9.471714065463500143e-01,-1.658358725250199939e+02
4.208800125122100155e+01,1.593427515126600094e-02,-1.128083988870500036e+02,9.471256696375800477e-01,-1.660862132974199881e+02
4.215200042724600138e+01,1.582088653429400069e-02,-1.130261581487799987e+02,9.470800582976699467e-01,-1.663365543003999960e+02
4.221599960327100121e+01,1.570747127485500050e-02,-1.132434515008999938e+02,9.470343462533600265e-01,-1.665868793705799931e+02
4.227999877929700290e+01,1.559402576015500065e-02,-1.134602706663799978e+02,9.469886718908300249e-01,-1.668372194761099934e+02
4.234400177002000021e+01,1.548055553217500026e-02,-1.136766243332299950e+02,9.469428672436399630e-01,-1.670875594473399985e+02
4.240800094604500003e+01,1.536706025846299936e-02,-1.138924966406300001e+02,9.468971706197599758e-01,-1.673378723195500015e+02
4.247200012206999986e+01,1.525353987300499987e-02,-1.141078821456400050e+02,9.468514560979499617e-01,-1.675882119937600123e+02
4.253599929809600155e+01,1.513999775235599921e-02,-1.143227866560300043e+02,9.468057472138400321e-01,-1.678385263332399973e+02
4.259999847412100138e+01,1.502643351565399917e-02,-1.145372010047800018e+02,9.467599409249199960e-01,-1.680888649738199945e+02
4.266400146484399869e+01,1.491284737200499963e-02,-1.147511205035900019e+02,9.467141789395000506e-01,-1.683391921465600092e+02
4.272800064086899852e+01,1.479924090786599936e-02,-1.149645257974100048e+02,9.466683776043599563e-01,-1.685895180699100138e+02
4.279199981689500021e+01,1.468561622148399984e-02,-1.151774097561600030e+02,9.466225431994299555e-01,-1.688398448999799939e+02
4.285599899292000003e+01,1.457197233397800051e-02,-1.153897989123800016e+02,9.465767972098100280e-01,-1.690901577554000141e+02
4.291999816894499986e+01,1.445831144744100065e-02,-1.156016431655300067e+02,9.465309429273399688e-01,-1.693404839430399988e+02
4.298400115966799717e+01,1.434463065539100073e-02,-1.158129435391900017e+02,9.464850936094799660e-01,-1.695908112370900085e+02
4.304800033569299700e+01,1.423093392346900035e-02,-1.160237231790199957e+02,9.464391265696100453e-01,-1.698411238571200101e+02
4.311199951171899869e+01,1.411722417377699913e-02,-1.162339531656499929e+02,9.463932124130499668e-01,-1.700914495977999934e+02
4.317599868774399852e+01,1.400349614194799919e-02,-1.164436134802400034e+02,9.463474156032499751e-01,-1.703417490119499860e+02
4.324000167846700293e+01,1.388975183546900007e-02,-1.166527007586799982e+02,9.463014743161599629e-01,-1.705920754479099912e+02
4.330400085449200276e+01,1.377599455106700080e-02,-1.168612129648600018e+02,9.462555511930800245e-01,-1.708423741202799988e+02
4.336800003051799735e+01,1.366222305786700050e-02,-1.170691530587299951e+02,9.462096000919999472e-01,-1.710926877897699967e+02
4.343199920654299717e+01,1.354843920560599990e-02,-1.172764886428600022e+02,9.461635558832299786e-01,-1.713429996541100024e+02
4.349599838256799700e+01,1.343463899963900053e-02,-1.174831987965399946e+02,9.461175469204500255e-01,-1.715932856344300035e+02
4.356000137329100141e+01,1.332082696060199987e-02,-1.176893060611299973e+02,9.460715145493699962e-01,-1.718435974428599877e+02
4.362400054931600124e+01,1.320700192959400020e-02,-1.178947598072400069e+02,9.460254995386899735e-01,-1.720938973681400057e+02
4.368799972534200293e+01,1.309316620230899925e-02,-1.180995800858700022e+02,9.459794833016099691e-01,-1.723441964352300033e+02
4.375199890136700276e+01,1.297931629903600025e-02,-1.183037476801000025e+02,9.459332938949399638e-01,-1.725944944469200095e+02
4.381600189209000007e+01,1.286545201797100087e-02,-1.185072088642399990e+02,9.458873218694799911e-01,-1.728447806572999923e+02
4.388000106811499990e+01,1.275157886969699970e-02,-1.187099817880600057e+02,9.458411026498200203e-01,-1.730950794827199957e+02
4.394400024414100159e+01,1.263769525581399933e-02,-1.189120690838699943e+02,9.457950818697800077e-01,-1.733453517844600071e+02
4.400799942016600141e+01,1.252379791700099915e-02,-1.191134241941499994e+02,9.457489474089999515e-01,-1.735956369018699945e+02
4.407199859619100124e+01,1.240988868356199953e-02,-1.193140150947899940e+02,9.457028743580699892e-01,-1.738459090618100049e+02
4.413600158691399855e+01,1.229596999603699975e-02,-1.195138664490999929e+02,9.456567609481200121e-01,-1.740961946219699996e+02
4.420000076293899838e+01,1.218203994034599939e-02,-1.197129222913600017e+02,9.456105407068200464e-01,-1.743464662337700020e+02
4.426399993896500007e+01,1.206809722100300047e-02,-1.199111659150100024e+02,9.455643731865599477e-01,-1.745967383176300132e+02
4.432799911498999990e+01,1.195414542192600044e-02,-1.201085844645200069e+02,9.455180862975699485e-01,-1.748470092390599859e+02
4.439199829101600159e+01,1.184018433947799966e-02,-1.203051593437299971e+02,9.454719400455100509e-01,-1.750972675596999864e+02
4.445600128173799703e+01,1.172621289426999981e-02,-1.205008815916600042e+02,9.454257392572299468e-01,-1.753475260646200127e+02
4.452000045776399872e+01,1.161222918151199983e-02,-1.206956535252799938e+02,9.453795309840700156e-01,-1.755977979540899980e+02
4.458399963378899855e+01,1.149823792577299962e-02,-1.208895479045799988e+02,9.453333110267999606e-01,-1.758480422606199909e+02
4.464799880981399838e+01,1.138423486397699934e-02,-1.210824354310200022e+02,9.452871496688699526e-01,-1.760983003022300011e+02
4.471200180053700279e+01,1.127022300643200012e-02,-1.212743633914599997e+02,9.452409020386399741e-01,-1.763485450203000084e+02
4.477600097656200262e+01,1.115620245158599998e-02,-1.214652811027399935e+02,9.451946748385200436e-01,-1.765987891251099882e+02
4.484000015258799721e+01,1.104217459202100002e-02,-1.216551284921499985e+02,9.451484343435100355e-01,-1.768490062846499882e+02
4.490399932861299703e+01,1.092813554718700085e-02,-1.218438912967900052e+02,9.451022505594299794e-01,-1.770992508173100077e+02
4.496799850463899872e+01,1.081408963732199968e-02,-1.220315306756800027e+02,9.450559237337600171e-01,-1.773494814383599874e+02
4.503200149536100128e+01,1.070003724213700047e-02,-1.222180189567300062e+02,9.450097405701199937e-01,-1.775997123667499977e+02
4.509600067138700297e+01,1.058597652686000049e-02,-1.224033079306900049e+02,9.449635911909900488e-01,-1.778499297083500039e+02
4.515999984741200279e+01,1.047190730900400026e-02,-1.225873142078799987e+02,9.449173987340100389e-01,-1.781001604394400033e+02
4.522399902343799738e+01,1.035783363721099956e-02,-1.227700638454900002e+02,9.448710598225400492e-01,-1.783503775486300071e+02
4.528799819946299721e+01,1.024375405761599953e-02,-1.229514676009600009e+02,9.448248749212799780e-01,-1.786005675084900020e+02
4.535200119018600162e+01,1.012966977517099944e-02,-1.231314848993699940e+02,9.447787003647799553e-01,-1.788507846269000083e+02
4.541600036621100145e+01,1.001557997635799981e-02,-1.233100552488500057e+02,9.447326147897899817e-01,-1.791009745974600094e+02
4.547999954223600128e+01,9.901486155244700049e-03,-1.234871257665000002e+02,9.446863650714300009e-01,-1.793511779911600001e+02
4.554399871826200297e+01,9.787390592441899337e-03,-1.236626574577099973e+02,9.446402521114399820e-01,-1.796013815076300091e+02
4.560800170898399841e+01,9.673292237561600601e-03,-1.238365594779599945e+02,9.445940963601300311e-01,-1.798515576677800141e+02
4.567200088501000010e+01,9.559193392526799810e-03,-1.240087867547999991e+02,9.445479508534699864e-01,1.798982388265600036e+02
4.573600006103499993e+01,9.445096409665700715e-03,-1.241792916966099938e+02,9.445019311813600549e-01,1.796480763091300048e+02
4.579999923706100162e+01,9.330997649178100761e-03,-1.243479697447500030e+02,9.444557989559300148e-01,1.793978864799599933e+02
4.586399841308600145e+01,9.216902269742699438e-03,-1.245147401755800018e+02,9.444097818228700536e-01,1.791477239480900039e+02
4.592800140380899876e+01,9.102811546464400355e-03,-1.246795595572399975e+02,9.443637044305900341e-01,1.788975477279500126e+02
4.599200057983399859e+01,8.988724956696499818e-03,-1.248423180067200065e+02,9.443177339182700081e-01,1.786473852866500067e+02
4.605599975585899841e+01,8.874646032408100432e-03,-1.250029584757899954e+02,9.442717501147499526e-01,1.783972228688400037e+02
4.611999893188500010e+01,8.760573156602700223e-03,-1.251613402836299969e+02,9.442256888583000496e-01,1.781470602084100108e+02
4.618399810790999993e+01,8.646513364562000148e-03,-1.253174180951399990e+02,9.441798349058400097e-01,1.778969113230000119e+02
4.624800109863299724e+01,8.532462234677500729e-03,-1.254710721432600025e+02,9.441340010539700511e-01,1.776467762455800141e+02
4.631200027465799707e+01,8.418425579761100452e-03,-1.256221810268900043e+02,9.440880801338400463e-01,1.773966271976700000e+02
4.637599945068399876e+01,8.304404859863499452e-03,-1.257706457333899976e+02,9.440422848451599513e-01,1.771464921258499885e+02
4.643999862670899859e+01,8.190401636512200517e-03,-1.259163452041999989e+02,9.439965111921200247e-01,1.768963433930099995e+02
4.650400161743200300e+01,8.076417649138299334e-03,-1.260591301677300038e+02,9.439507162132300122e-01,1.766462216177899904e+02
4.656800079345700283e+01,7.962456700177899735e-03,-1.261989023738399993e+02,9.439049887086800039e-01,1.763960863611399930e+02
4.663199996948200265e+01,7.848522209563800478e-03,-1.263355010121800035e+02,9.438593538959300089e-01,1.761459647383099991e+02
4.669599914550799724e+01,7.734614147633400195e-03,-1.264687959786100038e+02,9.438138165955299863e-01,1.758958437098499985e+02
4.675999832153299707e+01,7.620735696578400005e-03,-1.265985751874000016e+02,9.437681742226700088e-01,1.756457353509100017e+02
4.682400131225600148e+01,7.506892240694100320e-03,-1.267247427983800065e+02,9.437226289035800519e-01,1.753956140406700115e+02
4.688800048828100131e+01,7.393085797681900329e-03,-1.268470818688900010e+02,9.436771972197199876e-01,1.751455064951800011e+02
4.695199966430700300e+01,7.279319278399300382e-03,-1.269654071548799976e+02,9.436317686308499653e-01,1.748953983826800140e+02
4.701599884033200283e+01,7.165595317320800142e-03,-1.270795050660500038e+02,9.435863119736199733e-01,1.746453038567599947e+02
4.708000183105500014e+01,7.051920497035299787e-03,-1.271891955671299996e+02,9.435409554285499878e-01,1.743952098312200008e+02
4.714400100707999997e+01,6.938296737987800257e-03,-1.272942152162199960e+02,9.434956907202499687e-01,1.741451152201699983e+02
4.720800018310499979e+01,6.824727994838499824e-03,-1.273943492962799979e+02,9.434504455338299511e-01,1.738950212440200005e+02
4.727199935913100148e+01,6.711220865578100027e-03,-1.274893371881200039e+02,9.434053047964400252e-01,1.736449410426399993e+02
4.733599853515600131e+01,6.597777533144599631e-03,-1.275788949447200054e+02,9.433601878954099851e-01,1.733948466258800067e+02
4.740000152587899862e+01,6.484403646783899570e-03,-1.276627431173200051e+02,9.433150642975299816e-01,1.731447795066999902e+02
4.746400070190399845e+01,6.371104962432499845e-03,-1.277405538589000003e+02,9.432700007015899502e-01,1.728946985407000057e+02
4.752799987793000014e+01,6.257886312898699836e-03,-1.278119971091099956e+02,9.432251953746000339e-01,1.726446192665900128e+02
4.759199905395499997e+01,6.144753195687500252e-03,-1.278767237956599985e+02,9.431802519571199639e-01,1.723945521940300125e+02
4.765599822997999979e+01,6.031714412294399662e-03,-1.279343672103599943e+02,9.431353958641199853e-01,1.721444706182199980e+02
4.772000122070299710e+01,5.918772138573700353e-03,-1.279844764645399948e+02,9.430905472743299489e-01,1.718944043478400090e+02
4.778400039672899879e+01,5.805937182129799687e-03,-1.280266564563800102e+02,9.430458766718700092e-01,1.716443506516500008e+02
4.784799957275399862e+01,5.693213592969600424e-03,-1.280603974327999879e+02,9.430012493156499920e-01,1.713942844833800052e+02
4.791199874877899845e+01,5.580611118498400407e-03,-1.280852036169200119e+02,9.429566490449300398e-01,1.711442311923599959e+02
4.797600173950200286e+01,5.468136512694799986e-03,-1.281005332700900112e+02,9.429121276448000355e-01,1.708941645796400053e+02
4.804000091552700269e+01,5.355799554464100130e-03,-1.281057788489100062e+02,9.428676872951800014e-01,1.706441240063599878e+02
4.810400009155299728e+01,5.243608971402900255e-03,-1.281003182174499955e+02,9.428232708607200419e-01,1.703940574264100007e+02
4.816799926757799710e+01,5.131575598179700416e-03,-1.280834565072399869e+02,9.427788999512599633e-01,1.701440172709299929e+02
4.823199844360399879e+01,5.019707496301300392e-03,-1.280544153622500119e+02,9.427347080422500136e-01,1.698939506689100085e+02
4.829600143432600134e+01,4.908019138242299996e-03,-1.280124200925700109e+02,9.426904633750400331e-01,1.696439111463699874e+02
4.836000061035200304e+01,4.796519905736399900e-03,-1.279565511175700010e+02,9.426463291409300504e-01,1.693938580663900098e+02
4.842399978637700286e+01,4.685222909471800125e-03,-1.278858499054399971e+02,9.426022665507000076e-01,1.691438185689200111e+02
4.848799896240200269e+01,4.574144152976499997e-03,-1.277992909113900026e+02,9.425582380131100058e-01,1.688937792510799909e+02
4.855199813842799728e+01,4.463296808928000382e-03,-1.276956923910800015e+02,9.425142881849100096e-01,1.686437396428000000e+02
4.861600112914999983e+01,4.352697553361899695e-03,-1.275738126652999966e+02,9.424703253330199981e-01,1.683936855992600101e+02
4.868000030517600152e+01,4.242363633658499666e-03,-1.274322644989299960e+02,9.424266088824699850e-01,1.681436610006400088e+02
4.874399948120100134e+01,4.132313816153999723e-03,-1.272695216281800015e+02,9.423829058194399533e-01,1.678936212892099888e+02
4.880799865722700304e+01,4.022570367680699741e-03,-1.270839573139899983e+02,9.423392054848800381e-01,1.676435819578499888e+02
4.887200164794899848e+01,3.913155066994800091e-03,-1.268736953480299974e+02,9.422955542237000381e-01,1.673935416892599903e+02
4.893600082397500017e+01,3.804092506288000042e-03,-1.266367182704699985e+02,9.422519387338800234e-01,1.671435151168400068e+02
4.900000000000000000e+01,3.695410729512800096e-03,-1.263707737258600048e+02,9.422084858661400331e-01,1.668934630884899946e+02
4.906399917602499983e+01,3.587139070214699979e-03,-1.260733638331700064e+02,9.421650402432499849e-01,1.666434373511999922e+02
4.912799835205100152e+01,3.479311340678100002e-03,-1.257417163755900020e+02,9.421216185937200116e-01,1.663933962126299946e+02
4.919200134277299696e+01,3.371964563477599947e-03,-1.253727204422399950e+02,9.420783217000699983e-01,1.661433709565700099e+02
4.925600051879899866e+01,3.265139764694499798e-03,-1.249629336189800028e+02,9.420351193529300504e-01,1.658933331793600132e+02
4.931999969482399848e+01,3.158882622567799840e-03,-1.245084557802699976e+02,9.419918880331300537e-01,1.656432930984699965e+02
4.938399887085000017e+01,3.053245281088599883e-03,-1.240049899674600056e+02,9.419486627237000365e-01,1.653932661752000115e+02
4.944800186157200272e+01,2.948286523156300014e-03,-1.234476163995799993e+02,9.419055917649500342e-01,1.651432266790399979e+02
4.951200103759799731e+01,2.844070697350100166e-03,-1.228308496321800050e+02,9.418625406860700044e-01,1.648931865271399886e+02
4.957600021362299714e+01,2.740673204483199798e-03,-1.221484350602000006e+02,9.418197161361799852e-01,1.646431632565700056e+02
4.963999938964799696e+01,2.638179391087000069e-03,-1.213933976111499931e+02,9.417766333910499998e-01,1.643931083760299998e+02
4.970399856567399866e+01,2.536686636419599981e-03,-1.205577348580499972e+02,9.417338598168499830e-01,1.641430822401499938e+02
4.976800155639600121e+01,2.436305444300200084e-03,-1.196324137815900031e+02,9.416909504330499558e-01,1.638930547293300037e+02
4.983200073242200290e+01,2.337165962290799984e-03,-1.186072037172399973e+02,9.416482986775700503e-01,1.636430034601600028e+02
4.989599990844700272e+01,2.239416911707899863e-03,-1.174704352048800047e+02,9.416055209134399639e-01,1.633929774093199967e+02
4.995999908447299731e+01,2.143230607786799930e-03,-1.162089273466600048e+02,9.415628431339699844e-01,1.631429248541799950e+02
5.002399826049799714e+01,2.048808801356900161e-03,-1.148076992740899982e+02,9.415202383774099459e-01,1.628928841776100001e+02
5.008800125122100155e+01,1.956385695951000109e-03,-1.132499150646600015e+02,9.414775439247899946e-01,1.626428571664299909e+02
5.015200042724600138e+01,1.866236924456600096e-03,-1.115166732227799997e+02,9.414350668691899848e-01,1.623928031484699943e+02
5.021599960327100121e+01,1.778683690197399971e-03,-1.095869535479399985e+02,9.413925734791900313e-01,1.621427624198599915e+02
5.027999877929700290e+01,1.694101983984800048e-03,-1.074377368604900056e+02,9.413500475634000164e-01,1.618927089848899925e+02
5.034400177002000021e+01,1.612930792024600034e-03,-1.050443442552199969e+02,9.413075754357800307e-01,1.616426684491800074e+02
5.040800094604500003e+01,1.535679849227599997e-03,-1.023810209414399992e+02,9.412652570056100343e-01,1.613926171811100119e+02
5.047200012206999986e+01,1.462937213836799921e-03,-9.942221120416900249e+01,9.412229385418300343e-01,1.611425780077800027e+02
5.053599929809600155e+01,1.395372028059599975e-03,-9.614447040010300327e+01,9.411805982386499680e-01,1.608925381216999995e+02
5.059999847412100138e+01,1.333732152960300042e-03,-9.252926524004199393e+01,9.411382275008099985e-01,1.606424829806900050e+02
5.066400146484399869e+01,1.278833725363300077e-03,-8.856668970240799865e+01,9.410958861376299556e-01,1.603924302503600074e+02
5.072800064086899852e+01,1.231534293866699912e-03,-8.426000976657199715e+01,9.410536277814499639e-01,1.601423764231300026e+02
5.079199981689500021e+01,1.192691715495999968e-03,-7.963039874967999765e+01,9.410115217194100490e-01,1.598923261124699877e+02
5.085599899292000003e+01,1.163104572088800035e-03,-7.472055891018899842e+01,9.409692092631299909e-01,1.596422705034800060e+02
5.091999816894499986e+01,1.143440771176399990e-03,-6.959608390004399325e+01,9.409270105751900148e-01,1.593922042601899989e+02
5.098400115966799717e+01,1.134164741169499911e-03,-6.434274346126099431e+01,9.408848676521299748e-01,1.591421524272799957e+02
5.104800033569299700e+01,1.135477664300900066e-03,-5.905971305302699648e+01,9.408427930748499701e-01,1.588920873540699858e+02
5.111199951171899869e+01,1.147290123853699894e-03,-5.384931585001500309e+01,9.408004922547700266e-01,1.586420304217400030e+02
5.117599868774399852e+01,1.169230569650300073e-03,-4.880606716964499725e+01,9.407583703337100145e-01,1.583919631200600122e+02
5.124000167846700293e+01,1.200691106910400062e-03,-4.400769349278200337e+01,9.407163496433600391e-01,1.581419121689999940e+02
5.130400085449200276e+01,1.240896325609399916e-03,-3.951002436083999925e+01,9.406741296641100147e-01,1.578918303172700064e+02
5.136800003051799735e+01,1.288977720965800043e-03,-3.534617830364000213e+01,9.406320169858199964e-01,1.576417633844700106e+02
5.143199920654299717e+01,1.344041342051500000e-03,-3.152909411478799839e+01,9.405900386081500475e-01,1.573917114398199999e+02
5.149599838256799700e+01,1.405219237111599972e-03,-2.805582041344700173e+01,9.405478254028299956e-01,1.571416289562399982e+02
5.156000137329100141e+01,1.471703189440800056e-03,-2.491222546752999989e+01,9.405058096491299979e-01,1.568915517040300074e+02
5.162400054931600124e+01,1.542763388316300069e-03,-2.207726542237299938e+01,9.404636469159199930e-01,1.566414957590399979e+02
5.168799972534200293e+01,1.617754602649700002e-03,-1.952629299254000017e+01,9.404216171888899467e-01,1.563914163109500066e+02
5.175199890136700276e+01,1.696114542773199951e-03,-1.723350143034300075e+01,9.403794096692199567e-01,1.561413339923900025e+02
5.181600189209000007e+01,1.777358756719600108e-03,-1.517348980046000051e+01,9.403373187134800304e-01,1.558912658825900053e+02
5.188000106811499990e+01,1.861071583174100106e-03,-1.332222389145399966e+01,9.402952870962499876e-01,1.556411879277600008e+02
5.194400024414100159e+01,1.946898294634300105e-03,-1.165753407618599979e+01,9.402531073735199696e-01,1.553911055933199918e+02
5.200799942016600141e+01,2.034536934639600073e-03,-1.015932203078400065e+01,9.402109237255199536e-01,1.551410381087299868e+02
5.207199859619100124e+01,2.123729906500599826e-03,-8.809579530962599492e+00,9.401688828194499914e-01,1.548909609718899958e+02
5.213600158691399855e+01,2.214256333916499869e-03,-7.592294642675000205e+00,9.401266545049700163e-01,1.546408780793200037e+02
5.220000076293899838e+01,2.305929179247599801e-03,-6.493290372062399562e+00,9.400844189326800215e-01,1.543908119540899975e+02
5.226399993896500007e+01,2.398586316938100191e-03,-5.500064700837500098e+00,9.400422989435800458e-01,1.541407333580800127e+02
5.232799911498999990e+01,2.492089307707899808e-03,-4.601600808617599903e+00,9.400000035888700367e-01,1.538906491327400090e+02
5.239199829101600159e+01,2.586319383054700057e-03,-3.788193132466500135e+00,9.399578521531599673e-01,1.536405559270600065e+02
5.245600128173799703e+01,2.681172875081400033e-03,-3.051293806468100112e+00,9.399156442187199811e-01,1.533904897025599894e+02
5.252000045776399872e+01,2.776559900033500044e-03,-2.383364355739399976e+00,9.398733351252199775e-01,1.531404098892199954e+02
5.258399963378899855e+01,2.872402762953600065e-03,-1.777746817745700092e+00,9.398310035780600424e-01,1.528903263114100071e+02
5.264799880981399838e+01,2.968633774716999789e-03,-1.228552879431799916e+00,9.397887780501700261e-01,1.526402505478500018e+02
5.271200180053700279e+01,3.065192413697299945e-03,-7.305647613398700280e-01,9.397462852327499450e-01,1.523901661290099980e+02
5.277600097656200262e+01,3.162027146577200010e-03,-2.791488066941200108e-01,9.397040241971700292e-01,1.521400882715599892e+02
5.284000015258799721e+01,3.259091854375800127e-03,1.298175146459600027e-01,9.396616408965899891e-01,1.518900215744799880e+02
5.290399932861299703e+01,3.356345444265199877e-03,5.000105523188299594e-01,9.396191152458199802e-01,1.516399400050499935e+02
5.296799850463899872e+01,3.453752059867999918e-03,8.347153792270000094e-01,9.395767957927100289e-01,1.513898605844499912e+02
5.303200149536100128e+01,3.551280470709899852e-03,1.136874287397100058e+00,9.395342140451700130e-01,1.511397775728300132e+02
5.309600067138700297e+01,3.648902155576400162e-03,1.409127663246900086e+00,9.394916464127199829e-01,1.508897079015800102e+02
5.315999984741200279e+01,3.746591559133699914e-03,1.653850587597500033e+00,9.394492196175600052e-01,1.506396325605900017e+02
5.322399902343799738e+01,3.844325713521899984e-03,1.873183733632699965e+00,9.394065707714900348e-01,1.503895489778500121e+02
5.328799819946299721e+01,3.942086009182100420e-03,2.069059759113000219e+00,9.393639797246500223e-01,1.501394808787999864e+02
5.335200119018600162e+01,4.039852561626000073e-03,2.243228524415100011e+00,9.393214345167399948e-01,1.498894170040699976e+02
5.341600036621100145e+01,4.137611187280799616e-03,2.397275224573800045e+00,9.392788169749199945e-01,1.496393358633899879e+02
5.347999954223600128e+01,4.235345982051799858e-03,2.532641688894099907e+00,9.392360572932400009e-01,1.493892828582700076e+02
5.354399871826200297e+01,4.333045653391300045e-03,2.650637906715100023e+00,9.391932791688799576e-01,1.491392113168400044e+02
5.360800170898399841e+01,4.430697314822000001e-03,2.752459259133200220e+00,9.391505906552000127e-01,1.488891479686000139e+02
5.367200088501000010e+01,4.528291003710500050e-03,2.839196510800200191e+00,9.391079458949299630e-01,1.486390993294099871e+02
5.373600006103499993e+01,4.625817237960399599e-03,2.911848254945399894e+00,9.390650469590799965e-01,1.483890411339399975e+02
5.379999923706100162e+01,4.723268302961000122e-03,2.971328379622600213e+00,9.390221279392599874e-01,1.481389730046300031e+02
5.386399841308600145e+01,4.820636767123600425e-03,3.018475872771900104e+00,9.389792919235799840e-01,1.478889348926599894e+02
5.392800140380899876e+01,4.917914929865600110e-03,3.054060977359100093e+00,9.389364442911699582e-01,1.476388692499400008e+02
5.399200057983399859e+01,5.015097554034100326e-03,3.078792965430699802e+00,9.388935730758599663e-01,1.473888268145699953e+02
5.405599975585899841e+01,5.112179934362999847e-03,3.093325058364500002e+00,9.388507313823299949e-01,1.471387770238100074e+02
5.411999893188500010e+01,5.209156441148700412e-03,3.098259234308499810e+00,9.388076930999099678e-01,1.468887495812199973e+02
5.418399810790999993e+01,5.306022810616700149e-03,3.094152414678299934e+00,9.387647780458400204e-01,1.466386960680700042e+02
5.424800109863299724e+01,5.402775628949600152e-03,3.081519264965100202e+00,9.387217431402400392e-01,1.463886673337200079e+02
5.431200027465799707e+01,5.499412290910599826e-03,3.060835361948699873e+00,9.386787966795100413e-01,1.461386454427600086e+02
5.437599945068399876e+01,5.595928648712600144e-03,3.032543385634800082e+00,9.386357060008899689e-01,1.458886074369700054e+02
5.443999862670899859e+01,5.692323154372800134e-03,2.997051367277100198e+00,9.385926488370399667e-01,1.456385778305200063e+02
5.450400161743200300e+01,5.788592661794000199e-03,2.954740426482699966e+00,9.385495689227000282e-01,1.453885629390900078e+02
5.456800079345700283e+01,5.884736577309500338e-03,2.905962912433799783e+00,9.385065825942600082e-01,1.451385409745199979e+02
5.463199996948200265e+01,5.980752199959299756e-03,2.851049314354599851e+00,9.384635469534400309e-01,1.448885322732000134e+02
5.469599914550799724e+01,6.076639331008299762e-03,2.790303690270400150e+00,9.384204086040800474e-01,1.446385299289599971e+02
5.475999832153299707e+01,6.172394702399400246e-03,2.724013208440500211e+00,9.383773927758000122e-01,1.443885346169099932e+02
5.482400131225600148e+01,6.268020314774100030e-03,2.652442311745700110e+00,9.383342061694499581e-01,1.441385288819400046e+02
5.488800048828100131e+01,6.363512730854400425e-03,2.575839882707000150e+00,9.382911419400900011e-01,1.438885388932199874e+02
5.495199966430700300e+01,6.458872838046800409e-03,2.494437623951800020e+00,9.382480507548099924e-01,1.436385535151499937e+02
5.501599884033200283e+01,6.554098852257200097e-03,2.408452647851400119e+00,9.382048804878500015e-01,1.433885475955800075e+02
5.508000183105500014e+01,6.649192823115999788e-03,2.318086360945200042e+00,9.381618244815299601e-01,1.431385796467600073e+02
5.514400100707999997e+01,6.744152719066499706e-03,2.223528965698200022e+00,9.381187209846999497e-01,1.428885969107099925e+02
5.520800018310499979e+01,6.838978003549299640e-03,2.124958494987499780e+00,9.380755436968499783e-01,1.426386207872000114e+02
5.527199935913100148e+01,6.933670086581500067e-03,2.022539953162500126e+00,9.380325617129700033e-01,1.423886546836899925e+02
5.533599853515600131e+01,7.028227677594599959e-03,1.916430241688499958e+00,9.379895670616400505e-01,1.421386981521299901e+02
5.540000152587899862e+01,7.122651885660099755e-03,1.806774178815699905e+00,9.379463883774600275e-01,1.418887476597400052e+02
5.546400070190399845e+01,7.216942041510900248e-03,1.693709941311899891e+00,9.379033475954300370e-01,1.416387908054699949e+02
5.552799987793000014e+01,7.311099403477299905e-03,1.577365380589899946e+00,9.378603325333999541e-01,1.413888314769600072e+02
5.559199905395499997e+01,7.405122972383800309e-03,1.457861363417799927e+00,9.378173210624399792e-01,1.411389013294800066e+02
5.565599822997999979e+01,7.499013678087700259e-03,1.335311523190300109e+00,9.377745046401799733e-01,1.408889632875400082e+02
5.572000122070299710e+01,7.592771580930700141e-03,1.209822444749399928e+00,9.377315805940800164e-01,1.406390352755300057e+02
5.578400039672899879e+01,7.686395403782199896e-03,1.081493887759900074e+00,9.376885448441399928e-01,1.403891124511999919e+02
5.584799957275399862e+01,7.779888588726399656e-03,9.504206083423399898e-01,9.376456768575800460e-01,1.401391806589599867e+02
5.591199874877899845e+01,7.873248112544200747e-03,8.166908350301099739e-01,9.376030268934300027e-01,1.398892712019600140e+02
5.597600173950200286e+01,7.966475667531700694e-03,6.803883574665300360e-01,9.375601272294199484e-01,1.396393507766699997e+02
5.604000091552700269e+01,8.059572068522499397e-03,5.415914958050499495e-01,9.375173984395499538e-01,1.393894460391800010e+02
5.610400009155299728e+01,8.152535857159800420e-03,4.003744166602200005e-01,9.374748083956799816e-01,1.391395654033800042e+02
5.616799926757799710e+01,8.245367491389600859e-03,2.568068468142999938e-01,9.374320233706699979e-01,1.388896384538500115e+02
5.623199844360399879e+01,8.338066551151499320e-03,1.109545408086899942e-01,9.373894107588699454e-01,1.386397621317400137e+02
5.629600143432600134e+01,8.430633600631499275e-03,-3.712047836115799776e-02,9.373470366532999920e-01,1.383898825036800133e+02
5.636000061035200304e+01,8.523066462649999189e-03,-1.873596794081699990e-01,9.373044438386399779e-01,1.381400042761399902e+02
5.642399978637700286e+01,8.615369531639499243e-03,-3.397077220248500007e-01,9.372620595448799552e-01,1.378901315141199859e+02
5.648799896240200269e+01,8.707537941037899951e-03,-4.941124662642900067e-01,9.372196488078200494e-01,1.376402319120900017e+02
5.655199813842799728e+01,8.799572464313100417e-03,-6.505245623476799688e-01,9.371774366387299882e-01,1.373903774967099878e+02
5.661600112914999983e+01,8.891472995633999815e-03,-8.088973425892800329e-01,9.371350835703300408e-01,1.371405102746199987e+02
5.668000030517600152e+01,8.983239480741899916e-03,-9.691864830432199707e-01,9.370930691058599882e-01,1.368906527749900022e+02
5.674399948120100134e+01,9.074869123179099897e-03,-1.131350202907100089e+00,9.370509703653300271e-01,1.366408064063799941e+02
5.680799865722700304e+01,9.166362904287099142e-03,-1.295348959101100039e+00,9.370089064150399771e-01,1.363909584329499864e+02
5.687200164794899848e+01,9.257719061361500273e-03,-1.461144903971699938e+00,9.369670046375899730e-01,1.361411117066699887e+02
5.693600082397500017e+01,9.348936814601499501e-03,-1.628702197835300014e+00,9.369251785867099835e-01,1.358912616854699991e+02
5.700000000000000000e+01,9.440014505976500325e-03,-1.797987268256600046e+00,9.368833494001099771e-01,1.356414398182699870e+02
5.706399917602499983e+01,9.530951455482399373e-03,-1.968967259065599995e+00,9.368415888605999831e-01,1.353916000768199979e+02
5.712799835205100152e+01,9.621747038917100384e-03,-2.141611849499799991e+00,9.368001530434100221e-01,1.351417686581800126e+02
5.719200134277299696e+01,9.712396948626600759e-03,-2.315891188115799970e+00,9.367585328418399637e-01,1.348919307015800086e+02
5.725600051879899866e+01,9.802900657361099390e-03,-2.491777367473099858e+00,9.367172288175500405e-01,1.346421279035899943e+02
5.731999969482399848e+01,9.893257684435399768e-03,-2.669243323282899816e+00,9.366758217544199905e-01,1.343922884692300102e+02
5.738399887085000017e+01,9.983463873792900595e-03,-2.848263854649800031e+00,9.366346409022300312e-01,1.341424645855599920e+02
5.744800186157200272e+01,1.007351976442500026e-02,-3.028813185913600048e+00,9.365935141483600068e-01,1.338926463286200033e+02
5.751200103759799731e+01,1.016342036312099968e-02,-3.210868467536700077e+00,9.365525147314199828e-01,1.336428497353300031e+02
5.757600021362299714e+01,1.025316537624300015e-02,-3.394406752148599882e+00,9.365115275163200526e-01,1.333930312795299926e+02
5.763999938964799696e+01,1.034275174440799951e-02,-3.579404909603200124e+00,9.364708270042699789e-01,1.331432306185699872e+02
5.770399856567399866e+01,1.043217461037899974e-02,-3.765843055181400167e+00,9.364302016089099956e-01,1.328934350282600008e+02
5.776800155639600121e+01,1.052143472215599958e-02,-3.953698932567999869e+00,9.363894500047700298e-01,1.326436212527999885e+02
5.783200073242200290e+01,1.061052728844900060e-02,-4.142952820686599757e+00,9.363489646431200075e-01,1.323938268340899924e+02
5.789599990844700272e+01,1.069944849313599934e-02,-4.333585903930900152e+00,9.363087121678299596e-01,1.321440290772399919e+02
5.795999908447299731e+01,1.078819732416099950e-02,-4.525577524645900240e+00,9.362683854726000510e-01,1.318942353182399927e+02
5.802399826049799714e+01,1.087676818238000019e-02,-4.718910992871100163e+00,9.362280858020100016e-01,1.316444204515800038e+02
5.808800125122100155e+01,1.096516010568399958e-02,-4.913565726542800327e+00,9.361881546898299655e-01,1.313946198225999922e+02
5.815200042724600138e+01,1.105336662190000048e-02,-5.109525939659300242e+00,9.361481218919299740e-01,1.311448296434799943e+02
5.821599960327100121e+01,1.114138587633600047e-02,-5.306771299238199902e+00,9.361084609195999828e-01,1.308950342505899869e+02
5.827999877929700290e+01,1.122921422464200070e-02,-5.505285215453399772e+00,9.360685571463700505e-01,1.306452470284299920e+02
5.834400177002000021e+01,1.131684711131100002e-02,-5.705051454466399719e+00,9.360291063198700190e-01,1.303954457756900069e+02
5.840800094604500003e+01,1.140427904411400045e-02,-5.906053045392500422e+00,9.359895629100100090e-01,1.301456543338699987e+02
5.847200012206999986e+01,1.149150730509699951e-02,-6.108270996173599698e+00,9.359501899577500339e-01,1.298958589782199908e+02
5.853599929809600155e+01,1.157852735007000068e-02,-6.311688382162500055e+00,9.359109249207699932e-01,1.296460676999500095e+02
5.859999847412100138e+01,1.166533562845599968e-02,-6.516290577724300093e+00,9.358715924997800251e-01,1.293962514652399989e+02
5.866400146484399869e+01,1.175192568440000009e-02,-6.722058759091700253e+00,9.358326715179799971e-01,1.291464758941899902e+02
5.872800064086899852e+01,1.183829483492900014e-02,-6.928975457477400290e+00,9.357936903012300522e-01,1.288966608837600063e+02
5.879199981689500021e+01,1.192443855417299990e-02,-7.137024746164899902e+00,9.357548415131300423e-01,1.286468626229099925e+02
5.885599899292000003e+01,1.201034855439100067e-02,-7.346190729019199672e+00,9.357162132834300206e-01,1.283970719354200014e+02
5.891999816894499986e+01,1.209602303049299964e-02,-7.556454768000000044e+00,9.356775747350599692e-01,1.281472487826100064e+02
5.898400115966799717e+01,1.218145549346799986e-02,-7.767799415314500244e+00,9.356390935896899963e-01,1.278974546668000016e+02
5.904800033569299700e+01,1.226664229586399944e-02,-7.980208791906200361e+00,9.356006190138399514e-01,1.276476317877699955e+02
5.911199951171899869e+01,1.235157775966999952e-02,-8.193662817842000123e+00,9.355622695574900005e-01,1.273978206004999976e+02
5.917599868774399852e+01,1.243625546912400029e-02,-8.408149107842699976e+00,9.355241605300199659e-01,1.271480200707100039e+02
5.924000167846700293e+01,1.252067144012099925e-02,-8.623643892490900242e+00,9.354858941717000276e-01,1.268981752755699972e+02
5.930400085449200276e+01,1.260481912100699931e-02,-8.840132829906799827e+00,9.354480563118300340e-01,1.266483778532199977e+02
5.936800003051799735e+01,1.268869456098500013e-02,-9.057596038258299842e+00,9.354099554252399695e-01,1.263985361625299930e+02
5.943199920654299717e+01,1.277229101846799955e-02,-9.276016221865900135e+00,9.353721932877500089e-01,1.261487136124599999e+02
5.949599838256799700e+01,1.285560446050200076e-02,-9.495374204169699794e+00,9.353346027215599934e-01,1.258988858376600035e+02
5.956000137329100141e+01,1.293862825353399998e-02,-9.715633946681599298e+00,9.352969473663600430e-01,1.256490406123599968e+02
5.962400054931600124e+01,1.302135530269200002e-02,-9.936822723291699688e+00,9.352592561918100511e-01,1.253991943600999974e+02
5.968799972534200293e+01,1.310378301492699966e-02,-1.015891275026299923e+01,9.352217281943799865e-01,1.251493470529999996e+02
5.975199890136700276e+01,1.318590434315100070e-02,-1.038179553448999926e+01,9.351843471687999454e-01,1.248994991542100053e+02
5.981600189209000007e+01,1.326771519856100034e-02,-1.060555156832599977e+01,9.351471116036800257e-01,1.246496460295199995e+02
5.988000106811499990e+01,1.334920557075799930e-02,-1.083018364502600051e+01,9.351097879262200152e-01,1.243997751160899981e+02
5.994400024414100159e+01,1.343037601097000003e-02,-1.105555207555999964e+01,9.350726811821500339e-01,1.241499219595499994e+02
6.000799942016600141e+01,1.351121492242400059e-02,-1.128171689587900062e+01,9.350354024616199800e-01,1.239000273666700025e+02
6.007199859619100124e+01,1.359172357388799962e-02,-1.150864478266199953e+01,9.349982724005000412e-01,1.236501482514500054e+02
6.013600158691399855e+01,1.367188945778900072e-02,-1.173631529160599918e+01,9.349612702077999549e-01,1.234002718703099930e+02
6.020000076293899838e+01,1.375171022834000001e-02,-1.196470449615300069e+01,9.349243264724500513e-01,1.231504006254899934e+02
6.026399993896500007e+01,1.383118341969699974e-02,-1.219378849622600036e+01,9.348874297077399698e-01,1.229004953531100028e+02
6.032799911498999990e+01,1.391029825617800045e-02,-1.242355084805200072e+01,9.348506562238799722e-01,1.226505919470900068e+02
6.039199829101600159e+01,1.398905295003799974e-02,-1.265396715480999923e+01,9.348138211058699687e-01,1.224006885393499999e+02
6.045600128173799703e+01,1.406744189525799965e-02,-1.288501546786399921e+01,9.347769862017599740e-01,1.221507865115700042e+02
6.052000045776399872e+01,1.414545839670700023e-02,-1.311667395561899951e+01,9.347402293933200212e-01,1.219008543959800051e+02
6.058399963378899855e+01,1.422309935836599953e-02,-1.334891939048299925e+01,9.347035012893399886e-01,1.216509238826400008e+02
6.064799880981399838e+01,1.430035781057899941e-02,-1.358173027131899957e+01,9.346667784973200499e-01,1.214010231466800036e+02
6.071200180053700279e+01,1.437723031662099978e-02,-1.381508269693600077e+01,9.346301612028500294e-01,1.211510665786500027e+02
6.077600097656200262e+01,1.445371063142599985e-02,-1.404895641156100083e+01,9.345934435608800328e-01,1.209011340895499984e+02
6.084000015258799721e+01,1.452979574673099981e-02,-1.428332413623700070e+01,9.345567916681000176e-01,1.206511742110400007e+02
6.090399932861299703e+01,1.460548282753099981e-02,-1.451816399045699946e+01,9.345200912213500466e-01,1.204012203971199995e+02
6.096799850463899872e+01,1.468076317981300075e-02,-1.475345521704799978e+01,9.344834789941299791e-01,1.201512607641199963e+02
6.103200149536100128e+01,1.475563508865000012e-02,-1.498916901231599930e+01,9.344468073835400235e-01,1.199013042481900015e+02
6.109600067138700297e+01,1.483009276092400047e-02,-1.522528999816899997e+01,9.344101562150799456e-01,1.196513179457000007e+02
6.115999984741200279e+01,1.490413483891600034e-02,-1.546178585875900069e+01,9.343734527850200422e-01,1.194013333517300026e+02
6.122399902343799738e+01,1.497775704078499991e-02,-1.569864019236699981e+01,9.343367907516400006e-01,1.191513486723400064e+02
6.128799819946299721e+01,1.505095467412599988e-02,-1.593582020027099944e+01,9.343000120006399456e-01,1.189013644807500043e+02
6.135200119018600162e+01,1.512372424318600070e-02,-1.617331197702900170e+01,9.342633000768000295e-01,1.186513509723399977e+02
6.141600036621100145e+01,1.519606187502100039e-02,-1.641108611812099838e+01,9.342265322477300016e-01,1.184013658433400025e+02
6.147999954223600128e+01,1.526796764267599957e-02,-1.664911686995500162e+01,9.341896787315200346e-01,1.181513552627299930e+02
6.154399871826200297e+01,1.533943421041399947e-02,-1.688738552987399899e+01,9.341527805875099455e-01,1.179013421477999941e+02
6.160800170898399841e+01,1.541046316471499956e-02,-1.712586579997000058e+01,9.341158845045699488e-01,1.176513036574799997e+02
6.167200088501000010e+01,1.548104902276900043e-02,-1.736453088364299902e+01,9.340789609328099541e-01,1.174012628586200009e+02
6.173600006103499993e+01,1.555119273877899992e-02,-1.760336343109300117e+01,9.340418415105700145e-01,1.171512510456999934e+02
6.179999923706100162e+01,1.562088811831400040e-02,-1.784233324057800019e+01,9.340047533512499944e-01,1.169012108895000068e+02
6.186399841308600145e+01,1.569013569154400004e-02,-1.808142259122899986e+01,9.339676484200000184e-01,1.166511719964900067e+02
6.192800140380899876e+01,1.575893587075900132e-02,-1.832060344469200075e+01,9.339304460895200277e-01,1.164011034112599958e+02
6.199200057983399859e+01,1.582728536395399885e-02,-1.855985262215499887e+01,9.338931968866900357e-01,1.161510640920400022e+02
6.205599975585899841e+01,1.589517984486400054e-02,-1.879914872004099990e+01,9.338558095457100139e-01,1.159009968419599943e+02
6.211999893188500010e+01,1.596262455571499997e-02,-1.903846962356200123e+01,9.338183659605899800e-01,1.156509573823600050e+02
6.218399810790999993e+01,1.602961456521299899e-02,-1.927779178146399985e+01,9.337807907516100236e-01,1.154008639332000001e+02
6.224800109863299724e+01,1.609615170437700069e-02,-1.951709246282500132e+01,9.337432222871799858e-01,1.151508230735399962e+02
6.231200027465799707e+01,1.616223470092599881e-02,-1.975634951249000082e+01,9.337054277096199506e-01,1.149007314709899958e+02
6.237599945068399876e+01,1.622786506887699889e-02,-1.999554099027700005e+01,9.336676674146799915e-01,1.146506616161099998e+02
6.243999862670899859e+01,1.629304105897499966e-02,-2.023464406495600088e+01,9.336297823344700264e-01,1.144005969590599960e+02
6.250400161743200300e+01,1.635776664435200159e-02,-2.047363568631200081e+01,9.335917377861000510e-01,1.141505014427499987e+02
6.256800079345700283e+01,1.642203866202299883e-02,-2.071250217206100075e+01,9.335536712016300198e-01,1.139004065807600057e+02
6.263199996948200265e+01,1.648586148702799875e-02,-2.095121834457900079e+01,9.335154325146299836e-01,1.136503415274899993e+02
6.269599914550799724e+01,1.654923724133200089e-02,-2.118975851745599925e+01,9.334770888820800305e-01,1.134002475621699944e+02
6.275999832153299707e+01,1.661216368275600028e-02,-2.142811330917599832e+01,9.334386678474599908e-01,1.131501510604799989e+02
6.282400131225600148e+01,1.667464625900099903e-02,-2.166625437519000030e+01,9.334001164410800078e-01,1.129000584673400027e+02
6.288800048828100131e+01,1.673668521307599896e-02,-2.190417069695400087e+01,9.333614206681599690e-01,1.126499632237199933e+02
6.295199966430700300e+01,1.679828791001199834e-02,-2.214183622225399972e+01,9.333226475432999658e-01,1.123998705962600013e+02
6.301599884033200283e+01,1.685945136901000063e-02,-2.237924079006599953e+01,9.332837752619399518e-01,1.121498019254400020e+02
6.308000183105500014e+01,1.692018073639900075e-02,-2.261635951028599933e+01,9.332447072570200231e-01,1.118997092271099945e+02
6.314400100707999997e+01,1.698047758703900151e-02,-2.285318089481700099e+01,9.332056118699000313e-01,1.116496130872800023e+02
6.320800018310499979e+01,1.704035059522299861e-02,-2.308968657255200085e+01,9.331663651200100551e-01,1.113995195382399999e+02
6.327199935913100148e+01,1.709980070234300153e-02,-2.332586208625700053e+01,9.331269198955399746e-01,1.111494267194700001e+02
6.333599853515600131e+01,1.715883231658800120e-02,-2.356168955807600085e+01,9.330874656747399909e-01,1.108993604781300064e+02
6.340000152587899862e+01,1.721744703777899899e-02,-2.379716176144999906e+01,9.330478123235900201e-01,1.106492655119700004e+02
6.346400070190399845e+01,1.727565260265500127e-02,-2.403225715582399857e+01,9.330081394257100369e-01,1.103991973284500006e+02
6.352799987793000014e+01,1.733345641122800013e-02,-2.426696779412799998e+01,9.329681941429199821e-01,1.101491313333099953e+02
6.359199905395499997e+01,1.739085874525499870e-02,-2.450127907376799996e+01,9.329281989523899865e-01,1.098990361360900039e+02
6.365599822997999979e+01,1.744786469435399834e-02,-2.473518252247799865e+01,9.328881421826300535e-01,1.096489694767400067e+02
6.372000122070299710e+01,1.750448619453799995e-02,-2.496866055166900011e+01,9.328478872910299646e-01,1.093989040972600009e+02
6.378400039672899879e+01,1.756072323490799961e-02,-2.520171323548199993e+01,9.328075080875199987e-01,1.091488373314700056e+02
6.384799957275399862e+01,1.761658523691399941e-02,-2.543432088726899920e+01,9.327670543947099713e-01,1.088987961294700000e+02
6.391199874877899845e+01,1.767207448075000173e-02,-2.566648613001899903e+01,9.327265161528599524e-01,1.086487293561000058e+02
6.397600173950200286e+01,1.772720117098499845e-02,-2.589819552905600020e+01,9.326857738922500474e-01,1.083986906463100013e+02
6.404000091552700269e+01,1.778197016370399938e-02,-2.612944181706999913e+01,9.326450575530199627e-01,1.081486490932500004e+02
6.410399627685499979e+01,1.783639121232200031e-02,-2.636022292148100021e+01,9.326041245882400466e-01,1.078986374520799956e+02
6.416799926757799710e+01,1.789046525510299898e-02,-2.659053358415599888e+01,9.325631953201199975e-01,1.076485982852900065e+02
6.423200225830099441e+01,1.794420688452899940e-02,-2.682036299453099915e+01,9.325220771927099639e-01,1.073985862646100031e+02
6.429599761962900573e+01,1.799761854653900151e-02,-2.704971590899100065e+01,9.324809507111200269e-01,1.071485718310800053e+02
6.436000061035200304e+01,1.805070847641300144e-02,-2.727859397529099894e+01,9.324395640447600275e-01,1.068985625481400064e+02
6.442400360107400559e+01,1.810348730742599929e-02,-2.750698767917999987e+01,9.323981565494799950e-01,1.066485776653699986e+02
6.448799896240200269e+01,1.815595732871300161e-02,-2.773490070861399914e+01,9.323568085741099631e-01,1.063985917356699957e+02
6.455200195312500000e+01,1.820813120564199888e-02,-2.796233574347800044e+01,9.323152977595500213e-01,1.061486058812899955e+02
6.461599731445299710e+01,1.826001608250900007e-02,-2.818928739527600058e+01,9.322737200300800220e-01,1.058986496838499960e+02
6.468000030517599441e+01,1.831162004769600060e-02,-2.841576808468299831e+01,9.322320614162900032e-01,1.056486898996000008e+02
6.474400329589799696e+01,1.836294852491100055e-02,-2.864177434346800055e+01,9.321903147901500208e-01,1.053987341565899953e+02
6.480799865722700304e+01,1.841401120196200017e-02,-2.886731485840000033e+01,9.321485942436800176e-01,1.051488041486999947e+02
6.487200164794900559e+01,1.846481658892600020e-02,-2.909240303712600095e+01,9.321068004688599640e-01,1.048988738973300059e+02
6.493599700927700269e+01,1.851537697856800099e-02,-2.931702531758699948e+01,9.320649406688300553e-01,1.046489696854199991e+02
6.500000000000000000e+01,1.856569201950500000e-02,-2.954121599741599979e+01,9.320230524825300344e-01,1.043990680253299956e+02
