"Freq [GHz]","Phi [deg]","Theta [deg]","GainTotal []"
35,-180,0,4.82413308903292
35,-180,2,4.82105928181468
35,-180,4,4.80127218725148
35,-180,6,4.76523464394209
35,-180,8,4.71360216890987
35,-180,10,4.64720409078092
35,-180,12,4.56702120699336
35,-180,14,4.47416083213177
35,-180,16,4.36983015896776
35,-180,18,4.25530886417498
35,-180,20,4.1319218588594
35,-180,22,4.00101301409983
35,-180,24,3.86392058960739
35,-180,26,3.72195496682674
35,-180,28,3.57637914470852
35,-180,30,3.42839230576794
35,-180,32,3.27911661050452
35,-180,34,3.12958723764348
35,-180,36,2.98074556258892
35,-180,38,2.8334352619729
35,-180,40,2.6884010514392
35,-180,42,2.54628970813247
35,-180,44,2.40765299831301
35,-180,46,2.27295212209111
35,-180,48,2.14256329829523
35,-180,50,2.01678413900024
35,-180,52,1.89584050093408
35,-180,54,1.77989354557214
35,-180,56,1.66904678729241
35,-180,58,1.56335295616524
35,-180,60,1.46282054618547
35,-180,62,1.36741995919859
35,-180,64,1.27708918835336
35,-180,66,1.19173901222269
35,-180,68,1.11125769189431
35,-180,70,1.035515178862
35,-180,72,0.964366852208999
35,-180,74,0.897656810256878
35,-180,76,0.835220745458279
35,-180,78,0.776888432690008
35,-180,80,0.722485860993887
35,-180,82,0.671837037829076
35,-180,84,0.624765493517946
35,-180,86,0.58109551213981
35,-180,88,0.540653113895828
35,-180,90,0.503266813088016
35,-180,92,0.468768175409289
35,-180,94,0.436992198257874
35,-180,96,0.407777538251441
35,-180,98,0.380966610966735
35,-180,100,0.356405589073495
35,-180,102,0.333944326330527
35,-180,104,0.313436236188857
35,-180,106,0.294738154781973
35,-180,108,0.277710218619377
35,-180,110,0.262215787053871
35,-180,112,0.248121438272943
35,-180,114,0.235297064895113
35,-180,116,0.223616091005571
35,-180,118,0.212955826498808
35,-180,120,0.203197966886973
35,-180,122,0.194229237413426
35,-180,124,0.185942169692104
35,-180,126,0.178235987674153
35,-180,128,0.17101756820276
35,-180,130,0.164202430582368
35,-180,132,0.157715700379948
35,-180,134,0.151492986032089
35,-180,136,0.145481103616803
35,-180,138,0.139638586056348
35,-180,140,0.133935918475676
35,-180,142,0.128355451538849
35,-180,144,0.122890959024673
35,-180,146,0.117546823989423
35,-180,148,0.112336858543755
35,-180,150,0.107282784200981
35,-180,152,0.102412421414954
35,-180,154,0.0977576567492648
35,-180,156,0.0933522726240542
35,-180,158,0.0892297365033996
35,-180,160,0.0854210527606293
35,-180,162,0.0819527807198592
35,-180,164,0.0788453163652336
35,-180,166,0.0761115231958515
35,-180,168,0.0737557803320595
35,-180,170,0.0717734942331858
35,-180,172,0.0701510955293902
35,-180,174,0.0688665159688606
35,-180,176,0.0678901139343259
35,-180,178,0.0671859920356183
35,-180,180,0.066713628539642
35,-178,0,4.82413308903292
35,-178,2,4.82165550047905
35,-178,4,4.80198149652629
35,-178,6,4.76555881336315
35,-178,8,4.71304082915734
35,-178,10,4.64526761181569
35,-178,12,4.56324305022499
35,-178,14,4.46810897021681
35,-178,16,4.36111720843337
35,-178,18,4.24360064164393
35,-178,20,4.11694414703185
35,-178,22,3.98255640424042
35,-178,24,3.84184334846713
35,-178,26,3.69618395337971
35,-178,28,3.54690887209563
35,-178,30,3.39528230354173
35,-178,32,3.24248728975226
35,-178,34,3.08961449591034
35,-178,36,2.93765438672287
35,-178,38,2.7874925958299
35,-178,40,2.63990819315484
35,-178,42,2.49557449007806
35,-178,44,2.35506198376835
35,-178,46,2.21884302793711
35,-178,48,2.08729782439334
35,-178,50,1.96072135392766
35,-178,52,1.83933090171233
35,-178,54,1.72327387707824
35,-178,56,1.61263567610226
35,-178,58,1.50744738441297
35,-178,60,1.40769316425782
35,-178,62,1.31331721222768
35,-178,64,1.22423021091688
35,-178,66,1.14031522868197
35,-178,68,1.06143304655183
35,-178,70,0.987426910623794
35,-178,72,0.918126722593086
35,-178,74,0.853352691173309
35,-178,76,0.792918473877049
35,-178,78,0.736633842706994
35,-178,80,0.684306909452035
35,-178,82,0.635745947083527
35,-178,84,0.59076084369325
35,-178,86,0.5491642248948
35,-178,88,0.510772279921936
35,-178,90,0.475405326018847
35,-178,92,0.442888145277958
35,-178,94,0.41305012792782
35,-178,96,0.38572525623645
35,-178,98,0.360751963646094
35,-178,100,0.337972904407888
35,-178,102,0.317234669694109
35,-178,104,0.298387486728523
35,-178,106,0.281284937635745
35,-178,108,0.265783734170754
35,-178,110,0.251743582928164
35,-178,112,0.239027172728262
35,-178,114,0.227500311349244
35,-178,116,0.217032232412435
35,-178,118,0.207496084934833
35,-178,120,0.19876960790117
35,-178,122,0.190735980423619
35,-178,124,0.183284825107286
35,-178,126,0.176313328789897
35,-178,128,0.169727431730926
35,-178,130,0.163443024589144
35,-178,132,0.157387083221823
35,-178,134,0.151498665517711
35,-178,136,0.14572969306684
35,-178,138,0.140045444163306
35,-178,140,0.134424693782665
35,-178,142,0.128859450705868
35,-178,144,0.123354261346624
35,-178,146,0.117925073088432
35,-178,148,0.112597675649985
35,-178,150,0.107405765458623
35,-178,152,0.102388703327758
35,-178,154,0.0975890579935258
35,-178,156,0.0930500455037711
35,-178,158,0.0888129856068329
35,-178,160,0.0849149001273617
35,-178,162,0.0813863743297917
35,-178,164,0.0782497905081556
35,-178,166,0.0755180241143437
35,-178,168,0.073193667771014
35,-178,170,0.0712688190697088
35,-178,172,0.0697254360158892
35,-178,174,0.0685362314377285
35,-178,176,0.0676660467740077
35,-178,178,0.06707361846587
35,-178,180,0.066713628539642
35,-176,0,4.82413308903292
35,-176,2,4.82224549969217
35,-176,4,4.80268027969837
35,-176,6,4.76586901882106
35,-176,8,4.71246210755234
35,-176,10,4.64330969114747
35,-176,12,4.55943825825572
35,-176,14,4.46202380223401
35,-176,16,4.35236258248162
35,-176,18,4.2318405511779
35,-176,20,4.1019024981535
35,-176,22,3.96402190664686
35,-176,24,3.81967241134194
35,-176,26,3.67030161544611
35,-176,28,3.51730786528159
35,-176,30,3.36202040939283
35,-176,32,3.20568319503213
35,-176,34,3.04944238788306
35,-176,36,2.89433754944628
35,-176,38,2.74129627717826
35,-176,40,2.5911320095651
35,-176,42,2.44454462386437
35,-176,44,2.30212340812169
35,-176,46,2.16435196927894
35,-176,48,2.03161464233292
35,-176,50,1.90420398725875
35,-176,52,1.78232899604982
35,-176,54,1.66612367705018
35,-176,56,1.55565573346341
35,-176,58,1.45093510385098
35,-176,60,1.35192218169397
35,-176,62,1.2585355766019
35,-176,64,1.17065932018717
35,-176,66,1.08814945431659
35,-176,68,1.01083996826102
35,-176,70,0.938548074435777
35,-176,72,0.871078830459558
35,-176,74,0.808229128805157
35,-176,76,0.749791085077263
35,-176,78,0.695554862633269
35,-176,80,0.645310975521722
35,-176,82,0.598852114143013
35,-176,84,0.555974539155585
35,-176,86,0.51647908939792
35,-176,88,0.480171849334431
35,-176,90,0.446864521050774
35,-176,92,0.416374545336488
35,-176,94,0.388525016042785
35,-176,96,0.363144431758088
35,-176,98,0.340066328894245
35,-176,100,0.319128840433932
35,-176,102,0.300174224689378
35,-176,104,0.283048408226831
35,-176,106,0.267600586322088
35,-176,108,0.253682922589882
35,-176,110,0.241150386417684
35,-176,112,0.229860762194273
35,-176,114,0.21967485777506
35,-176,116,0.210456930992061
35,-176,118,0.202075342266431
35,-176,120,0.194403428673594
35,-176,122,0.187320580522282
35,-176,124,0.180713486250504
35,-176,126,0.174477496052898
35,-176,128,0.16851804017067
35,-176,130,0.162752025369624
35,-176,132,0.157109124025853
35,-176,134,0.151532865595833
35,-176,136,0.145981441049683
35,-176,138,0.140428137768854
35,-176,140,0.134861335710344
35,-176,142,0.129284015074863
35,-176,144,0.123712750499245
35,-176,146,0.118176195603582
35,-176,148,0.112713092775105
35,-176,150,0.107369874233144
35,-176,152,0.102197949383772
35,-176,154,0.0972507979474002
35,-176,156,0.0925810062574301
35,-176,158,0.0882373938262962
35,-176,160,0.0842623776729145
35,-176,162,0.08068971260187
35,-176,164,0.0775427269544396
35,-176,166,0.0748331463737271
35,-176,168,0.0725605645531326
35,-176,170,0.0707125820101072
35,-176,172,0.0692655942487098
35,-176,174,0.0681861720138871
35,-176,176,0.0674329414218401
35,-176,178,0.0669588430433217
35,-176,180,0.0667136285396421
35,-174,0,4.82413308903292
35,-174,2,4.82282944847316
35,-174,4,4.80337146391917
35,-174,6,4.7661738636785
35,-174,8,4.71188346628654
35,-174,10,4.64136002660324
35,-174,12,4.55565226247307
35,-174,14,4.45597003948241
35,-174,16,4.34365379750154
35,-174,18,4.22014235388604
35,-174,20,4.08694021438545
35,-174,22,3.94558546708307
35,-174,24,3.79761923308945
35,-174,26,3.64455750869962
35,-174,28,3.48786606756562
35,-174,30,3.32893890940745
35,-174,32,3.16908055532057
35,-174,34,3.0094923095667
35,-174,36,2.85126244313703
35,-174,38,2.69536011260014
35,-174,40,2.54263271365338
35,-174,42,2.39380628477091
35,-174,44,2.24948852242806
35,-174,46,2.11017394362738
35,-174,48,1.9762507303843
35,-174,50,1.84800880999554
35,-174,52,1.72564875941378
35,-174,54,1.60929116701214
35,-174,56,1.49898613596589
35,-174,58,1.39472266657093
35,-174,60,1.29643770700461
35,-174,62,1.20402471106109
35,-174,64,1.11734158576475
35,-174,66,1.03621795063656
35,-174,68,0.960461663440337
35,-174,70,0.889864594544784
35,-174,72,0.824207653951166
35,-174,74,0.763265092076181
35,-174,76,0.706808108159355
35,-174,78,0.654607809332859
35,-174,80,0.606437569594426
35,-174,82,0.562074841776324
35,-174,84,0.521302477673546
35,-174,86,0.483909612292716
35,-174,88,0.449692168153265
35,-174,90,0.418453035082171
35,-174,92,0.390001980278971
35,-174,94,0.36415534278459
35,-174,96,0.340735565965455
35,-174,98,0.319570621223502
35,-174,100,0.300493375762825
35,-174,102,0.283340956689849
35,-174,104,0.267954162717152
35,-174,106,0.254176972937359
35,-174,108,0.241856199150492
35,-174,110,0.230841323678915
35,-174,112,0.220984558139028
35,-174,114,0.212141149992136
35,-174,116,0.204169952734485
35,-174,118,0.196934262353729
35,-174,120,0.190302907440493
35,-174,122,0.184151563610895
35,-174,124,0.178364245437174
35,-174,126,0.1728349119094
35,-174,128,0.167469105772225
35,-174,130,0.162185534235244
35,-174,132,0.156917489909162
35,-174,134,0.151614007640852
35,-174,136,0.14624065624107
35,-174,138,0.140779874576814
35,-174,140,0.135230779295359
35,-174,142,0.129608396128382
35,-174,144,0.123942297229466
35,-174,146,0.11827466164954
35,-174,148,0.112657812645449
35,-174,150,0.107151321458865
35,-174,152,0.101818799730302
35,-174,154,0.0967245291207293
35,-174,156,0.0919300946071496
35,-174,158,0.087491195451624
35,-174,160,0.0834548039114006
35,-174,162,0.0798568261333156
35,-174,164,0.0767203930636606
35,-174,166,0.0740548732159749
35,-174,168,0.0718556561799714
35,-174,170,0.0701047088434855
35,-174,172,0.0687718588258561
35,-174,174,0.0678167150694568
35,-174,176,0.0671910971942447
35,-174,178,0.0668418159033843
35,-174,180,0.0667136285396421
35,-172,0,4.82413308903292
35,-172,2,4.82340751484833
35,-172,4,4.80405795692571
35,-172,6,4.76648190243864
35,-172,8,4.7113222823493
35,-172,10,4.639448189215
35,-172,12,4.55193031929805
35,-172,14,4.45001215855075
35,-172,16,4.33507805446881
35,-172,18,4.20861937941398
35,-172,20,4.07219999531443
35,-172,22,3.92742217762019
35,-172,24,3.77589405416736
35,-172,26,3.61919947104602
35,-172,28,3.45887102354645
35,-172,30,3.29636679782471
35,-172,32,3.13305117036157
35,-172,34,2.97017981917729
35,-172,36,2.80888892317369
35,-172,38,2.65018837182013
35,-172,40,2.49495868205879
35,-172,42,2.34395122551508
35,-172,44,2.19779130710974
35,-172,46,2.05698360410716
35,-172,48,1.92191946901108
35,-172,50,1.79288561600234
35,-172,52,1.67007374378494
35,-172,54,1.55359069274839
35,-172,56,1.44346878662746
35,-172,58,1.33967606433473
35,-172,60,1.24212616310927
35,-172,62,1.1506876671064
35,-172,64,1.06519278433327
35,-172,66,0.985445258341006
35,-172,68,0.911227458779401
35,-172,70,0.842306626674582
35,-172,72,0.77844027628043
35,-172,74,0.719380775967993
35,-172,76,0.664879146381471
35,-172,78,0.614688125616898
35,-172,80,0.568564559124386
35,-172,82,0.526271177060297
35,-172,84,0.487577824567138
35,-172,86,0.452262211540552
35,-172,88,0.420110248395996
35,-172,90,0.39091603363262
35,-172,92,0.364481557970023
35,-172,94,0.340616188754606
35,-172,96,0.31913599732406
35,-172,98,0.299862991084142
35,-172,100,0.282624311071381
35,-172,102,0.26725145451683
35,-172,104,0.253579580063646
35,-172,106,0.241446950432453
35,-172,108,0.230694563048737
35,-172,110,0.221166013032018
35,-172,112,0.212707624642005
35,-172,114,0.205168876537127
35,-172,116,0.198403132942026
35,-172,118,0.192268677168049
35,-172,120,0.186630026257277
35,-172,122,0.181359486470595
35,-172,124,0.176338889834162
35,-172,126,0.171461433170751
35,-172,128,0.166633524351148
35,-172,130,0.161776527404335
35,-172,132,0.156828290129612
35,-172,134,0.151744336332792
35,-172,136,0.146498610850083
35,-172,138,0.141083679772275
35,-172,140,0.13551031080244
35,-172,142,0.129806388851888
35,-172,144,0.12401515844965
35,-172,146,0.118192825250386
35,-172,148,0.112405591208778
35,-172,150,0.106726238754551
35,-172,152,0.101230415281825
35,-172,154,0.0959927973031778
35,-172,156,0.0910833309755232
35,-172,158,0.0865637503532116
35,-172,160,0.0824845655802766
35,-172,162,0.0788826903167298
35,-172,164,0.0757798421781307
35,-172,166,0.0731818041287318
35,-172,168,0.071078581817459
35,-172,170,0.0694454356699788
35,-172,172,0.0682447113814868
35,-172,174,0.067428342501226
35,-172,176,0.066940857870502
35,-172,178,0.0667226978427759
35,-172,180,0.0667136285396422
35,-170,0,4.82413308903292
35,-170,2,4.82397986097067
35,-170,4,4.80474262200665
35,-170,6,4.7668015756058
35,-170,8,4.71079571758939
35,-170,10,4.63760339896844
35,-170,12,4.54831715719555
35,-170,14,4.4442138801512
35,-170,16,4.32672150503937
35,-170,18,4.19738352949298
35,-170,20,4.05782262380333
35,-170,22,3.90970458419934
35,-170,24,3.75470376385162
35,-170,26,3.59447097002232
35,-170,28,3.43060463398228
35,-170,30,3.26462585772362
35,-170,32,3.0979577311609
35,-170,34,2.93190910779124
35,-170,36,2.76766283645454
35,-170,38,2.60626828042398
35,-170,40,2.44863781843348
35,-170,42,2.29554691850712
35,-170,44,2.14763730508159
35,-170,46,2.00542270116458
35,-170,48,1.86929661671144
35,-170,50,1.73954166748188
35,-170,52,1.61633994027543
35,-170,54,1.49978396551332
35,-170,56,1.38988791185019
35,-170,58,1.28659867566676
35,-170,60,1.18980659744402
35,-170,62,1.09935559444022
35,-170,64,1.01505255279307
35,-170,66,0.936675870803307
35,-170,68,0.863983087915443
35,-170,70,0.796717570430651
35,-170,72,0.734614255248002
35,-170,74,0.677404477182378
35,-170,76,0.624819924100956
35,-170,78,0.576595777848789
35,-170,80,0.53247310838656
35,-170,82,0.492200594479604
35,-170,84,0.455535647406166
35,-170,86,0.422245015216219
35,-170,88,0.392104944728022
35,-170,90,0.364900977262154
35,-170,92,0.340427452525803
35,-170,94,0.31848679337838
35,-170,96,0.298888642587172
35,-170,98,0.281448921119849
35,-170,100,0.265988875874323
35,-170,102,0.252334182741779
35,-170,104,0.240314168159179
35,-170,106,0.229761208389931
35,-170,108,0.220510360209312
35,-170,110,0.212399269025092
35,-170,112,0.205268390375107
35,-170,114,0.198961547989889
35,-170,116,0.193326836157233
35,-170,118,0.188217856180329
35,-170,120,0.183495256758645
35,-170,122,0.17902852691099
35,-170,124,0.174697968666445
35,-170,126,0.17039675650016
35,-170,128,0.166032972925114
35,-170,130,0.161531496422973
35,-170,132,0.156835610655026
35,-170,134,0.151908204126018
35,-170,136,0.146732438335183
35,-170,138,0.14131178058769
35,-170,140,0.135669325036003
35,-170,142,0.129846361366867
35,-170,144,0.123900193194076
35,-170,146,0.117901255190231
35,-170,148,0.111929626125867
35,-170,150,0.106071080634717
35,-170,152,0.100412861861505
35,-170,154,0.0950393865202728
35,-170,156,0.0900281101940815
35,-170,158,0.0854457817403162
35,-170,160,0.081345300415597
35,-170,162,0.0777633581503639
35,-170,164,0.0747190040446583
35,-170,166,0.0722132116914205
35,-170,168,0.0702294664988979
35,-170,170,0.0687353246283652
35,-170,172,0.0676848326089556
35,-170,174,0.067021642058009
35,-170,176,0.0666826114822813
35,-170,178,0.066601660067069
35,-170,180,0.0667136285396421
35,-168,0,4.82413308903292
35,-168,2,4.82454663830669
35,-168,4,4.80542825325334
35,-168,6,4.76714114521669
35,-168,8,4.71032059007833
35,-168,10,4.63585430289708
35,-168,12,4.54485662779182
35,-168,14,4.43863765504733
35,-168,16,4.31866852973455
35,-168,18,4.18654430172447
35,-168,20,4.04394568492355
35,-168,22,3.89260104685474
35,-168,24,3.73424984495172
35,-168,26,3.57060857280488
35,-168,28,3.40334009010224
35,-168,30,3.23402699753501
35,-168,32,3.06414949621382
35,-168,34,2.89506795319841
35,-168,36,2.72801019198667
35,-168,38,2.56406334832015
35,-168,40,2.40416998376896
35,-168,42,2.24912803571755
35,-168,44,2.09959410334029
35,-168,46,1.95608952337751
35,-168,48,1.81900867367696
35,-168,50,1.68862895205654
35,-168,52,1.56512190798016
35,-168,54,1.4485650496218
35,-168,56,1.33895390420456
35,-168,58,1.23621397064743
35,-168,60,1.14021226680861
35,-168,62,1.05076823596922
35,-168,64,0.967663836336247
35,-168,66,0.890652691580422
35,-168,68,0.819468228642687
35,-168,70,0.753830770608278
35,-168,72,0.693453587130527
35,-168,74,0.638047932798729
35,-168,76,0.58732712536928
35,-168,78,0.541009731514427
35,-168,80,0.498821938438163
35,-168,82,0.460499196208371
35,-168,84,0.425787218838471
35,-168,86,0.394442432881712
35,-168,88,0.366231961369035
35,-168,90,0.340933229006238
35,-168,92,0.318333272180569
35,-168,94,0.298227834872692
35,-168,96,0.280420329206196
35,-168,98,0.264720737090229
35,-168,100,0.250944527047877
35,-168,102,0.238911657554299
35,-168,104,0.228445734604656
35,-168,106,0.219373386296426
35,-168,108,0.211523910434375
35,-168,110,0.204729242082504
35,-168,112,0.198824276232586
35,-168,114,0.193647566130864
35,-168,116,0.189042400316976
35,-168,118,0.184858241357222
35,-168,120,0.180952487169401
35,-168,122,0.177192492623406
35,-168,124,0.173457765955516
35,-168,126,0.169642232928911
35,-168,128,0.165656443300533
35,-168,130,0.161429580827105
35,-168,132,0.156911131559929
35,-168,134,0.152072067157296
35,-168,136,0.146905411631145
35,-168,138,0.141426082014602
35,-168,140,0.135669925805012
35,-168,142,0.129691919716417
35,-168,144,0.12356354330574
35,-168,146,0.117369394508826
35,-168,148,0.11120316831838
35,-168,150,0.105163170488198
35,-168,152,0.0993475808025622
35,-168,154,0.0938497108993161
35,-168,156,0.0887535163807592
35,-168,158,0.0841296196238603
35,-168,160,0.0800320774196479
35,-168,162,0.0764960871116093
35,-168,164,0.0735367687403788
35,-168,166,0.0711490928444071
35,-168,168,0.0693089492135316
35,-168,170,0.067975276955836
35,-168,172,0.0670931067722796
35,-168,174,0.0665973079440133
35,-168,176,0.0664167898354925
35,-168,178,0.0664788838826368
35,-168,180,0.0667136285396421
35,-166,0,4.82413308903292
35,-166,2,4.82510798292356
35,-166,4,4.80611755126709
35,-166,6,4.76750863152134
35,-166,8,4.70991324780783
35,-166,10,4.63422875744317
35,-166,12,4.54159136435097
35,-166,14,4.43334416222068
35,-166,16,4.31100103594853
35,-166,18,4.17620784475264
35,-166,20,4.03070233352837
35,-166,22,3.87627417369834
35,-166,24,3.71472642795744
35,-166,26,3.54783957504017
35,-166,28,3.37733903347013
35,-166,30,3.20486690114309
35,-166,32,3.03195839485838
35,-166,34,2.86002324415418
35,-166,36,2.69033207896955
35,-166,38,2.52400766032075
35,-166,40,2.3620206440984
35,-166,42,2.20518944408687
35,-166,44,2.05418367243566
35,-166,46,1.90953058275961
35,-166,48,1.77162391966819
35,-166,50,1.64073458443986
35,-166,52,1.51702255471478
35,-166,54,1.40054954123771
35,-166,56,1.29129192179603
35,-166,58,1.18915355695624
35,-166,60,1.09397815999231
35,-166,62,1.00556096116058
35,-166,64,0.923659471511979
35,-166,66,0.8480032116838
35,-166,68,0.778302325110333
35,-166,70,0.714255041905273
35,-166,72,0.655553998850548
35,-166,74,0.601891452452184
35,-166,76,0.552963446228001
35,-166,78,0.508473010898132
35,-166,80,0.468132487796168
35,-166,82,0.43166507258162
35,-166,84,0.39880567924863
35,-166,86,0.369301224511916
35,-166,88,0.34291043084894
35,-166,90,0.319403243591126
35,-166,92,0.29855995411273
35,-166,94,0.280170117784313
35,-166,96,0.264031352142758
35,-166,98,0.249948097672025
35,-166,100,0.23773042048456
35,-166,102,0.227192932675915
35,-166,104,0.218153901709285
35,-166,106,0.21043461432141
35,-166,108,0.203859052570546
35,-166,110,0.198253929273284
35,-166,112,0.193449116825869
35,-166,114,0.189278487087374
35,-166,116,0.185581160667166
35,-166,118,0.182203141942729
35,-166,120,0.178999292089757
35,-166,122,0.175835567321246
35,-166,124,0.172591424721369
35,-166,126,0.169162275134803
35,-166,128,0.165461843377212
35,-166,130,0.161424282543663
35,-166,132,0.157005883374146
35,-166,134,0.152186223262308
35,-166,136,0.14696861393218
35,-166,138,0.141379732789945
35,-166,140,0.135468360361113
35,-166,142,0.129303193894868
35,-166,144,0.12296976287875
35,-166,146,0.116566532475205
35,-166,148,0.110200341439044
35,-166,150,0.103981376936338
35,-166,152,0.0980179346969882
35,-166,154,0.0924112442636208
35,-166,156,0.0872506518115881
35,-166,158,0.0826094445855086
35,-166,160,0.0785415707186295
35,-166,162,0.0750794573956291
35,-166,164,0.0722330623321798
35,-166,166,0.0699902134921073
35,-166,168,0.0683182062648651
35,-166,170,0.067166543070174
35,-166,172,0.0664706245753391
35,-166,174,0.0661561406572934
35,-166,176,0.0661438677578219
35,-166,178,0.0663545603333562
35,-166,180,0.0667136285396422
35,-164,0,4.82413308903292
35,-164,2,4.82566401090864
35,-164,4,4.80681309949139
35,-164,6,4.76791175128406
35,-164,8,4.70958944573078
35,-164,10,4.63275361695371
35,-164,12,4.53856245074629
35,-164,14,4.42839182418045
35,-164,16,4.30379778303885
35,-164,18,4.16647605510249
35,-164,20,4.01822012446971
35,-164,22,3.86087934711633
35,-164,24,3.69631847820768
35,-164,26,3.52637981784471
35,-164,28,3.35284897698862
35,-164,30,3.17742503371995
35,-164,32,3.00169560655709
35,-164,34,2.82711713037398
35,-164,36,2.65500039392307
35,-164,38,2.48650119608562
35,-164,40,2.32261580788824
35,-164,42,2.16418079322307
35,-164,44,2.01187664447101
35,-164,46,1.86623462881982
35,-164,48,1.72764621407743
35,-164,50,1.59637444498627
35,-164,52,1.47256666747103
35,-164,54,1.35626804364172
35,-164,56,1.24743535954862
35,-164,58,1.1459506958054
35,-164,60,1.05163460392102
35,-164,62,0.964258504760511
35,-164,64,0.883556096869632
35,-164,66,0.809233628971023
35,-164,68,0.740978950922448
35,-164,70,0.678469309582591
35,-164,72,0.621377899688029
35,-164,74,0.569379214858244
35,-164,76,0.522153270517145
35,-164,78,0.479388789524357
35,-164,80,0.440785453599569
35,-164,82,0.406055330329517
35,-164,84,0.374923587879427
35,-164,86,0.347128608684321
35,-164,88,0.322421610468903
35,-164,90,0.300565878872881
35,-164,92,0.281335711464407
35,-164,94,0.264515168488776
35,-164,96,0.249896721551716
35,-164,98,0.237279887561036
35,-164,100,0.226469931412425
35,-164,102,0.217276716689967
35,-164,104,0.209513778516903
35,-164,106,0.202997686028316
35,-164,108,0.197547753137147
35,-164,110,0.192986144792639
35,-164,112,0.1891384113913
35,-164,114,0.185834466205883
35,-164,116,0.182909999720839
35,-164,118,0.180208300984084
35,-164,120,0.177582430225099
35,-164,122,0.174897660123671
35,-164,124,0.172034076667032
35,-164,126,0.168889206249535
35,-164,128,0.165380515547649
35,-164,130,0.161447616895126
35,-164,132,0.157054006543209
35,-164,134,0.152188168278602
35,-164,136,0.146863891915051
35,-164,138,0.14111968600245
35,-164,140,0.135017206582473
35,-164,142,0.128638677658994
35,-164,144,0.1220833416412
35,-164,146,0.115463045462376
35,-164,148,0.108897135371991
35,-164,150,0.102506894789046
35,-164,152,0.0964098091186298
35,-164,154,0.0907139735271829
35,-164,156,0.0855129699159685
35,-164,158,0.0808815250423438
35,-164,160,0.0768722224498301
35,-164,162,0.0735134785706155
35,-164,164,0.0708089124440613
35,-164,166,0.0687381453713551
35,-164,168,0.0672589693195934
35,-164,170,0.0663107293938593
35,-164,172,0.0658186842750352
35,-164,174,0.0656990460297449
35,-164,176,0.0658643620675577
35,-164,178,0.0662288897827724
35,-164,180,0.0667136285396421
35,-162,0,4.82413308903292
35,-162,2,4.82621481395276
35,-162,4,4.80751734133303
35,-162,6,4.76835785816169
35,-162,8,4.70936422712248
35,-162,10,4.63145453010564
35,-162,12,4.53580910390856
35,-162,14,4.42383634401868
35,-162,16,4.29713374119671
35,-162,18,4.15744572495306
35,-162,20,4.00661991773136
35,-162,22,3.84656335776611
35,-162,24,3.67920013509663
35,-162,26,3.50643171522889
35,-162,28,3.33010101195512
35,-162,30,3.15196102978283
35,-162,32,2.97364864252262
35,-162,34,2.7966638223225
35,-162,36,2.62235439559886
35,-162,38,2.45190618926267
35,-162,40,2.28633824987718
35,-162,42,2.12650267443751
35,-162,44,1.97308848604307
35,-162,46,1.8266289201147
35,-162,48,1.68751145433697
35,-162,50,1.55598991415499
35,-162,52,1.43219801055288
35,-162,54,1.31616371271625
35,-162,56,1.20782391972439
35,-162,58,1.10703896753523
35,-162,60,1.01360658552597
35,-162,62,0.927274996558792
35,-162,64,0.847754932383859
35,-162,66,0.774730409247818
35,-162,68,0.70786817460806
35,-162,70,0.646825793309619
35,-162,72,0.591258389582459
35,-162,74,0.540824099505736
35,-162,76,0.495188317456767
35,-162,78,0.454026840264546
35,-162,80,0.417028025408855
35,-162,82,0.38389408595102
35,-162,84,0.354341646350119
35,-162,86,0.328101681288546
35,-162,88,0.304918955366127
35,-162,90,0.284551076091431
35,-162,92,0.266767266823362
35,-162,94,0.251346960737442
35,-162,96,0.23807831176375
35,-162,98,0.226756713746574
35,-162,100,0.217183414544426
35,-162,102,0.209164306960328
35,-162,104,0.202508972665118
35,-162,106,0.197030047980484
35,-162,108,0.192542970858479
35,-162,110,0.188866156047128
35,-162,112,0.1858216298401
35,-162,114,0.183236136768974
35,-162,116,0.180942708188394
35,-162,118,0.178782657335944
35,-162,120,0.176607937890342
35,-162,122,0.174283774453002
35,-162,124,0.171691445264435
35,-162,126,0.16873107171158
35,-162,128,0.165324247945626
35,-162,130,0.161416329555915
35,-162,132,0.156978195106295
35,-162,134,0.15200730062202
35,-162,136,0.146527866551708
35,-162,138,0.140590070294966
35,-162,140,0.134268164988134
35,-162,142,0.127657505446606
35,-162,144,0.120870532036184
35,-162,146,0.114031838339982
35,-162,148,0.10727252304101
35,-162,150,0.100724093807449
35,-162,152,0.0945122442508581
35,-162,154,0.0887508578648893
35,-162,156,0.0835366002519139
35,-162,158,0.0789444400498019
35,-162,160,0.0750243896203199
35,-162,162,0.0717996815441028
35,-162,164,0.0692665019034433
35,-162,166,0.0673952941641489
35,-162,168,0.0661335376182029
35,-162,170,0.0654098016750405
35,-162,172,0.0651387909439986
35,-162,174,0.0652270334432505
35,-162,176,0.065578830261706
35,-162,178,0.0661020814427884
35,-162,180,0.0667136285396421
35,-160,0,4.82413308903292
35,-160,2,4.82676045512786
35,-160,4,4.80823255823107
35,-160,6,4.7688538855992
35,-160,8,4.70925181019608
35,-160,10,4.63035574596161
35,-160,12,4.53336837254611
35,-160,14,4.41973026845991
35,-160,16,4.29107949015744
35,-160,18,4.14920774901672
35,-160,20,3.99601486892448
35,-160,22,3.83346315902614
35,-160,24,3.66353321775666
35,-160,26,3.48818250726919
35,-160,28,3.30930781585353
35,-160,30,3.1287124752333
35,-160,32,2.94807893535244
35,-160,34,2.768947036221
35,-160,36,2.59269806767541
35,-160,38,2.42054448418088
35,-160,40,2.25352495086975
35,-160,42,2.09250424370768
35,-160,44,1.93817741303645
35,-160,46,1.79107754533323
35,-160,48,1.65158642046906
35,-160,50,1.51994735721816
35,-160,52,1.39627956350102
35,-160,54,1.2805933545562
35,-160,56,1.1728056664761
35,-160,58,1.07275536895118
35,-160,60,0.980217964580367
35,-160,62,0.894919348106434
35,-160,64,0.816548383385221
35,-160,66,0.744768135424664
35,-160,68,0.679225666806204
35,-160,70,0.61956037037444
35,-160,72,0.565410862174881
35,-160,74,0.516420499891083
35,-160,76,0.472241622788534
35,-160,78,0.432538630256334
35,-160,80,0.396990028689727
35,-160,82,0.365289582167632
35,-160,84,0.337146702745125
35,-160,86,0.312286212768527
35,-160,88,0.290447605858397
35,-160,90,0.271383926295151
35,-160,92,0.254860379401021
35,-160,94,0.240652778742837
35,-160,96,0.22854592986283
35,-160,98,0.218332044755029
35,-160,100,0.20980927614903
35,-160,102,0.202780455331652
35,-160,104,0.197052111070187
35,-160,106,0.192433839463631
35,-160,108,0.188738084511428
35,-160,110,0.185780376211468
35,-160,112,0.183380056606145
35,-160,114,0.181361504151759
35,-160,116,0.179555843158026
35,-160,118,0.177803098246867
35,-160,120,0.175954724614987
35,-160,122,0.173876414561302
35,-160,124,0.171451050874308
35,-160,126,0.168581650267495
35,-160,128,0.165194117433875
35,-160,130,0.161239615021539
35,-160,132,0.156696349534431
35,-160,134,0.151570580294644
35,-160,136,0.145896680158057
35,-160,138,0.139736113829235
35,-160,140,0.13317525236071
35,-160,142,0.126322009212742
35,-160,144,0.11930136081986
35,-160,146,0.112249897916419
35,-160,148,0.10530963631707
35,-160,150,0.0986213897742659
35,-160,152,0.0923180649891719
35,-160,154,0.0865182725293094
35,-160,156,0.081320651663819
35,-160,158,0.0767992789103025
35,-160,160,0.0730004695954944
35,-160,162,0.0699411926952154
35,-160,164,0.0676092086955677
35,-160,166,0.0659649179120934
35,-160,168,0.0649447838826192
35,-160,170,0.0644660846017294
35,-160,172,0.0644326538100621
35,-160,174,0.0647412132054091
35,-160,176,0.0652878689239133
35,-160,178,0.0659743528502985
35,-160,180,0.0667136285396421
35,-158,0,4.82413308903292
35,-158,2,4.82730096488779
35,-158,4,4.80896084882557
35,-158,6,4.76940629266146
35,-158,8,4.70926548085455
35,-158,10,4.62947993124705
35,-158,12,4.53127485471605
35,-158,14,4.41612258075808
35,-158,16,4.28570066312092
35,-158,18,4.14184639754264
35,-158,20,3.9865095137364
35,-158,22,3.82170475166207
35,-158,24,3.64946590728888
35,-158,26,3.47180274792022
35,-158,28,3.29066196632032
35,-158,30,3.10789308214014
35,-158,32,2.92521992443623
35,-158,34,2.74421805549901
35,-158,36,2.56629823709035
35,-158,38,2.3926958064248
35,-158,40,2.22446562886156
35,-158,42,2.06248213240086
35,-158,44,1.90744380799244
35,-158,46,1.75988147921427
35,-158,48,1.62016960292424
35,-158,50,1.48853985538917
35,-158,52,1.3650962814837
35,-158,54,1.24983133252611
35,-158,56,1.14264218557537
35,-158,58,1.04334681792382
35,-158,60,0.951699399640745
35,-158,62,0.867404659300674
35,-158,64,0.790130968964895
35,-158,66,0.719521980269055
35,-158,68,0.655206721104534
35,-158,70,0.596808129734754
35,-158,72,0.543950059012631
35,-158,74,0.496262827254905
35,-158,76,0.453387424623155
35,-158,78,0.414978505512497
35,-158,80,0.380706309860241
35,-158,82,0.350257661139326
35,-158,84,0.323336187886897
35,-158,86,0.299661910688917
35,-158,88,0.278970329185154
35,-158,90,0.261011135205466
35,-158,92,0.245546669609322
35,-158,94,0.232350232436597
35,-158,96,0.22120434889601
35,-158,98,0.211899087491841
35,-158,100,0.204230520901014
35,-158,102,0.197999414507714
35,-158,104,0.193010221063678
35,-158,106,0.189070451967797
35,-158,108,0.185990485349493
35,-158,110,0.1835838577867
35,-158,112,0.1816680695548
35,-158,114,0.180065912501204
35,-158,116,0.178607305001938
35,-158,118,0.177131590382565
35,-158,120,0.175490224488761
35,-158,122,0.173549746022064
35,-158,124,0.171194891510522
35,-158,126,0.168331687491059
35,-158,128,0.164890328152278
35,-158,130,0.160827630119244
35,-158,132,0.15612885016921
35,-158,134,0.150808659231025
35,-158,136,0.144911089355201
35,-158,138,0.138508310884314
35,-158,140,0.131698154926058
35,-158,142,0.124600369832459
35,-158,144,0.117351686110579
35,-158,146,0.110099856351181
35,-158,148,0.102996927839701
35,-158,150,0.0961920867176374
35,-158,152,0.0898244747317394
35,-158,154,0.0840164143509046
35,-158,156,0.0788674789471392
35,-158,158,0.0744498085344397
35,-158,160,0.0708049988466866
35,-158,162,0.0679427871236892
35,-158,164,0.0658416305814368
35,-158,166,0.0644511349002311
35,-158,168,0.0636961535346954
35,-158,170,0.0634822575526609
35,-158,172,0.0637021816233174
35,-158,174,0.0642427930776666
35,-158,176,0.0649921118553168
35,-158,178,0.0658459292935419
35,-158,180,0.0667136285396421
35,-156,0,4.82413308903293
35,-156,2,4.82783633732055
35,-156,4,4.80970410937001
35,-156,6,4.77002101319567
35,-156,8,4.70941749240194
35,-156,10,4.62884800031392
35,-156,12,4.52956043658523
35,-156,14,4.41305832686474
35,-156,16,4.28105744052723
35,-156,18,4.13543866129146
35,-156,20,3.97819895310276
35,-156,22,3.8114022057357
35,-156,24,3.63713161161974
35,-156,26,3.45744503068968
35,-156,28,3.27433455886889
35,-156,30,3.08969124438046
35,-156,32,2.9052756107487
35,-156,34,2.72269436144064
35,-156,36,2.54338337212604
35,-156,38,2.3685968335568
35,-156,40,2.19940219928746
35,-156,42,2.03668042314063
35,-156,44,1.88113084395076
35,-156,46,1.73327998973756
35,-156,48,1.59349352811127
35,-156,50,1.46199058089684
35,-156,52,1.33885964408005
35,-156,54,1.22407540388636
35,-156,56,1.11751581035031
35,-156,58,1.01897885522392
35,-156,60,0.928198595709101
35,-156,62,0.844860063816135
35,-156,64,0.768612798215463
35,-156,66,0.699082827059309
35,-156,68,0.635883013065628
35,-156,70,0.578621743805014
35,-156,72,0.526910009221507
35,-156,74,0.480366954503712
35,-156,76,0.438624029891929
35,-156,78,0.401327880930399
35,-156,80,0.368142134617601
35,-156,82,0.338748240738691
35,-156,84,0.312845525362335
35,-156,86,0.290150606975457
35,-156,88,0.270396316751736
35,-156,90,0.25333025445315
35,-156,92,0.238713101547219
35,-156,94,0.226316804003022
35,-156,96,0.215922729240667
35,-156,98,0.207319894827261
35,-156,100,0.200303360397927
35,-156,102,0.194672868340193
35,-156,104,0.190231812241717
35,-156,106,0.186786604096808
35,-156,108,0.184146500923168
35,-156,110,0.182123937968792
35,-156,112,0.180535398476757
35,-156,114,0.179202828666042
35,-156,116,0.177955581151712
35,-156,118,0.176632840829493
35,-156,120,0.175086455087545
35,-156,122,0.173184056354615
35,-156,124,0.170812331213435
35,-156,126,0.167880258854789
35,-156,128,0.164322115224625
35,-156,130,0.160100020883914
35,-156,132,0.155205803604
35,-156,134,0.149661954220782
35,-156,136,0.143521478971216
35,-156,138,0.136866495206858
35,-156,140,0.129805480341213
35,-156,142,0.122469164513211
35,-156,144,0.115005151801926
35,-156,146,0.107571456550121
35,-156,148,0.100329241909486
35,-156,150,0.0934351370482896
35,-156,152,0.0870335770342148
35,-156,154,0.0812496455812058
35,-156,156,0.0761828983459568
35,-156,158,0.0719025996896557
35,-156,160,0.0684447198379687
35,-156,162,0.0658109182083044
35,-156,164,0.0639695929323608
35,-156,166,0.0628589203208169
35,-156,168,0.0623916569313659
35,-156,170,0.0624613463804826
35,-156,172,0.0629494760268728
35,-156,174,0.0637330739584673
35,-156,176,0.064692227934108
35,-156,178,0.0657170431903079
35,-156,180,0.0667136285396422
35,-154,0,4.82413308903292
35,-154,2,4.82836652667764
35,-154,4,4.81046401552251
35,-154,6,4.77070340869045
35,-154,8,4.7097189729692
35,-154,10,4.62847895911752
35,-154,12,4.52825405445989
35,-154,14,4.41057827784018
35,-154,16,4.27720409759026
35,-154,18,4.13005367316832
35,-154,20,3.97116814413608
35,-154,22,3.80265682427784
35,-154,24,3.62664801556986
35,-154,26,3.44524295068013
35,-154,28,3.26047411976055
35,-154,30,3.07426895433366
35,-154,32,2.88841954476605
35,-154,34,2.7045587737465
35,-154,36,2.52414297001719
35,-154,38,2.34844093547202
35,-154,40,2.17852898289277
35,-154,42,2.01529144635387
35,-154,44,1.85942599423691
35,-154,46,1.71145298597884
35,-154,48,1.57172806626011
35,-154,50,1.44045718089012
35,-154,52,1.3177132225811
35,-154,54,1.20345356672577
35,-154,56,1.09753783131206
35,-154,58,0.99974528508794
35,-154,60,0.909791427923735
35,-154,62,0.827343371182073
35,-154,64,0.752033748496526
35,-154,66,0.683472984130448
35,-154,68,0.621259833418364
35,-154,70,0.564990185106777
35,-154,72,0.514264177210662
35,-154,74,0.468691725819469
35,-154,76,0.427896600568939
35,-154,78,0.391519202429762
35,-154,80,0.359218210772074
35,-154,82,0.330671269384626
35,-154,84,0.305574877409887
35,-154,86,0.283643643084712
35,-154,88,0.264609047623184
35,-154,90,0.248217855101727
35,-154,92,0.234230292985435
35,-154,94,0.222418117738724
35,-154,96,0.212562671155403
35,-154,98,0.204453025604189
35,-154,100,0.197884309961699
35,-154,102,0.192656301970441
35,-154,104,0.188572366292473
35,-154,106,0.185438809698507
35,-154,108,0.183064714687258
35,-154,110,0.181262299497402
35,-154,112,0.179847835250792
35,-154,114,0.178643129403999
35,-154,116,0.177477558675523
35,-154,118,0.176190604453776
35,-154,120,0.174634810135782
35,-154,122,0.172679044169854
35,-154,124,0.170211916593657
35,-154,126,0.167145162944754
35,-154,128,0.163416780477948
35,-154,130,0.158993681001975
35,-154,132,0.153873615968345
35,-154,134,0.148086136310156
35,-154,136,0.141692375102221
35,-154,138,0.134783487580071
35,-154,140,0.127477651004534
35,-154,142,0.119915614689335
35,-154,144,0.112254893972067
35,-154,146,0.104662813936877
35,-154,148,0.097308719651335
35,-154,150,0.0903557680916606
35,-154,152,0.0839527907319854
35,-154,154,0.078226753899174
35,-154,156,0.0732763381334416
35,-154,158,0.0691671039880934
35,-154,160,0.0659286114709162
35,-154,162,0.0635537210567246
35,-154,164,0.0620001386024178
35,-154,166,0.0611940912015699
35,-154,168,0.0610358544267615
35,-154,170,0.061406711179564
35,-154,172,0.0621768229340366
35,-154,174,0.0632134447341531
35,-154,176,0.0643889187122831
35,-154,178,0.0655879334204698
35,-154,180,0.0667136285396421
35,-152,0,4.82413308903292
35,-152,2,4.82889144420525
35,-152,4,4.81124200564066
35,-152,6,4.77145822516693
35,-152,8,4.71017984133664
35,-152,10,4.62838976438292
35,-152,12,4.52738148188771
35,-152,14,4.40871863101198
35,-152,16,4.27418860874783
35,-152,18,4.12575221007783
35,-152,20,3.96549130022824
35,-152,22,3.79555645102606
35,-152,24,3.61811631580002
35,-152,26,3.43531029782295
35,-152,28,3.24920580098345
35,-152,30,3.06176105575665
35,-152,32,2.87479420577803
35,-152,34,2.68995903626791
35,-152,36,2.50872743898306
35,-152,38,2.33237845040512
35,-152,40,2.16199347868585
35,-152,42,1.99845715565217
35,-152,44,1.84246311536708
35,-152,46,1.69452391038113
35,-152,48,1.5549842289673
35,-152,50,1.42403656784029
35,-152,52,1.3017385404939
35,-152,54,1.18803105588482
35,-152,56,1.08275667972875
35,-152,58,0.985677584842416
35,-152,60,0.896492601420343
35,-152,62,0.814852986776657
35,-152,64,0.740376641327965
35,-152,66,0.672660598630949
35,-152,68,0.611291708282435
35,-152,70,0.555855508712835
35,-152,72,0.50594335078096
35,-152,74,0.4611578821387
35,-152,76,0.421117037083931
35,-152,78,0.385456698352555
35,-152,80,0.353832207872624
35,-152,82,0.325918905101678
35,-152,84,0.30141186648983
35,-152,86,0.280025010072921
35,-152,88,0.261489717189934
35,-152,90,0.245553110487879
35,-152,92,0.231976114974884
35,-152,94,0.220531417727537
35,-152,96,0.211001432343556
35,-152,98,0.203176366347736
35,-152,100,0.196852483147496
35,-152,102,0.191830644144808
35,-152,104,0.187915210380978
35,-152,106,0.184913375629133
35,-152,108,0.182634993130896
35,-152,110,0.180892945234465
35,-152,112,0.179504088224728
35,-152,114,0.178290783086842
35,-152,116,0.177082996595323
35,-152,118,0.175720926171353
35,-152,120,0.174058067091342
35,-152,122,0.171964603102172
35,-152,124,0.169330963149966
35,-152,126,0.16607135024204
35,-152,128,0.162127016545914
35,-152,130,0.157469035348458
35,-152,132,0.152100309493805
35,-152,134,0.14605656149845
35,-152,136,0.139406076411222
35,-152,138,0.132248017327887
35,-152,140,0.124709206228083
35,-152,142,0.116939357961906
35,-152,144,0.109104868237707
35,-152,146,0.101381379549197
35,-152,148,0.093945471304077
35,-152,150,0.0869659289626541
35,-152,152,0.0805951279776863
35,-152,154,0.0749611090671759
35,-152,156,0.0701609123488328
35,-152,158,0.0662556746948546
35,-152,160,0.0632678793215145
35,-152,162,0.0611809879582078
35,-152,164,0.0599414989940948
35,-152,166,0.0594632792850488
35,-152,168,0.059633834186772
35,-152,170,0.0603220300508492
35,-152,172,0.0613866819421677
35,-152,174,0.0626853763205722
35,-152,176,0.0640829157607295
35,-152,178,0.0654588446156603
35,-152,180,0.0667136285396421
35,-150,0,4.82413308903292
35,-150,2,4.82941095529965
35,-150,4,4.81203926569378
35,-150,6,4.77228955440343
35,-150,8,4.71080873175591
35,-150,10,4.62859519897913
35,-150,12,4.52696514335019
35,-150,14,4.40751075191131
35,-150,16,4.27205231145229
35,-150,18,4.12258627749455
35,-150,20,3.96123140227305
35,-150,22,3.79017492261864
35,-150,24,3.61162063797129
35,-150,26,3.42774047349391
35,-150,28,3.24063084160332
35,-150,30,3.05227480563425
35,-150,32,2.86451072955255
35,-150,34,2.67900778381001
35,-150,36,2.49724838343327
35,-150,38,2.32051737126817
35,-150,40,2.14989753487608
35,-150,42,1.98627086477449
35,-150,44,1.83032482663069
35,-150,46,1.68256283039404
35,-150,48,1.54331803302545
35,-150,50,1.4127696048209
35,-150,52,1.29096061759105
35,-150,54,1.17781677060935
35,-150,56,1.0731652511788
35,-150,58,0.976753124481149
35,-150,60,0.888264755590381
35,-150,62,0.807337878898585
35,-150,64,0.733578040965308
35,-150,66,0.666571246986555
35,-150,68,0.605894734713578
35,-150,70,0.551125879911746
35,-150,72,0.501849302715052
35,-150,74,0.45766229403687
35,-150,76,0.418178716098323
35,-150,78,0.383031552509869
35,-150,80,0.35187429315222
35,-150,82,0.324381339651425
35,-150,84,0.300247610940945
35,-150,86,0.279187517573068
35,-150,88,0.260933460162346
35,-150,90,0.245233993341894
35,-150,92,0.231851783199101
35,-150,94,0.220561474195178
35,-150,96,0.21114757148612
35,-150,98,0.203402436360703
35,-150,100,0.197124485836834
35,-150,102,0.192116681648738
35,-150,104,0.188185388020855
35,-150,106,0.185139670718781
35,-150,108,0.182791100796108
35,-150,110,0.180954114160921
35,-150,112,0.179446961648504
35,-150,114,0.178093263025151
35,-150,116,0.17672415191203
35,-150,118,0.175180967081661
35,-150,120,0.17331840952875
35,-150,122,0.171008045333049
35,-150,124,0.168141993466063
35,-150,126,0.16463659792315
35,-150,128,0.160435848205371
35,-150,130,0.155514285231001
35,-150,132,0.149879115730756
35,-150,134,0.143571261752905
35,-150,136,0.136665097405069
35,-150,138,0.129266675665001
35,-150,140,0.121510325389186
35,-150,142,0.113553601180717
35,-150,144,0.105570691757394
35,-150,146,0.0977445273342301
35,-150,148,0.0902579612152442
35,-150,150,0.0832845205804641
35,-150,152,0.0769793106730044
35,-150,154,0.0714707007505284
35,-150,156,0.0668534084004769
35,-150,158,0.06318352612885
35,-150,160,0.0604759029661914
35,-150,162,0.0587041146039176
35,-150,164,0.0578030458632625
35,-150,166,0.0576738917713966
35,-150,168,0.0581911828051223
35,-150,170,0.0592112789387048
35,-150,172,0.0605816738413903
35,-150,174,0.0621504149285847
35,-150,176,0.0637749777764247
35,-150,178,0.0653300264092245
35,-150,180,0.0667136285396421
35,-148,0,4.82413308903292
35,-148,2,4.8299248770072
35,-148,4,4.81285671589486
35,-148,6,4.77320079975924
35,-148,8,4.71161292829094
35,-148,10,4.62910776435376
35,-148,12,4.5270239557707
35,-148,14,4.4069809585428
35,-148,16,4.2708296310111
35,-148,18,4.12059877823876
35,-148,20,3.95843982163862
35,-148,22,3.78657166403746
35,-148,24,3.60722763169442
35,-148,26,3.42260612102756
35,-148,28,3.23482627860293
35,-148,30,3.04588971785756
35,-148,32,2.85764894355616
35,-148,34,2.67178283167402
35,-148,36,2.48977921215096
35,-148,38,2.31292433553555
35,-148,40,2.14229877939792
35,-148,42,1.97877917082873
35,-148,44,1.8230449688515
35,-148,46,1.67558946433471
35,-148,48,1.53673411238529
35,-148,50,1.40664530928653
35,-148,52,1.2853527578901
35,-148,54,1.17276862636034
35,-148,56,1.06870678918957
35,-148,58,0.972901540059442
35,-148,60,0.885025276956445
35,-148,62,0.804704774699138
35,-148,64,0.731535772919301
35,-148,66,0.665095713540795
35,-148,68,0.604954556896903
35,-148,70,0.550683686957467
35,-148,72,0.501862982060918
35,-148,74,0.458086177602899
35,-148,76,0.418964681908885
35,-148,78,0.384130027441871
35,-148,80,0.353235148596789
35,-148,82,0.325954676986406
35,-148,84,0.301984437815253
35,-148,86,0.281040319062553
35,-148,88,0.262856670896655
35,-148,90,0.247184377806577
35,-148,92,0.233788731720199
35,-148,94,0.222447221789683
35,-148,96,0.212947346019739
35,-148,98,0.205084541528101
35,-148,100,0.198660323616947
35,-148,102,0.193480718337253
35,-148,104,0.189355067934199
35,-148,106,0.186095282390292
35,-148,108,0.183515602071111
35,-148,110,0.181432925076276
35,-148,112,0.179667737266273
35,-148,114,0.178045662249034
35,-148,116,0.176399622360856
35,-148,118,0.174572569780043
35,-148,120,0.172420709814275
35,-148,122,0.169817097187831
35,-148,124,0.166655442647202
35,-148,126,0.16285392405539
35,-148,128,0.158358756878145
35,-148,130,0.153147247932916
35,-148,132,0.147230038486236
35,-148,134,0.140652243564488
35,-148,136,0.133493218729073
35,-148,138,0.125864737527709
35,-148,140,0.117907444296219
35,-148,142,0.109785556835013
35,-148,144,0.101679926726762
35,-148,146,0.093779712388732
35,-148,148,0.0862730679520743
35,-148,150,0.0793373832268982
35,-148,152,0.0731297085928403
35,-148,154,0.0677780471582208
35,-148,156,0.063374182546929
35,-148,158,0.0599686284972914
35,-148,160,0.0575681389581073
35,-148,162,0.0561360165922077
35,-148,164,0.0555952238449995
35,-148,166,0.0558340600797286
35,-148,168,0.0567139488991621
35,-148,170,0.0580787076784206
35,-148,172,0.0597645663042899
35,-148,174,0.0616101745966977
35,-148,176,0.0634658874680649
35,-148,178,0.0652017326498894
35,-148,180,0.0667136285396421
35,-146,0,4.82413308903292
35,-146,2,4.830432975887
35,-146,4,4.8136949991416
35,-146,6,4.77419464682547
35,-146,8,4.71259830911062
35,-146,10,4.62993759071168
35,-146,12,4.52757319876877
35,-146,14,4.40715034907504
35,-146,16,4.27054786750028
35,-146,18,4.1198232660152
35,-146,20,3.95715605435609
35,-146,22,3.78479142478269
35,-146,24,3.60498623758243
35,-146,26,3.41995895979004
35,-146,28,3.23184489044503
35,-146,30,3.04265766352432
35,-146,32,2.85425767388619
35,-146,34,2.6683277391635
35,-146,36,2.48635600545676
35,-146,38,2.30962583727774
35,-146,40,2.13921220925402
35,-146,42,1.97598394203801
35,-146,44,1.82061099822846
35,-146,46,1.6735759742237
35,-146,48,1.53518888746864
35,-146,50,1.40560436109615
35,-146,52,1.28484034431687
35,-146,54,1.17279757138889
35,-146,56,1.06927904856887
35,-146,58,0.974008960874131
35,-146,60,0.886650502499684
35,-146,62,0.806822250249944
35,-146,64,0.734112812716396
35,-146,66,0.668093594231173
35,-146,68,0.608329607878733
35,-146,70,0.554388353209061
35,-146,72,0.505846840126062
35,-146,74,0.462296890259232
35,-146,76,0.423348881550383
35,-146,78,0.388634122236111
35,-146,80,0.357806048925846
35,-146,82,0.33054044246479
35,-146,84,0.306534847247416
35,-146,86,0.285507367039037
35,-146,88,0.267194995351511
35,-146,90,0.251351622827182
35,-146,92,0.237745849310581
35,-146,94,0.226158715275306
35,-146,96,0.216381456518049
35,-146,98,0.20821337760156
35,-146,100,0.201459933107084
35,-146,102,0.195931100697743
35,-146,104,0.19144012538391
35,-146,106,0.187802709112533
35,-146,108,0.184836712655868
35,-146,110,0.18236242651023
35,-146,112,0.180203452967886
35,-146,114,0.178188221711535
35,-146,116,0.176152135511622
35,-146,118,0.173940310606365
35,-146,120,0.171410838380137
35,-146,122,0.168438451973887
35,-146,124,0.164918435224148
35,-146,126,0.16077056453575
35,-146,128,0.155942830665196
35,-146,130,0.150414651646537
35,-146,132,0.14419926578787
35,-146,134,0.137344990822485
35,-146,136,0.129935057755478
35,-146,138,0.122085780464122
35,-146,140,0.113942907259804
35,-146,142,0.105676117615337
35,-146,144,0.09747177096047
35,-146,146,0.0895241747971256
35,-146,148,0.082025801594792
35,-146,150,0.0751570295727298
35,-146,152,0.0690760915734052
35,-146,154,0.0639099700950816
35,-146,156,0.0597469610437578
35,-146,158,0.0566315373417511
35,-146,160,0.0545619794204718
35,-146,162,0.0534910165571347
35,-146,164,0.0533294641462013
35,-146,166,0.0539525770366322
35,-146,168,0.0552085999950395
35,-146,170,0.0569288124565361
35,-146,172,0.0589382578700565
35,-146,174,0.0610663290437658
35,-146,176,0.0631564482388619
35,-146,178,0.0650742205828735
35,-146,180,0.0667136285396421
35,-144,0,4.82413308903292
35,-144,2,4.83093496625221
35,-144,4,4.81455447134292
35,-144,6,4.77527303909143
35,-144,8,4.71376930107665
35,-144,10,4.63109236544897
35,-144,12,4.52862441429651
35,-144,14,4.40803467358089
35,-144,16,4.27122704511847
35,-144,18,4.12028378341395
35,-144,20,3.9574075649698
35,-144,22,3.78486415220079
35,-144,24,3.60492761986432
35,-144,26,3.41982981223318
35,-144,28,3.23171535761515
35,-144,30,3.04260320585676
35,-144,32,2.85435529471606
35,-144,34,2.66865261002977
35,-144,36,2.48697859631969
35,-144,38,2.3106096087104
35,-144,40,2.14061187957239
35,-144,42,1.97784430635679
35,-144,44,1.82296624990708
35,-144,46,1.67644946223067
35,-144,48,1.53859323499424
35,-144,50,1.40954186977102
35,-144,52,1.28930361279554
35,-144,54,1.17777026494734
35,-144,56,1.07473676605125
35,-144,58,0.979920155449512
35,-144,60,0.892977422295769
35,-144,62,0.813521873436295
35,-144,64,0.741137758756947
35,-144,66,0.675392998791606
35,-144,68,0.615849953384012
35,-144,70,0.56207425049665
35,-144,72,0.513641759240696
35,-144,74,0.470143840370625
35,-144,76,0.431191041387624
35,-144,78,0.396415423415566
35,-144,80,0.365471715154136
35,-144,82,0.338037487844184
35,-144,84,0.313812536798021
35,-144,86,0.29251764207549
35,-144,88,0.273892865513795
35,-144,90,0.257695525386698
35,-144,92,0.243697974903612
35,-144,94,0.231685297542923
35,-144,96,0.221453021383076
35,-144,98,0.212804946262
35,-144,100,0.205551171484614
35,-144,102,0.199506407293926
35,-144,104,0.194488649523624
35,-144,106,0.190318292640293
35,-144,108,0.186817750497119
35,-144,110,0.183811645232159
35,-144,112,0.181127611559689
35,-144,114,0.178597745068758
35,-144,116,0.176060698164617
35,-144,118,0.173364395467266
35,-144,120,0.170369301866509
35,-144,122,0.166952131791319
35,-144,124,0.163009839243254
35,-144,126,0.158463677488993
35,-144,128,0.153263068903589
35,-144,130,0.147388984397461
35,-144,132,0.140856504282366
35,-144,134,0.133716225114022
35,-144,136,0.126054196714182
35,-144,138,0.117990125874799
35,-144,140,0.109673671501196
35,-144,142,0.101278779797214
35,-144,144,0.0929961623079277
35,-144,146,0.0850241934378415
35,-144,148,0.0775586812558351
35,-144,150,0.0707821255494273
35,-144,152,0.0648531978389754
35,-144,154,0.0598972383536612
35,-144,156,0.0559985487655897
35,-144,158,0.0531951592498551
35,-144,160,0.0514765677010115
35,-144,162,0.0507847031116058
35,-144,164,0.0510180803268075
35,-144,166,0.0520388231554876
35,-144,168,0.0536819731421959
35,-144,170,0.0557663049480834
35,-144,172,0.058105760362827
35,-144,174,0.0605206029038958
35,-144,176,0.0628474806875113
35,-144,178,0.0649477500024216
35,-144,180,0.0667136285396421
35,-142,0,4.82413308903292
35,-142,2,4.83143050880331
35,-142,4,4.81543519369382
35,-142,6,4.77643715877472
35,-142,8,4.71512884487949
35,-142,10,4.63257728018162
35,-142,12,4.53018533600326
35,-142,14,4.4096442500132
35,-142,16,4.27287982373054
35,-142,18,4.12199478328396
35,-142,20,3.95920973759689
35,-142,22,3.7868049975251
35,-142,24,3.60706525745376
35,-142,26,3.42222881351627
35,-142,28,3.23444262592976
35,-142,30,3.04572415152639
35,-142,32,2.8579304983206
35,-142,34,2.67273510512677
35,-142,36,2.49161183965174
35,-142,38,2.31582614723062
35,-142,40,2.14643267399604
35,-142,42,1.98427863337112
35,-142,44,1.83001208091416
35,-142,46,1.68409420525224
35,-142,48,1.54681472655573
35,-142,50,1.41830951276805
35,-142,52,1.29857957169039
35,-142,54,1.18751064831439
35,-142,56,1.08489274599111
35,-142,58,0.990438991764722
35,-142,60,0.903803375235311
35,-142,62,0.824597001551973
35,-142,64,0.752402607774095
35,-142,66,0.686787193571412
35,-142,68,0.627312708488929
35,-142,70,0.573544816128063
35,-142,72,0.525059818981684
35,-142,74,0.481449875764413
35,-142,76,0.442326676345987
35,-142,78,0.40732375910052
35,-142,80,0.376097663520943
35,-142,82,0.348328109589782
35,-142,84,0.323717387070516
35,-142,86,0.301989124963847
35,-142,88,0.282886596025973
35,-142,90,0.266170695312861
35,-142,92,0.251617716641754
35,-142,94,0.239017037666614
35,-142,96,0.228168813532709
35,-142,98,0.218881770974574
35,-142,100,0.210971189031564
35,-142,102,0.204257148708599
35,-142,104,0.198563131038289
35,-142,106,0.193715039990104
35,-142,108,0.189540722225821
35,-142,110,0.185870048413936
35,-142,112,0.182535609266207
35,-142,114,0.179374062312116
35,-142,116,0.176228141561982
35,-142,118,0.17294931087385
35,-142,120,0.169401002826194
35,-142,122,0.165462338751911
35,-142,124,0.161032173825145
35,-142,126,0.156033256415006
35,-142,128,0.150416237387008
35,-142,130,0.144163218111604
35,-142,132,0.137290492368024
35,-142,134,0.129850124702942
35,-142,136,0.121930023797361
35,-142,138,0.113652220650014
35,-142,140,0.105169152071716
35,-142,142,0.096657880258817
35,-142,144,0.0883123438413372
35,-142,146,0.0803339233189877
35,-142,148,0.0729207965851389
35,-142,150,0.0662567357851756
35,-142,152,0.0605001302090864
35,-142,154,0.0557740877069932
35,-142,156,0.0521584511375402
35,-142,158,0.0496844579636044
35,-142,160,0.0483325740056695
35,-142,162,0.0480337636433216
35,-142,164,0.0486741475600624
35,-142,166,0.0501026829190457
35,-142,168,0.052141219822544
35,-142,170,0.0545960784536966
35,-142,172,0.0572701799086519
35,-142,174,0.0599747624142321
35,-142,176,0.0625398189504068
35,-142,178,0.0648225823799803
35,-142,180,0.066713628539642
35,-140,0,4.82413308903292
35,-140,2,4.83191920966413
35,-140,4,4.81633692694735
35,-140,6,4.77768741292238
35,-140,8,4.71667837088415
35,-140,10,4.63439499653764
35,-140,12,4.53225984839102
35,-140,14,4.41198392417609
35,-140,16,4.27551147176684
35,-140,18,4.12496113166715
35,-140,20,3.96256593094891
35,-140,22,3.79061444946787
35,-140,24,3.61139518597826
35,-140,26,3.42714579362279
35,-140,28,3.24000846004288
35,-140,30,3.05199230391725
35,-140,32,2.864943270615
35,-140,34,2.68052165383731
35,-140,36,2.50018706132628
35,-140,38,2.32519038911062
35,-140,40,2.15657217329637
35,-140,42,1.99516654970499
35,-140,44,1.84160996515079
35,-140,46,1.69635374340508
35,-140,48,1.55967960677227
35,-140,50,1.43171728369782
35,-140,52,1.31246338755005
35,-140,54,1.20180082601892
35,-140,56,1.09951808944498
35,-140,58,1.00532786523483
35,-140,60,0.918884529967918
35,-140,62,0.839800176615353
35,-140,64,0.767658937404462
35,-140,66,0.702029459524871
35,-140,68,0.642475477859059
35,-140,70,0.588564503748767
35,-140,72,0.539874709884016
35,-140,74,0.496000138087167
35,-140,76,0.456554389348004
35,-140,78,0.421172975037919
35,-140,80,0.389514516501885
35,-140,82,0.361260979308969
35,-140,84,0.336117120633031
35,-140,86,0.313809315820001
35,-140,88,0.294083915289396
35,-140,90,0.276705267338137
35,-140,92,0.261453527622693
35,-140,94,0.248122363145617
35,-140,96,0.236516648105392
35,-140,98,0.226450241219753
35,-140,100,0.217743928954629
35,-140,102,0.210223615982732
35,-140,104,0.203718842339819
35,-140,106,0.198061705050551
35,-140,108,0.193086259144999
35,-140,110,0.18862846750769
35,-140,112,0.184526759343218
35,-140,114,0.180623241682486
35,-140,116,0.176765585928433
35,-140,118,0.1728095809147
35,-140,120,0.168622304824793
35,-140,122,0.164085820871645
35,-140,124,0.159101247196862
35,-140,126,0.153592992665176
35,-140,128,0.1475128912949
35,-140,130,0.140843914813345
35,-140,132,0.133603102614272
35,-140,134,0.125843329668535
35,-140,136,0.11765354440229
35,-140,138,0.109157157918999
35,-140,140,0.100508358317574
35,-140,142,0.0918862600180334
35,-140,144,0.0834869727837725
35,-140,146,0.0755138764247615
35,-140,148,0.0681665959450768
35,-140,150,0.0616293635377924
35,-140,152,0.0560596009051563
35,-140,154,0.051577631685145
35,-140,156,0.0482584189949639
35,-140,158,0.0461261073543139
35,-140,160,0.0451519353246174
35,-140,162,0.0452557938030449
35,-140,164,0.046311367204569
35,-140,166,0.0481544522112925
35,-140,168,0.0505937458366211
35,-140,170,0.0534231714139288
35,-140,172,0.0564346967380979
35,-140,174,0.0594306056340334
35,-140,176,0.0622343069100306
35,-140,178,0.0646989799724375
35,-140,180,0.066713628539642
35,-138,0,4.82413308903292
35,-138,2,4.83240061982909
35,-138,4,4.81725912771827
35,-138,6,4.77902342484889
35,-138,8,4.71841778575751
35,-138,10,4.63654563071395
35,-138,12,4.53484797554953
35,-138,14,4.41505307304725
35,-138,16,4.27911989909978
35,-138,18,4.12917818981634
35,-138,20,3.96746763335277
35,-138,22,3.79627858957078
35,-138,24,3.61789638294914
35,-138,26,3.43455082221492
35,-138,28,3.24837217600121
35,-138,30,3.0613544069835
35,-138,32,2.87532606273497
35,-138,34,2.6919288598168
35,-138,36,2.51260369191387
35,-138,38,2.33858355016801
35,-138,40,2.17089266530214
35,-138,42,2.01035106287114
35,-138,44,1.85758365791589
35,-138,46,1.71303299464718
35,-138,48,1.57697475152156
35,-138,50,1.44953517395274
35,-138,52,1.3307096590207
35,-138,54,1.22038179339053
35,-138,56,1.11834223288786
35,-138,58,1.02430690620654
35,-138,60,0.937934122822712
35,-138,62,0.858840263231571
35,-138,64,0.786613824992069
35,-138,66,0.720827687724497
35,-138,68,0.661049541388396
35,-138,70,0.606850492596411
35,-138,72,0.55781192180622
35,-138,74,0.513530709201852
35,-138,76,0.47362297898793
35,-138,78,0.43772653150254
35,-138,80,0.405502141454953
35,-138,82,0.376633900594326
35,-138,84,0.350828776325325
35,-138,86,0.327815546356388
35,-138,88,0.307343255424918
35,-138,90,0.289179325277982
35,-138,92,0.273107434860387
35,-138,94,0.258925275168154
35,-138,96,0.24644227316974
35,-138,98,0.235477371897463
35,-138,100,0.225856949209135
35,-138,102,0.217412955400081
35,-138,104,0.209981349060804
35,-138,106,0.203400910274458
35,-138,108,0.197512509114093
35,-138,110,0.192158903900993
35,-138,112,0.187185136148578
35,-138,114,0.182439575825018
35,-138,116,0.17777564990157
35,-138,118,0.173054257770863
35,-138,120,0.168146838192854
35,-138,122,0.162939003929068
35,-138,124,0.157334603256854
35,-138,126,0.151260004671062
35,-138,128,0.144668336577213
35,-138,130,0.137543353843064
35,-138,132,0.129902555685516
35,-138,134,0.12179915385486
35,-138,136,0.113322496215449
35,-138,138,0.104596597461328
35,-138,140,0.0957765219908517
35,-138,142,0.0870425053629258
35,-138,144,0.0785918852535941
35,-138,146,0.0706291277470992
35,-138,148,0.0633544597163484
35,-138,150,0.0569518262343365
35,-138,152,0.05157705337168
35,-138,154,0.0473471824577927
35,-138,156,0.0443319293112782
35,-138,158,0.0425480998057833
35,-138,160,0.0419575652085776
35,-138,162,0.0424690872437747
35,-138,164,0.043943918918964
35,-138,166,0.0462047382548898
35,-138,168,0.049047146953986
35,-138,170,0.0522527287266976
35,-138,172,0.0556025439815126
35,-138,174,0.0588899522802352
35,-138,176,0.0619317942960514
35,-138,178,0.0645772049150194
35,-138,180,0.0667136285396419
35,-136,0,4.82413308903292
35,-136,2,4.83287423502715
35,-136,4,4.81820094683865
35,-136,6,4.78044403093597
35,-136,8,4.72034546985959
35,-136,10,4.6390267566372
35,-136,12,4.53794589899803
35,-136,14,4.41884565042473
35,-136,16,4.28369574801173
35,-136,18,4.13463197220878
35,-136,20,3.9738947131514
35,-136,22,3.80376946293005
35,-136,24,3.62653128789934
35,-136,26,3.4443949065925
35,-136,28,3.25947154260934
35,-136,30,3.07373327043298
35,-136,32,2.88898515285642
35,-136,34,2.70684510233545
35,-136,36,2.52873109840936
35,-136,38,2.35585516502429
35,-136,40,2.18922335396032
35,-136,42,2.02964088700221
35,-136,44,1.8777215699322
35,-136,46,1.73390059433554
35,-136,48,1.59844987739258
35,-136,50,1.4714951456369
35,-136,52,1.35303403861544
35,-136,54,1.24295458720889
35,-136,56,1.14105350555742
35,-136,58,1.04705382274511
35,-136,60,0.960621468814158
35,-136,62,0.881380517552557
35,-136,64,0.808926873878678
35,-136,66,0.74284027437473
35,-136,68,0.68269454338088
35,-136,70,0.628066112022377
35,-136,72,0.578540862008562
35,-136,74,0.533719399049615
35,-136,76,0.49322089204413
35,-136,78,0.456685634277899
35,-136,80,0.423776492846615
35,-136,82,0.394179413948545
35,-136,84,0.367603146451459
35,-136,86,0.343778336190996
35,-136,88,0.322456130720426
35,-136,90,0.303406420438304
35,-136,92,0.286415828633648
35,-136,94,0.271285551144028
35,-136,96,0.257829136800413
35,-136,98,0.24587029304819
35,-136,100,0.235240797135488
35,-136,102,0.225778591739063
35,-136,104,0.217326144197544
35,-136,106,0.209729149651372
35,-136,108,0.202835659046749
35,-136,110,0.196495711571148
35,-136,112,0.190561545860509
35,-136,114,0.184888453343539
35,-136,116,0.179336318478795
35,-136,118,0.173771862727486
35,-136,120,0.168071570706133
35,-136,122,0.162125227709889
35,-136,124,0.155839938518161
35,-136,126,0.149144430512713
35,-136,128,0.141993374021942
35,-136,130,0.134371385968198
35,-136,132,0.126296327936661
35,-136,134,0.117821476926687
35,-136,136,0.1090361471729
35,-136,138,0.100064384575029
35,-136,140,0.0910614486892963
35,-136,142,0.0822079431488834
35,-136,144,0.073701649005401
35,-136,146,0.0657473436318058
35,-136,148,0.0585451287615366
35,-136,150,0.0522780161371199
35,-136,152,0.0470996954576353
35,-136,154,0.0431235051920988
35,-136,156,0.040413617400245
35,-136,158,0.0389793202399909
35,-136,160,0.038773039986124
35,-136,162,0.0396924097734178
35,-136,164,0.0415863028877086
35,-136,166,0.0442643535900021
35,-136,168,0.0475091412050156
35,-136,170,0.0510899613353264
35,-136,172,0.0547769856810132
35,-136,174,0.0583546332704105
35,-136,176,0.0616331327069919
35,-136,178,0.0644575183035797
35,-136,180,0.0667136285396418
35,-134,0,4.82413308903292
35,-134,2,4.83333949600552
35,-134,4,4.81916122977133
35,-134,6,4.78194728277827
35,-134,8,4.72245828529459
35,-134,10,4.64183342741167
35,-134,12,4.54154600391241
35,-134,14,4.4233502735143
35,-134,16,4.28922253989846
35,-134,18,4.14129937690193
35,-134,20,3.98181575925004
35,-134,22,3.81304555732541
35,-134,24,3.63724644886522
35,-134,26,3.45661083293996
35,-134,28,3.2732238415912
35,-134,30,3.08902906772477
35,-134,32,2.90580219381994
35,-134,34,2.72513233646992
35,-134,36,2.54841062966362
35,-134,38,2.37682535916496
35,-134,40,2.21136282758627
35,-134,42,2.05281306499981
35,-134,44,1.90177948974576
35,-134,46,1.75869165385763
35,-134,48,1.62382026357631
35,-134,50,1.49729373654699
35,-134,52,1.37911563541399
35,-134,54,1.26918239766915
35,-134,56,1.16730086128892
35,-134,58,1.07320516405932
35,-134,60,0.986572671399235
35,-134,62,0.907038662821447
35,-134,64,0.834209580351469
35,-134,66,0.767674712134247
35,-134,68,0.707016249525715
35,-134,70,0.65181771444086
35,-134,72,0.601670803994462
35,-134,74,0.556180740316957
35,-134,76,0.514970244239664
35,-134,78,0.477682272369131
35,-134,80,0.443981668587979
35,-134,82,0.413555884426265
35,-134,84,0.386114919599755
35,-134,86,0.361390626054145
35,-134,88,0.33913550785849
35,-134,90,0.319121136921285
35,-134,92,0.301136292215984
35,-134,94,0.284984919180887
35,-134,96,0.270483997066843
35,-134,98,0.257461395771017
35,-134,100,0.245753800291378
35,-134,102,0.235204780181743
35,-134,104,0.225663082736009
35,-134,106,0.216981231173404
35,-134,108,0.209014511566214
35,-134,110,0.201620433041897
35,-134,112,0.194658743006465
35,-134,114,0.187992070675983
35,-134,116,0.181487255907887
35,-134,118,0.175017394185838
35,-134,120,0.168464591069428
35,-134,122,0.161723369732957
35,-134,124,0.154704613909246
35,-134,126,0.147339857878486
35,-134,128,0.139585659502094
35,-134,130,0.131427718513433
35,-134,132,0.122884339539881
35,-134,134,0.114008798756505
35,-134,136,0.104890166660523
35,-134,138,0.0956521784666831
35,-134,140,0.086449836428008
35,-134,142,0.0774635780506401
35,-134,144,0.0688910461961606
35,-134,146,0.0609367378328335
35,-134,148,0.0538000647241434
35,-134,150,0.0476626007978901
35,-134,152,0.0426754821244251
35,-134,154,0.0389480319825271
35,-134,156,0.036538678067714
35,-134,158,0.0354490972466713
35,-134,160,0.0356222687835745
35,-134,162,0.0369447625459471
35,-134,164,0.0392531749903973
35,-134,166,0.0423442057728762
35,-134,168,0.0459874987633831
35,-134,170,0.0499401045881259
35,-134,172,0.0539612942569387
35,-134,174,0.0578264800685815
35,-134,176,0.061339171581358
35,-134,178,0.0643401792711174
35,-134,180,0.0667136285396417
35,-132,0,4.82413308903292
35,-132,2,4.83379578923357
35,-132,4,4.82013851907292
35,-132,6,4.7835304546197
35,-132,8,4.72475159443417
35,-132,10,4.6449582145893
35,-132,12,4.54563695278433
35,-132,14,4.42855034874298
35,-132,16,4.29567687492016
35,-132,18,4.14914848405645
35,-132,20,3.99118850599095
35,-132,22,3.82405238317752
35,-132,24,3.64997328600239
35,-132,26,3.47111414049692
35,-132,28,3.28952707599349
35,-132,30,3.10712079771567
35,-132,32,2.92563594109824
35,-132,34,2.74662809354236
35,-132,36,2.57145788784965
35,-132,38,2.40128738209022
35,-132,40,2.23708183652805
35,-132,42,2.07961596613476
35,-132,44,1.92948377000757
35,-132,46,1.78711109863448
35,-132,48,1.6527702000589
35,-132,50,1.52659557366015
35,-132,52,1.40860054678012
35,-132,54,1.2986940701944
35,-132,56,1.19669730215971
35,-132,58,1.10235961832125
35,-132,60,1.01537374792537
35,-132,62,0.935389797283428
35,-132,64,0.862027980295026
35,-132,66,0.794889933124009
35,-132,68,0.733568544995248
35,-132,70,0.677656288108091
35,-132,72,0.626752075188599
35,-132,74,0.580466711724699
35,-132,76,0.538427040380468
35,-132,78,0.500278897001317
35,-132,80,0.465689011170829
35,-132,82,0.43434599020721
35,-132,84,0.405960524982374
35,-132,86,0.380264950484057
35,-132,88,0.357012285218644
35,-132,90,0.335974862947905
35,-132,92,0.316942659312524
35,-132,94,0.299721405850193
35,-132,96,0.284130575726628
35,-132,98,0.270001319816735
35,-132,100,0.25717442891914
35,-132,102,0.245498397823517
35,-132,104,0.234827669263836
35,-132,106,0.225021139673969
35,-132,108,0.215941012900229
35,-132,110,0.207452090999739
35,-132,112,0.199421590974355
35,-132,114,0.191719570475147
35,-132,116,0.184220031730744
35,-132,118,0.176802748849904
35,-132,120,0.169355827270019
35,-132,122,0.161778954335052
35,-132,124,0.153987236978678
35,-132,126,0.145915448312845
35,-132,128,0.137522423984269
35,-132,130,0.128795268546451
35,-132,132,0.11975296157225
35,-132,134,0.110448904782043
35,-132,136,0.100971938188261
35,-132,138,0.0914453876336829
35,-132,140,0.0820237976480972
35,-132,142,0.0728871561930632
35,-132,144,0.0642326274544499
35,-132,146,0.0562640614070549
35,-132,148,0.0491798202829428
35,-132,150,0.0431597195964685
35,-132,152,0.0383520873749338
35,-132,154,0.034862062725841
35,-132,156,0.0327422541697046
35,-132,158,0.031986743483009
35,-132,160,0.0325291551844056
35,-132,162,0.0342451392178182
35,-132,164,0.0369591779272445
35,-132,166,0.0404551845733694
35,-132,168,0.0444899704207608
35,-132,170,0.0488083758950277
35,-132,172,0.0531587276765488
35,-132,174,0.0573073139326193
35,-132,176,0.061050754147846
35,-132,178,0.0642254440634295
35,-132,180,0.0667136285396414
35,-130,0,4.82413308903293
35,-130,2,4.83424244802443
35,-130,4,4.82113105888408
35,-130,6,4.78519005598616
35,-130,8,4.72721928864555
35,-130,10,4.64839126465789
35,-130,12,4.55020378534327
35,-130,14,4.43442423478121
35,-130,16,4.30302868141811
35,-130,18,4.15813891797157
35,-130,20,4.00196033598344
35,-130,22,3.83672314612852
35,-130,24,3.66462896239689
35,-130,26,3.48780421737758
35,-130,28,3.30826131500079
35,-130,30,3.12786789881125
35,-130,32,2.94832415241522
35,-130,34,2.77114767789745
35,-130,36,2.5976652297402
35,-130,38,2.42901041647778
35,-130,40,2.26612641026498
35,-130,42,2.10977270857846
35,-130,44,1.96053505122589
35,-130,46,1.81883768798819
35,-130,48,1.68495729829976
35,-130,50,1.55903796961731
35,-130,52,1.44110673618346
35,-130,54,1.3310892606105
35,-130,56,1.22882530714212
35,-130,58,1.13408371035867
35,-130,60,1.04657659041535
35,-130,62,0.965972609447649
35,-130,64,0.891909106344552
35,-130,66,0.824002990061455
35,-130,68,0.761860315015514
35,-130,70,0.705084504787074
35,-130,72,0.653283230638389
35,-130,74,0.606073987412095
35,-130,76,0.563088439603197
35,-130,78,0.523975633750096
35,-130,80,0.488404189346262
35,-130,82,0.456063589456666
35,-130,84,0.426664694896864
35,-130,86,0.399939603358117
35,-130,88,0.375640968633322
35,-130,90,0.353540886591141
35,-130,92,0.333429445188071
35,-130,94,0.315113026882703
35,-130,96,0.298412444387047
35,-130,98,0.283160985548523
35,-130,100,0.269202440781498
35,-130,102,0.256389186985961
35,-130,104,0.244580405041874
35,-130,106,0.233640513063906
35,-130,108,0.223437903500078
35,-130,110,0.213844077245316
35,-130,112,0.204733270149463
35,-130,114,0.195982664175972
35,-130,116,0.187473264316969
35,-130,118,0.179091500493318
35,-130,120,0.170731578712746
35,-130,122,0.162298556186162
35,-130,124,0.153712050750568
35,-130,126,0.14491041764154
35,-130,128,0.135855140776869
35,-130,130,0.126535098573546
35,-130,132,0.116970286224488
35,-130,134,0.107214520116126
35,-130,136,0.0973566298407537
35,-130,138,0.0875196727076891
35,-130,140,0.077857795435608
35,-130,142,0.0685505226083754
35,-130,144,0.0597944677300857
35,-130,146,0.0517927260750611
35,-130,148,0.0447424938326013
35,-130,150,0.0388217308159062
35,-130,152,0.0341759043201929
35,-130,154,0.0309059801114237
35,-130,156,0.0290588310993519
35,-130,158,0.0286210976685474
35,-130,160,0.0295172585281184
35,-130,162,0.0316122821270948
35,-130,164,0.0347187714040424
35,-130,166,0.0386080485066517
35,-130,168,0.0430242156862611
35,-130,170,0.0476999322218377
35,-130,172,0.0523725065789283
35,-130,174,0.0567989351639279
35,-130,176,0.0607687133846359
35,-130,178,0.0641135651188319
35,-130,180,0.0667136285396411
35,-128,0,4.82413308903293
35,-128,2,4.83467875406953
35,-128,4,4.82213680141111
35,-128,6,4.7869218493839
35,-128,8,4.72985382688202
35,-128,10,4.65212037201449
35,-128,12,4.55522804337655
35,-128,14,4.44094544048331
35,-128,16,4.31124151156128
35,-128,18,4.16822226754197
35,-128,20,4.01406885398922
35,-128,22,3.85097950339336
35,-128,24,3.68111735128526
35,-128,26,3.50656550554685
35,-128,28,3.32929016144011
35,-128,30,3.15111200141157
35,-128,32,2.97368564532331
35,-128,34,2.79848654808205
35,-128,36,2.62680448904193
35,-128,38,2.45974265930746
35,-128,40,2.29822131612199
35,-128,42,2.14298501669186
35,-128,44,1.99461254163628
35,-128,46,1.85352874515731
35,-128,48,1.72001770266093
35,-128,50,1.59423665023857
35,-128,52,1.4762303141044
35,-128,54,1.36594530813989
35,-128,56,1.2632443356242
35,-128,58,1.16791997186716
35,-128,60,1.07970783408497
35,-128,62,0.998298969540528
35,-128,64,0.923351317449536
35,-128,66,0.854500127269733
35,-128,68,0.791367246646179
35,-128,70,0.733569225777092
35,-128,72,0.680724219534717
35,-128,74,0.632457702103493
35,-128,76,0.588407039023277
35,-128,78,0.548224986625754
35,-128,80,0.511582207854385
35,-128,82,0.478168905996584
35,-128,84,0.447695684216384
35,-128,86,0.419893739761176
35,-128,88,0.394514498488429
35,-128,90,0.37132878927247
35,-128,92,0.350125650310523
35,-128,94,0.330710851685041
35,-128,96,0.312905211928972
35,-128,98,0.296542781723133
35,-128,100,0.281468965881037
35,-128,102,0.267538655751871
35,-128,104,0.254614448003028
35,-128,106,0.24256503188121
35,-128,108,0.231263834442436
35,-128,110,0.220588020295302
35,-128,112,0.210417946989988
35,-128,114,0.200637176700315
35,-128,116,0.191133136342066
35,-128,118,0.181798498714602
35,-128,120,0.17253332390142
35,-128,122,0.163247951076393
35,-128,124,0.1538665655172
35,-128,126,0.144331285610518
35,-128,128,0.134606524270133
35,-128,130,0.124683285994769
35,-128,132,0.114582975552806
35,-128,134,0.104360230571817
35,-128,136,0.0941042632987841
35,-128,138,0.0839382212621113
35,-128,140,0.0740161642394195
35,-128,142,0.0645174114515066
35,-128,144,0.0556382348968326
35,-128,146,0.0475811477613159
35,-128,148,0.0405423348221294
35,-128,150,0.0346980586651161
35,-128,152,0.0301911093637843
35,-128,154,0.0271185042850716
35,-128,156,0.0255216549041224
35,-128,158,0.0253800801226811
35,-128,160,0.0266094627001769
35,-128,162,0.0290644425107213
35,-128,164,0.0325460644791056
35,-128,166,0.0368133125442581
35,-128,168,0.0415977315520835
35,-128,170,0.0466198279678901
35,-128,172,0.0516057916122423
35,-128,174,0.0563031124607021
35,-128,176,0.0604938680178426
35,-128,178,0.0640047901568767
35,-128,180,0.0667136285396408
35,-126,0,4.82413308903293
35,-126,2,4.83510393937834
35,-126,4,4.82315341534965
35,-126,6,4.78872087289744
35,-126,8,4.73264628372312
35,-126,10,4.65613106757294
35,-126,12,4.56068791890562
35,-126,14,4.44808285521338
35,-126,16,4.32027287937458
35,-126,18,4.17934255965482
35,-126,20,4.02744252447475
35,-126,22,3.86673239438566
35,-126,24,3.69933008797699
35,-126,26,3.5272688010387
35,-126,28,3.35246232594487
35,-126,30,3.17667880064782
35,-126,32,3.00152249288926
35,-126,34,2.82842286075105
35,-126,36,2.65862989608457
35,-126,38,2.49321464867777
35,-126,40,2.3330738297397
35,-126,42,2.17893747799406
35,-126,44,2.03137881054787
35,-126,46,1.89082554410331
35,-126,48,1.75757213450765
35,-126,50,1.63179252539832
35,-126,52,1.51355310907234
35,-126,54,1.4028256815898
35,-126,56,1.29950022254859
35,-126,58,1.20339735497905
35,-126,60,1.11428035115704
35,-126,62,1.03186655431435
35,-126,64,0.955838091055032
35,-126,66,0.885851759174573
35,-126,68,0.821547992416371
35,-126,70,0.762558827209803
35,-126,72,0.70851482481088
35,-126,74,0.659050932886494
35,-126,76,0.61381130066401
35,-126,78,0.572453088866144
35,-126,80,0.534649337974521
35,-126,82,0.500090974903328
35,-126,84,0.468488048671838
35,-126,86,0.439570290550308
35,-126,88,0.41308709431748
35,-126,90,0.388807008925047
35,-126,92,0.366516830382715
35,-126,94,0.346020373438706
35,-126,96,0.32713699791836
35,-126,98,0.309699960493756
35,-126,100,0.293554661020696
35,-126,102,0.278556853890177
35,-126,104,0.264570899184925
35,-126,106,0.251468135410773
35,-126,108,0.239125464239248
35,-126,110,0.227424246499962
35,-126,112,0.216249615428514
35,-126,114,0.205490315165249
35,-126,116,0.195039166537611
35,-126,118,0.184794244897596
35,-126,120,0.174660823111261
35,-126,122,0.164554084379162
35,-126,124,0.154402543538063
35,-126,126,0.144152033198001
35,-126,128,0.133770016762321
35,-126,130,0.12324989174079
35,-126,132,0.112614855013449
35,-126,134,0.10192083110548
35,-126,136,0.0912579311680524
35,-126,138,0.0807499300325265
35,-126,140,0.0705513341406909
35,-126,142,0.0608417707749299
35,-126,144,0.0518176558515651
35,-126,146,0.0436813790067018
35,-126,148,0.0366285539738537
35,-126,150,0.0308341819214937
35,-126,152,0.0264388216801331
35,-126,154,0.0235360098842624
35,-126,156,0.0221621901105464
35,-126,158,0.0222902729183687
35,-126,160,0.0238276598230533
35,-126,162,0.0266191495677555
35,-126,164,0.0304546530848436
35,-126,166,0.0350811388140775
35,-126,168,0.0402177829537774
35,-126,170,0.0455729737681646
35,-126,172,0.0508616612376274
35,-126,174,0.0558215724752669
35,-126,176,0.0602270185889232
35,-126,178,0.0638993612809447
35,-126,180,0.0667136285396404
35,-124,0,4.82413308903293
35,-124,2,4.83551718861355
35,-124,4,4.82417829618892
35,-124,6,4.79058146748785
35,-124,8,4.73558640638745
35,-124,10,4.66040672204869
35,-124,12,4.56655842402146
35,-124,14,4.45580100881484
35,-124,16,4.33007463703265
35,-124,18,4.1914367797091
35,-124,20,4.04200136500456
35,-124,22,3.8838829355129
35,-124,24,3.71914769384905
35,-124,26,3.54977263400919
35,-124,28,3.37761328927158
35,-124,30,3.20438002732133
35,-124,32,3.03162233105121
35,-124,34,2.86072014532138
35,-124,36,2.69288115556931
35,-124,38,2.52914278718137
35,-124,40,2.3703777549211
35,-124,42,2.21730211976339
35,-124,44,2.07048499192733
35,-124,46,1.93035922001827
35,-124,48,1.79723259825909
35,-124,50,1.67129928609092
35,-124,52,1.55265125551552
35,-124,54,1.441289658883
35,-124,56,1.33713604801465
35,-124,58,1.24004338389768
35,-124,60,1.14980676602814
35,-124,62,1.06617379283052
35,-124,64,0.988854448457209
35,-124,66,0.917530402744628
35,-124,68,0.851863613129416
35,-124,70,0.791504130105665
35,-124,72,0.736097029495107
35,-124,74,0.685288422373049
35,-124,76,0.638730523508073
35,-124,78,0.596085788426526
35,-124,80,0.557030155143957
35,-124,82,0.521255447509415
35,-124,84,0.48847101216614
35,-124,86,0.458404670319989
35,-124,88,0.430803069434909
35,-124,90,0.405431519698847
35,-124,92,0.382073396943094
35,-124,94,0.360529189075464
35,-124,96,0.340615258394139
35,-124,98,0.322162388634425
35,-124,100,0.305014184277819
35,-124,102,0.289025391208013
35,-124,104,0.274060212501921
35,-124,106,0.259990700757916
35,-124,108,0.24669531805537
35,-124,110,0.234057764911177
35,-124,112,0.221966188255607
35,-124,114,0.210312882637366
35,-124,116,0.198994595209555
35,-124,118,0.187913529915706
35,-124,120,0.176979116234902
35,-124,122,0.166110560170201
35,-124,124,0.155240128685674
35,-124,126,0.144317034629011
35,-124,128,0.13331169150358
35,-124,130,0.122220004090463
35,-124,132,0.111067263455554
35,-124,134,0.0999111381868982
35,-124,136,0.0888432146687769
35,-124,138,0.0779885545192197
35,-124,140,0.0675028206003911
35,-124,142,0.057566681381944
35,-124,144,0.0483774343004652
35,-124,146,0.0401380774360651
35,-124,148,0.0330443778833696
35,-124,150,0.0272707960959936
35,-124,152,0.0229563828950004
35,-124,154,0.0201919242690316
35,-124,156,0.0190096310361253
35,-124,158,0.0193765344237144
35,-124,160,0.0211924555566863
35,-124,162,0.0242929928181732
35,-124,164,0.0284574655638424
35,-124,166,0.0334212320200031
35,-124,168,0.0388913359191792
35,-124,170,0.0445640967464759
35,-124,172,0.050143090248147
35,-124,174,0.0553559896738465
35,-124,176,0.0599689436202309
35,-124,178,0.0637975140995126
35,-124,180,0.0667136285396399
35,-122,0,4.82413308903292
35,-122,2,4.83591764180886
35,-122,4,4.82520857832235
35,-122,6,4.79249730876176
35,-122,8,4.73866268018247
35,-122,10,4.66492866286997
35,-122,12,4.57281158054891
35,-122,14,4.46406035830578
35,-122,16,4.34059338508214
35,-122,18,4.20443543316003
35,-122,20,4.05765768727956
35,-122,22,3.9023233684976
35,-122,24,3.74044075893086
35,-122,26,3.57392471180087
35,-122,28,3.40456703188932
35,-122,30,3.2340154910441
35,-122,32,3.06376074494956
35,-122,34,2.89513006771225
35,-122,36,2.729286628607
35,-122,38,2.5672329917714
35,-122,40,2.40981760110351
35,-122,42,2.25774318515628
35,-122,44,2.11157624172339
35,-122,46,1.97175700131238
35,-122,48,1.83860949087458
35,-122,50,1.71235150124809
35,-122,52,1.59310439160655
35,-122,54,1.4809027397708
35,-122,56,1.37570387472423
35,-122,58,1.27739731866775
35,-122,60,1.18581413441011
35,-122,62,1.10073613342506
35,-122,64,1.02190486179691
35,-122,66,0.949030253344153
35,-122,68,0.881798825543914
35,-122,70,0.819881295205813
35,-122,72,0.762939505324521
35,-122,74,0.710632578741409
35,-122,76,0.662622244069129
35,-122,78,0.618577310783129
35,-122,80,0.578177300099238
35,-122,82,0.541115263798571
35,-122,84,0.507099843100174
35,-122,86,0.475856633528854
35,-122,88,0.447128929773204
35,-122,90,0.420677927651847
35,-122,92,0.396282459759208
35,-122,94,0.373738338596389
35,-122,96,0.352857377497902
35,-122,98,0.333466156838385
35,-122,100,0.315404602034644
35,-122,102,0.298524441622327
35,-122,104,0.282687618636546
35,-122,106,0.267764736584605
35,-122,108,0.253633631754564
35,-122,110,0.240178175021489
35,-122,112,0.22728741649275
35,-122,114,0.214855192333368
35,-122,116,0.202780311387216
35,-122,118,0.190967425889401
35,-122,120,0.179328661903639
35,-122,122,0.167786038119189
35,-122,124,0.156274634835303
35,-122,126,0.144746389262848
35,-122,128,0.133174292803058
35,-122,130,0.121556658648787
35,-122,132,0.109921025796206
35,-122,134,0.0983271837429819
35,-122,136,0.0868687583279337
35,-122,138,0.0756728107997149
35,-122,140,0.0648969836269866
35,-122,142,0.0547238854980867
35,-122,144,0.0453526421350178
35,-122,146,0.0369878342456951
35,-122,148,0.0298263712568972
35,-122,150,0.0240431699918749
35,-122,152,0.0197767746249372
35,-122,154,0.0171162211723671
35,-122,156,0.0160904775613519
35,-122,158,0.0166616563620143
35,-122,160,0.0187229018004483
35,-122,162,0.0221014217198577
35,-122,164,0.026566618813279
35,-122,166,0.0318427411936938
35,-122,168,0.0376249943458221
35,-122,170,0.0435977027225861
35,-122,172,0.0494529292414982
35,-122,174,0.0549079765936152
35,-122,176,0.059720395906973
35,-122,178,0.0636994768707682
35,-122,180,0.0667136285396392
35,-120,0,4.82413308903292
35,-120,2,4.83630439745486
35,-120,4,4.82624114887975
35,-120,6,4.79446144295303
35,-120,8,4.74186240180352
35,-120,10,4.66967630358405
35,-120,12,4.57941662759854
35,-120,14,4.47281759824256
35,-120,16,4.35177091208443
35,-120,18,4.21826314178006
35,-120,20,4.07431687733994
35,-120,22,3.92193805115513
35,-120,24,3.76307116889902
35,-120,26,3.59956340700945
35,-120,28,3.4331378079582
35,-120,30,3.26537516628508
35,-120,32,3.097703696309
35,-120,34,2.93139523352982
35,-120,36,2.76756655352539
35,-120,38,2.60718438332403
35,-120,40,2.45107280363375
35,-120,42,2.29992195781679
35,-120,44,2.15429725209982
35,-120,46,2.01464850950766
35,-120,48,1.88131879234604
35,-120,50,1.75455280997271
35,-120,52,1.63450496718577
35,-120,54,1.52124718229519
35,-120,56,1.41477662054906
35,-120,58,1.31502346190242
35,-120,60,1.22185876870499
35,-120,62,1.13510245496551
35,-120,64,1.05453129801112
35,-120,66,0.979886885231071
35,-120,68,0.9108833584616
35,-120,70,0.84721480774842
35,-120,72,0.788562172925923
35,-120,74,0.734599531871072
35,-120,76,0.684999683674773
35,-120,78,0.639438968533893
35,-120,80,0.597601299720251
35,-120,82,0.559181413332164
35,-120,84,0.523887366608696
35,-120,86,0.491442334402634
35,-120,88,0.461585765913828
35,-120,90,0.434073970650592
35,-120,92,0.408680204983669
35,-120,94,0.385194330047213
35,-120,96,0.363422109698235
35,-120,98,0.34318421530125
35,-120,100,0.324315003612686
35,-120,102,0.306661136052164
35,-120,104,0.290080112791941
35,-120,106,0.27443880344859
35,-120,108,0.259612067129194
35,-120,110,0.245481566803584
35,-120,112,0.231934894250909
35,-120,114,0.218865129161045
35,-120,116,0.20617095568243
35,-120,118,0.193757447735423
35,-120,120,0.181537606773098
35,-120,122,0.169434689125557
35,-120,124,0.157385292917163
35,-120,126,0.145343087560464
35,-120,128,0.133282966081634
35,-120,130,0.121205290044251
35,-120,132,0.109139790769699
35,-120,134,0.0971486047004841
35,-120,136,0.0853278731920549
35,-120,138,0.0738073458029728
35,-120,140,0.0627475061948968
35,-120,142,0.0523338992357723
35,-120,144,0.0427685748186571
35,-120,146,0.0342588635397844
35,-120,148,0.0270040334992815
35,-120,150,0.0211807060447309
35,-120,152,0.0169281838135586
35,-120,154,0.0143350189842118
35,-120,156,0.0134281832048194
35,-120,158,0.014166069644492
35,-120,160,0.016436261512675
35,-120,162,0.0200585659175758
35,-120,164,0.024793287324471
35,-120,166,0.0303541692383381
35,-120,168,0.0364249412743853
35,-120,170,0.042678040843697
35,-120,172,0.0487938852717441
35,-120,174,0.0544790745871012
35,-120,176,0.0594820989625837
35,-120,178,0.0636054696750961
35,-120,180,0.0667136285396384
35,-118,0,4.82413308903292
35,-118,2,4.83667651593578
35,-118,4,4.8272726631851
35,-118,6,4.79646632683357
35,-118,8,4.74517175984889
35,-118,10,4.67462728455979
35,-118,12,4.5863402449775
35,-118,14,4.48202599158978
35,-118,16,4.36354465905258
35,-118,18,4.23283926818927
35,-118,20,4.09187820627011
35,-118,22,3.94260447927923
35,-118,24,3.78689336182921
35,-118,26,3.62651927172086
35,-118,28,3.46313193941027
35,-118,30,3.29824128973039
35,-118,32,3.13320995035277
35,-118,34,2.96925197566509
35,-118,36,2.80743623217105
35,-118,38,2.64869291836178
35,-118,40,2.49382185765494
35,-118,42,2.34350146533561
35,-118,44,2.19829760235455
35,-118,46,2.05867184490236
35,-118,48,1.92498898083835
35,-118,50,1.79752376561302
35,-118,52,1.67646711764138
35,-118,54,1.56193200507103
35,-118,56,1.45395928170705
35,-118,58,1.35252368551087
35,-118,60,1.25754013768577
35,-118,62,1.1688703926933
35,-118,64,1.08633000551599
35,-118,66,1.00969551356403
35,-118,68,0.938711683363339
35,-118,70,0.873098648527873
35,-118,72,0.812558763831948
35,-118,74,0.756783016328443
35,-118,76,0.705456863035454
35,-118,78,0.658265400165487
35,-118,80,0.614897806191794
35,-118,82,0.575051036266095
35,-118,84,0.538432775887277
35,-118,86,0.50476368576729
35,-118,88,0.473778987126489
35,-118,90,0.44522944761721
35,-118,92,0.418881833784307
35,-118,94,0.394518897877143
35,-118,96,0.371938966566976
35,-118,98,0.350955198342521
35,-118,100,0.331394576554649
35,-118,102,0.313096707469539
35,-118,104,0.295912498051963
35,-118,106,0.27970279675377
35,-118,108,0.264337091844781
35,-118,110,0.24969237449904
35,-118,112,0.23565228576438
35,-118,114,0.2221066746589
35,-118,116,0.208951695186619
35,-118,118,0.196090558846296
35,-118,120,0.183435032073295
35,-118,122,0.170907721586539
35,-118,124,0.158445122967862
35,-118,126,0.146001319645129
35,-118,128,0.133552114845913
35,-118,130,0.12109926615073
35,-118,132,0.108674383365283
35,-118,134,0.0963419616535305
35,-118,136,0.0842009716866153
35,-118,138,0.0723844354405798
35,-118,140,0.0610564955342279
35,-118,142,0.0504066461489528
35,-118,144,0.0406410328106109
35,-118,146,0.0319710319388147
35,-118,148,0.0245996606784655
35,-118,150,0.0187067026787263
35,-118,152,0.0144337181286333
35,-118,154,0.0118702877859299
35,-118,156,0.0110428800849624
35,-118,158,0.0119076032291427
35,-118,160,0.0143478091879093
35,-118,162,0.0181770788374968
35,-118,164,0.023147587050673
35,-118,166,0.0289632915436838
35,-118,168,0.0352968854379897
35,-118,170,0.0418090710706089
35,-118,172,0.0481685038885321
35,-118,174,0.0540707451380268
35,-118,176,0.0592547436429759
35,-118,178,0.0635157036197632
35,-118,180,0.0667136285396375
35,-116,0,4.82413308903293
35,-116,2,4.83703302329799
35,-116,4,4.82829956173481
35,-116,6,4.79850387124727
35,-116,8,4.74857592187893
35,-116,10,4.67975762373368
35,-116,12,4.59354679036626
35,-116,14,4.49163571786761
35,-116,16,4.37584820399265
35,-116,18,4.24807856214881
35,-116,20,4.11023566267806
35,-116,22,3.96419432818727
35,-116,24,3.81175559986596
35,-116,26,3.65461655873576
35,-116,28,3.49434960522641
35,-116,30,3.33239043635032
35,-116,32,3.17003345918945
35,-116,34,3.00843306908705
35,-116,36,2.84860910552276
35,-116,38,2.69145486177273
35,-116,40,2.53774623218793
35,-116,42,2.38815088739372
35,-116,44,2.24323672199782
35,-116,46,2.10347917257283
35,-116,48,1.96926731492425
35,-116,50,1.84090889044025
35,-116,52,1.71863456727615
35,-116,54,1.60260181253423
35,-116,56,1.49289874694315
35,-116,58,1.38954829185775
35,-116,60,1.29251282121777
35,-116,62,1.20169941971519
35,-116,64,1.11696574101204
35,-116,66,1.0381263697534
35,-116,68,0.964959526184609
35,-116,70,0.897213915101747
35,-116,72,0.834615510143529
35,-116,74,0.776874075687074
35,-116,76,0.723689255898181
35,-116,78,0.674756097489543
35,-116,80,0.629769913641777
35,-116,82,0.588430436596944
35,-116,84,0.550445242231854
35,-116,86,0.515532459412391
35,-116,88,0.483422799302166
35,-116,90,0.453860955234321
35,-116,92,0.426606433183069
35,-116,94,0.401433877708947
35,-116,96,0.378132960175883
35,-116,98,0.356507896784882
35,-116,100,0.336376665159661
35,-116,102,0.317569991199251
35,-116,104,0.29993018359878
35,-116,106,0.283309902169358
35,-116,108,0.267570957474936
35,-116,110,0.252583252116609
35,-116,112,0.238223986084764
35,-116,114,0.224377256913892
35,-116,116,0.210934186095686
35,-116,118,0.197793692053179
35,-116,120,0.184864002708578
35,-116,122,0.17206495377894
35,-116,124,0.159331050493308
35,-116,126,0.146615181078124
35,-116,128,0.133892764194352
35,-116,130,0.121165997736651
35,-116,132,0.108467765538851
35,-116,134,0.0958646678832429
35,-116,136,0.0834585899857965
35,-116,138,0.0713862285525156
35,-116,140,0.0598160756269493
35,-116,142,0.0489425199836974
35,-116,144,0.0389769675980151
35,-116,146,0.0301361895906048
35,-116,148,0.0226284500624242
35,-116,150,0.0166383067925275
35,-116,152,0.0123112665267887
35,-116,154,0.0097396643722619
35,-116,156,0.00895118215139553
35,-116,158,0.00990129824444677
35,-116,160,0.0124706693175882
35,-116,162,0.0164680066410316
35,-116,164,0.0216384756512837
35,-116,166,0.0276770847497235
35,-116,168,0.0342460137666368
35,-116,170,0.0409944349019098
35,-116,172,0.0475791527523834
35,-116,174,0.0536843618255712
35,-116,176,0.0590389849733155
35,-116,178,0.0634303800799106
35,-116,180,0.0667136285396365
35,-114,0,4.82413308903293
35,-114,2,4.83737291532903
35,-114,4,4.8293180885821
35,-114,6,4.80056548794115
35,-114,8,4.75205912731542
35,-114,10,4.68504187610648
35,-114,12,4.60099854812742
35,-114,14,4.50159423531745
35,-114,16,4.3886117618522
35,-114,18,4.26389182213633
35,-114,20,4.12927879828437
35,-114,22,3.98657450257863
35,-114,24,3.83750124111284
35,-114,26,3.6836747307889
35,-114,28,3.52658660127328
35,-114,30,3.36759554199553
35,-114,32,3.2079256593504
35,-114,34,3.04867031692106
35,-114,36,2.89079964472277
35,-114,38,2.73517000324105
35,-114,40,2.58253393731333
35,-114,42,2.43354950433028
35,-114,44,2.28878825641415
35,-114,46,2.14874154509947
35,-114,48,2.01382515623964
35,-114,50,1.88438254218974
35,-114,52,1.7606870827057
35,-114,54,1.64294387502937
35,-114,56,1.53129153896662
35,-114,58,1.42580444430787
35,-114,60,1.32649564948168
35,-114,62,1.23332070553997
35,-114,64,1.14618234885402
35,-114,66,1.06493599442809
35,-114,68,0.989395858708788
35,-114,70,0.919341489666081
35,-114,72,0.854524461520623
35,-114,74,0.794674997229214
35,-114,76,0.739508307278261
35,-114,78,0.68873047145275
35,-114,80,0.642043734449304
35,-114,82,0.599151130973267
35,-114,84,0.559760397206972
35,-114,86,0.523587160651844
35,-114,88,0.490357428092282
35,-114,90,0.459809411705382
35,-114,92,0.431694746914167
35,-114,94,0.405779163807173
35,-114,96,0.38184267851258
35,-114,98,0.359679373619364
35,-114,100,0.33909683929559
35,-114,102,0.319915350617106
35,-114,104,0.301966862811848
35,-114,106,0.28509391507788
35,-114,108,0.269148545037176
35,-114,110,0.253991328563583
35,-114,112,0.239490671552185
35,-114,114,0.225522488130832
35,-114,116,0.211970400021731
35,-114,118,0.198726579939257
35,-114,120,0.185693333793803
35,-114,122,0.172785468539445
35,-114,124,0.159933422853462
35,-114,126,0.147087047144329
35,-114,128,0.134219811811931
35,-114,130,0.12133310653304
35,-114,132,0.108460181247466
35,-114,134,0.0956691879081745
35,-114,136,0.0830647297485669
35,-114,138,0.0707873306417233
35,-114,140,0.0590103167228682
35,-114,142,0.0479337646089996
35,-114,144,0.0377754136940323
35,-114,146,0.0287587495672695
35,-114,148,0.0210988132356671
35,-114,150,0.0149866359700284
35,-114,152,0.010573493852265
35,-114,154,0.00795637010323301
35,-114,156,0.0071660650979152
35,-114,158,0.00815927769158672
35,-114,160,0.0108156939659491
35,-114,162,0.0149406838439943
35,-114,164,0.0202736702600871
35,-114,166,0.026501666520497
35,-114,168,0.0332769504158204
35,-114,170,0.0402374296670279
35,-114,172,0.0470280069920988
35,-114,174,0.0533212030059548
35,-114,176,0.0588354391988907
35,-114,178,0.0633496899797098
35,-114,180,0.0667136285396354
35,-112,0,4.82413308903293
35,-112,2,4.83769516192439
35,-112,4,4.83032431100564
35,-112,6,4.80264213935093
35,-112,8,4.75560478545277
35,-112,10,4.69045330067027
35,-112,12,4.60865598759478
35,-112,14,4.5118466538331
35,-112,16,4.4017626952272
35,-112,18,4.28018656583267
35,-112,20,4.14889357815177
35,-112,22,4.00960818367401
35,-112,24,3.86396999753315
35,-112,26,3.71350993952898
35,-112,28,3.55963604725991
35,-112,30,3.4036278422472
35,-112,32,3.24663764418262
35,-112,34,3.08969695666228
35,-112,36,2.93372599097526
35,-112,38,2.77954453116835
35,-112,40,2.62788263361409
35,-112,42,2.47939004515068
35,-112,44,2.3346436580499
35,-112,46,2.19415274276948
35,-112,48,2.05836206508496
35,-112,50,1.92765327108657
35,-112,52,1.8023450959678
35,-112,54,1.68269302033424
35,-112,56,1.56888897362692
35,-112,58,1.46106158974584
35,-112,60,1.35927738094447
35,-112,62,1.26354303843034
35,-112,64,1.17380891437518
35,-112,66,1.08997360719411
35,-112,68,1.01188947055852
35,-112,70,0.939368800999013
35,-112,72,0.872190428259956
35,-112,74,0.810106432140582
35,-112,76,0.752848732542561
35,-112,78,0.700135338182525
35,-112,80,0.651676086582651
35,-112,82,0.607177757260661
35,-112,84,0.566348486722564
35,-112,86,0.52890145473478
35,-112,88,0.494557844733626
35,-112,90,0.463049106709244
35,-112,92,0.43411856905227
35,-112,94,0.407522457936614
35,-112,96,0.383030390501746
35,-112,98,0.360425413226151
35,-112,100,0.339503661228824
35,-112,102,0.320073719327828
35,-112,104,0.301955772624315
35,-112,106,0.284980643667387
35,-112,108,0.268988824633777
35,-112,110,0.253829625287356
35,-112,112,0.239360568673471
35,-112,114,0.225447173524485
35,-112,116,0.211963261394843
35,-112,118,0.198791913333843
35,-112,120,0.185827171222142
35,-112,122,0.172976529290532
35,-112,124,0.160164189993601
35,-112,126,0.147334966108812
35,-112,128,0.134458601945041
35,-112,130,0.121534169281113
35,-112,132,0.108594080824819
35,-112,134,0.0957071720638883
35,-112,136,0.0829802501963545
35,-112,138,0.0705575151886048
35,-112,140,0.0586173385335602
35,-112,142,0.0473660487631167
35,-112,144,0.0370286176857162
35,-112,146,0.0278364532552198
35,-112,148,0.0200128557782492
35,-112,150,0.0137570435074186
35,-112,152,0.00922795331877331
35,-112,154,0.00652922273473281
35,-112,156,0.00569681877165304
35,-112,158,0.00669067029348652
35,-112,160,0.00939137947279596
35,-112,162,0.0136026562207598
35,-112,164,0.0190595835241151
35,-112,166,0.025442246966614
35,-112,168,0.0323937227714243
35,-112,170,0.039540986662059
35,-112,172,0.0465170364455435
35,-112,174,0.0529824452712903
35,-112,176,0.0586446810793515
35,-112,178,0.0632738131172577
35,-112,180,0.0667136285396343
35,-110,0,4.82413308903293
35,-110,2,4.83799871171727
35,-110,4,4.8313141403335
35,-110,6,4.80472439098492
35,-110,8,4.75919557783419
35,-110,10,4.69596403343184
35,-110,12,4.61647802869523
35,-110,14,4.52233611544727
35,-110,16,4.41522603128318
35,-110,18,4.29686770334507
35,-110,20,4.16896322741491
35,-110,22,4.03315586312912
35,-110,24,3.89099916548095
35,-110,26,3.74393645733507
35,-110,28,3.59329001944937
35,-110,30,3.44025870052442
35,-110,32,3.28592217692249
35,-110,34,3.13124984323009
35,-110,36,2.97711228955077
35,-110,38,2.82429349513195
35,-110,40,2.67350219770468
35,-110,42,2.52538132837579
35,-110,44,2.38051487288551
35,-110,46,2.23943197434662
35,-110,48,2.10260848277567
35,-110,50,1.97046644987807
35,-110,52,1.84337224741234
35,-110,54,1.72163405404098
35,-110,56,1.60549942246663
35,-110,58,1.49515352887947
35,-110,60,1.39071854803036
35,-110,62,1.29225441751404
35,-110,64,1.19976107860993
35,-110,66,1.1131821270169
35,-110,68,1.03240968695828
35,-110,70,0.957290241668214
35,-110,72,0.88763111176078
35,-110,74,0.82320726579504
35,-110,76,0.763768167293539
35,-110,78,0.709044401326991
35,-110,80,0.658753873513252
35,-110,82,0.612607427908529
35,-110,84,0.570313782333166
35,-110,86,0.531583726404844
35,-110,88,0.496133566800123
35,-110,90,0.46368783528184
35,-110,92,0.433981298168603
35,-110,94,0.406760322323862
35,-110,96,0.381783664031574
35,-110,98,0.358822755143504
35,-110,100,0.33766156744609
35,-110,102,0.31809614288249
35,-110,104,0.299933885228113
35,-110,106,0.28299271859817
35,-110,108,0.267100229539325
35,-110,110,0.252092921309407
35,-110,112,0.237815719208578
35,-110,114,0.224121871494936
35,-110,116,0.210873387733944
35,-110,118,0.197942141194472
35,-110,120,0.185211729998209
35,-110,122,0.172580139832671
35,-110,124,0.159963177491481
35,-110,126,0.147298550250454
35,-110,128,0.134550355540268
35,-110,130,0.121713627050438
35,-110,132,0.108818470056894
35,-110,134,0.095933226871003
35,-110,136,0.0831660616153208
35,-110,138,0.0706643607480648
35,-110,140,0.0586114274107086
35,-110,142,0.0472201125250154
35,-110,144,0.0367232721730427
35,-110,146,0.0273612549516646
35,-110,148,0.0193669768789025
35,-110,150,0.0129494950953983
35,-110,152,0.00827729712784925
35,-110,154,0.00546273053662608
35,-110,156,0.00454906577782647
35,-110,158,0.00550158556610343
35,-110,160,0.00820382129341002
35,-110,162,0.0124596309741016
35,-110,164,0.018001278271987
35,-110,166,0.0245030921321009
35,-110,168,0.0315997347624929
35,-110,170,0.0389076533422261
35,-110,172,0.046047994898523
35,-110,174,0.0526691577359801
35,-110,176,0.0584672414431119
35,-110,178,0.0632029175364856
35,-110,180,0.0667136285396331
35,-108,0,4.82413308903293
35,-108,2,4.83828249694513
35,-108,4,4.83228335378781
35,-108,6,4.80680246603875
35,-108,8,4.76281356423504
35,-108,10,4.70154526519723
35,-108,12,4.624422312782
35,-108,14,4.5330041792393
35,-108,16,4.42892498050293
35,-108,18,4.31383820726937
35,-108,20,4.18936906682567
35,-108,22,4.05707635394092
35,-108,24,3.91842481662507
35,-108,26,3.77476804684867
35,-108,28,3.62734109060118
35,-108,30,3.47726130289213
35,-108,32,3.32553551711605
35,-108,34,3.17307137590067
35,-108,36,3.02069067838272
35,-108,38,2.86914280988488
35,-108,40,2.71911668852495
35,-108,42,2.57125013144382
35,-108,44,2.4261360486464
35,-108,46,2.28432535581466
35,-108,48,2.1463269099618
35,-108,50,2.01260507954663
35,-108,52,1.88357574700783
35,-108,54,1.75960160680533
35,-108,56,1.64098758032633
35,-108,58,1.52797704472292
35,-108,60,1.42074939525526
35,-108,62,1.31941925977119
35,-108,64,1.22403748590178
35,-108,66,1.13459384678521
35,-108,68,1.05102127291348
35,-108,70,0.973201322209418
35,-108,72,0.900970547750084
35,-108,74,0.834127408119893
35,-108,76,0.772439381771405
35,-108,78,0.715649985282059
35,-108,80,0.663485447352852
35,-108,82,0.615660848122879
35,-108,84,0.57188559074298
35,-108,86,0.531868124802091
35,-108,88,0.495319886500292
35,-108,90,0.461958457301195
35,-108,92,0.431509971280128
35,-108,94,0.403710822506068
35,-108,96,0.378308739110022
35,-108,98,0.355063302024069
35,-108,100,0.333745995554002
35,-108,102,0.314139885581702
35,-108,104,0.296039030458115
35,-108,106,0.279247740106567
35,-108,108,0.263579810297778
35,-108,110,0.248857870377574
35,-108,112,0.23491299187314
35,-108,114,0.221584709412203
35,-108,116,0.208721600565169
35,-108,118,0.196182553467201
35,-108,120,0.183838816423434
35,-108,122,0.171576869002589
35,-108,124,0.159302077919278
35,-108,126,0.146943004426166
35,-108,128,0.134456117560531
35,-108,130,0.121830548032228
35,-108,132,0.109092403590639
35,-108,134,0.0963080747796923
35,-108,136,0.0835859087233964
35,-108,138,0.071075636552246
35,-108,140,0.0589650227086426
35,-108,142,0.0474733704169993
35,-108,144,0.0368417657715616
35,-108,146,0.0273202592905585
35,-108,148,0.0191525410362811
35,-108,150,0.012559024053198
35,-108,152,0.00771956339051756
35,-108,154,0.00475725510713695
35,-108,156,0.00372483841781739
35,-108,158,0.00459513599882472
35,-108,160,0.00725670513789412
35,-108,162,0.0115154535808824
35,-108,164,0.0171024408080271
35,-108,166,0.0236874997441563
35,-108,168,0.0308977476922323
35,-108,170,0.0383395797228851
35,-108,172,0.045622411408611
35,-108,174,0.0523822971907036
35,-108,176,0.0583036050160636
35,-108,178,0.0631371589490317
35,-108,180,0.0667136285396319
35,-106,0,4.82413308903293
35,-106,2,4.83854543852589
35,-106,4,4.83322761721048
35,-106,6,4.80886630186647
35,-106,8,4.76644029149046
35,-106,10,4.70716742279253
35,-106,12,4.63244547660375
35,-106,14,4.54379120763866
35,-106,16,4.44278145308015
35,-106,18,4.330999774047
35,-106,20,4.20999132999955
35,-106,22,4.08122776946489
35,-106,24,3.94608293843885
35,-106,26,3.80581925530524
35,-106,28,3.66158376205434
35,-106,30,3.51441220231198
35,-106,32,3.3652390411022
35,-106,34,3.2149111481428
35,-106,36,3.06420290918869
35,-106,38,2.91383077868424
35,-106,40,2.7644656934278
35,-106,42,2.61674227086586
35,-106,44,2.47126425269075
35,-106,46,2.32860616405473
35,-106,48,2.18931159096069
35,-106,50,2.05388879869208
35,-106,52,1.92280460563439
35,-106,54,1.7964774899426
35,-106,56,1.67527085626406
35,-106,58,1.5594872515214
35,-106,60,1.4493641233749
35,-106,62,1.34507149378479
35,-106,64,1.24671170107982
35,-106,66,1.15432116904184
35,-106,68,1.06787400528997
35,-106,70,0.98728712081592
35,-106,72,0.912426498502369
35,-106,74,0.843114216481749
35,-106,76,0.779135844670399
35,-106,78,0.720247870614427
35,-106,80,0.666184864659907
35,-106,82,0.616666156079484
35,-106,84,0.571401854369123
35,-106,86,0.530098108521096
35,-106,88,0.492461548556862
35,-106,90,0.458202896473905
35,-106,92,0.427039767862087
35,-106,94,0.398698711601233
35,-106,96,0.372916554727669
35,-106,98,0.349441134541508
35,-106,100,0.3280315121463
35,-106,102,0.308457772486136
35,-106,104,0.290500526760345
35,-106,106,0.273950244420151
35,-106,108,0.258606553572803
35,-106,110,0.244277659433102
35,-106,112,0.230780038430189
35,-106,114,0.217938567776766
35,-106,116,0.205587243118519
35,-106,118,0.193570616328693
35,-106,120,0.18174604778892
35,-106,122,0.169986809656926
35,-106,124,0.158185997412185
35,-106,126,0.146261107721839
35,-106,128,0.134159026111096
35,-106,130,0.121861046756889
35,-106,132,0.109387431744486
35,-106,134,0.0968009246766802
35,-106,136,0.0842085821295821
35,-106,138,0.0717612945689449
35,-106,140,0.0596504513595914
35,-106,142,0.0481013712680234
35,-106,144,0.0373633693431447
35,-106,146,0.0276966498194227
35,-106,148,0.0193565759212712
35,-106,150,0.0125762322766516
35,-106,152,0.00754851692234762
35,-106,154,0.00440922835104257
35,-106,156,0.00322270512108246
35,-106,158,0.00397150137630535
35,-106,160,0.00655133190067853
35,-106,162,0.0107721102373621
35,-106,164,0.0163653725006056
35,-106,166,0.0229977872186259
35,-106,168,0.0302898686783158
35,-106,170,0.0378385090783653
35,-106,172,0.0452415837721313
35,-106,174,0.0521227041534037
35,-106,176,0.058154208535993
35,-106,178,0.0630766802086844
35,-106,180,0.0667136285396308
35,-104,0,4.82413308903293
35,-104,2,4.8387864513148
35,-104,4,4.83414250852681
35,-104,6,4.81090560792823
35,-104,8,4.7700569044061
35,-104,10,4.71280035241834
35,-104,12,4.64050342739855
35,-104,14,4.55463675123681
35,-104,16,4.45671656902941
35,-104,18,4.34825347149225
35,-104,20,4.23070995591851
35,-104,22,4.10546846270488
35,-104,24,3.97381051504164
35,-104,26,3.83690662323593
35,-104,28,3.69581577667596
35,-104,30,3.5514927008726
35,-104,32,3.40480064594251
35,-104,34,3.25652731209643
35,-104,36,3.10740159729063
35,-104,38,2.95810913929677
35,-104,40,2.80930506806322
35,-104,42,2.66162292206779
35,-104,44,2.51567924854255
35,-104,46,2.3720739403913
35,-104,48,2.23138681171587
35,-104,50,2.0941712442769
35,-104,52,1.96094593208796
35,-104,54,1.83218581143633
35,-104,56,1.70831320462598
35,-104,58,1.58969005399364
35,-104,60,1.47661191025747
35,-104,62,1.36930409878774
35,-104,64,1.26792024840346
35,-104,66,1.1725431531236
35,-104,68,1.08318776369329
35,-104,70,0.999805980700414
35,-104,72,0.922292845887153
35,-104,74,0.850493698698148
35,-104,76,0.784211873502433
35,-104,78,0.72321654980138
35,-104,80,0.667250423316297
35,-104,82,0.616036931191021
35,-104,84,0.569286832237368
35,-104,86,0.526704007659973
35,-104,88,0.487990405398863
35,-104,90,0.452850100238975
35,-104,92,0.420992481711611
35,-104,94,0.392134613193212
35,-104,96,0.36600282985321
35,-104,98,0.342333661956435
35,-104,100,0.320874185301772
35,-104,102,0.301381913897406
35,-104,104,0.283624362525816
35,-104,106,0.267378419204238
35,-104,108,0.252429679480752
35,-104,110,0.238571904915674
35,-104,112,0.225606774954946
35,-104,114,0.213344101824066
35,-104,116,0.201602668516216
35,-104,118,0.19021182656339
35,-104,120,0.179013949418668
35,-104,122,0.167867776183005
35,-104,124,0.156652598020337
35,-104,126,0.145273137418312
35,-104,128,0.133664853317072
35,-104,130,0.121799281798301
35,-104,132,0.109688905276793
35,-104,134,0.0973909492408755
35,-104,136,0.0850094529935823
35,-104,138,0.0726949679861163
35,-104,140,0.0606413196788632
35,-104,142,0.0490790355211642
35,-104,144,0.0382652920313995
35,-104,146,0.0284705552646762
35,-104,148,0.0199624550791803
35,-104,150,0.0129878062950811
35,-104,152,0.00775402226149783
35,-104,154,0.00441140906463724
35,-104,156,0.00303793713191909
35,-104,158,0.00362802976134804
35,-104,160,0.00608667338689385
35,-104,162,0.0102297544352792
35,-104,164,0.0157909990468434
35,-104,166,0.022435291723695
35,-104,168,0.0297775466785301
35,-104,170,0.0374057729657532
35,-104,172,0.0449065741634969
35,-104,174,0.0518910998358033
35,-104,176,0.0580194391612471
35,-104,178,0.0630216108406485
35,-104,180,0.0667136285396296
35,-102,0,4.82413308903293
35,-102,2,4.83900444951269
35,-102,4,4.83502354180076
35,-102,6,4.812909924833
35,-102,8,4.77364425799766
35,-102,10,4.71841350386744
35,-102,12,4.64855161718358
35,-102,14,4.56547992938353
35,-102,16,4.47065115837337
35,-102,18,4.3655003678419
35,-102,20,4.25140535099329
35,-102,22,4.12965791918618
35,-102,24,4.00144654092378
35,-102,26,3.86784979974913
35,-102,28,3.72983930536591
35,-102,30,3.58829006443839
35,-102,32,3.44399593484328
35,-102,34,3.29768766191785
35,-102,36,3.15005111392937
35,-102,38,3.00174366034849
35,-102,40,2.85340711685291
35,-102,42,2.70567625105805
35,-102,44,2.55918243569022
35,-102,46,2.41455258906393
35,-102,48,2.27240400550331
35,-102,50,2.13333601601723
35,-102,52,1.99791961556546
35,-102,54,1.86668624888692
35,-102,56,1.74011687846446
35,-102,58,1.61863229298862
35,-102,60,1.50258538570931
35,-102,62,1.39225587329383
35,-102,64,1.287847667965
35,-102,66,1.18948888332288
35,-102,68,1.09723426419326
35,-102,70,1.01106969197979
35,-102,72,0.930918331068738
35,-102,74,0.856647944941748
35,-102,76,0.788078915052554
35,-102,78,0.724992531440951
35,-102,80,0.667139181248123
35,-102,82,0.614246130243283
35,-102,84,0.566024665165938
35,-102,86,0.52217643503045
35,-102,88,0.482398893416854
35,-102,90,0.446389798907894
35,-102,92,0.413850776495538
35,-102,94,0.384489979420732
35,-102,96,0.358023919779698
35,-102,98,0.334178559019421
35,-102,100,0.312689767954614
35,-102,102,0.29330328179114
35,-102,104,0.275774290033405
35,-102,106,0.259866814653027
35,-102,108,0.245353042283172
35,-102,110,0.232012786371773
35,-102,112,0.219633261164227
35,-102,114,0.208009348249063
35,-102,116,0.196944524718511
35,-102,118,0.186252596023311
35,-102,120,0.175760332825402
35,-102,122,0.16531104696121
35,-102,124,0.154769056097634
35,-102,126,0.144024881393857
35,-102,128,0.133000902376063
35,-102,130,0.121657067039724
35,-102,132,0.109996135646533
35,-102,134,0.0980678400044327
35,-102,136,0.0859712846552383
35,-102,138,0.0738549208895528
35,-102,140,0.0619135046186022
35,-102,142,0.0503816144617808
35,-102,144,0.0395235570801532
35,-102,146,0.0296198108188338
35,-102,148,0.0209505308569062
35,-102,150,0.0137770216850538
35,-102,152,0.00832242922498583
35,-102,154,0.0047531653677144
35,-102,156,0.00316270634973511
35,-102,158,0.00355936947469433
35,-102,160,0.00585945554545472
35,-102,162,0.00988675590478877
35,-102,164,0.0153788965551436
35,-102,166,0.0220003819325393
35,-102,168,0.0293615759689484
35,-102,170,0.0370422905400219
35,-102,172,0.0446182069472486
35,-102,174,0.0516880840330269
35,-102,176,0.0578996331793146
35,-102,178,0.0629720666275228
35,-102,180,0.0667136285396285
35,-100,0,4.82413308903293
35,-100,2,4.83919835219531
35,-100,4,4.8358661917343
35,-100,6,4.81486868409573
35,-100,8,4.77718303031823
35,-100,10,4.72397611437708
35,-100,12,4.65654531440754
35,-100,14,4.57625980403042
35,-100,16,4.48450624809043
35,-100,18,4.38264213819997
35,-100,20,4.27195911579376
35,-100,22,4.15365759793456
35,-100,24,4.02883296188829
35,-100,26,3.89847255925667
35,-100,28,3.76346200369341
35,-100,30,3.62459856978925
35,-100,32,3.48260919017985
35,-100,34,3.3381704515729
35,-100,36,3.19192815056446
35,-100,38,3.04451433692704
35,-100,40,2.89656028897168
35,-100,42,2.74870446646334
35,-100,44,2.60159510334455
35,-100,46,2.45588767271808
35,-100,48,2.31223792959918
35,-100,50,2.17129157865656
35,-100,52,2.03367180864348
35,-100,54,1.89996598444957
35,-100,56,1.77071270881488
35,-100,58,1.64639028679574
35,-100,60,1.52740738103793
35,-100,62,1.41409636976724
35,-100,64,1.30670964392331
35,-100,66,1.20541883061305
35,-100,68,1.11031672480119
35,-100,70,1.02142155950618
35,-100,72,0.938683148971726
35,-100,74,0.86199039565957
35,-100,76,0.791179652685533
35,-100,78,0.726043468461995
35,-100,80,0.666339299147612
35,-100,82,0.611797846995081
35,-100,84,0.562130760264153
35,-100,86,0.517037506393619
35,-100,88,0.476211300018759
35,-100,90,0.439344028523687
35,-100,92,0.406130169119168
35,-100,94,0.376269733199553
35,-100,96,0.349470307103117
35,-100,98,0.325448285022199
35,-100,100,0.303929411475637
35,-100,102,0.284648769099397
35,-100,104,0.267350363745821
35,-100,106,0.251786473588914
35,-100,108,0.237716941904543
35,-100,110,0.224908603337736
35,-100,112,0.213135038793772
35,-100,114,0.202176851791166
35,-100,116,0.191822645781681
35,-100,118,0.1818708539048
35,-100,120,0.172132526472558
35,-100,122,0.162435114637045
35,-100,124,0.152627200298666
35,-100,126,0.142584013972596
35,-100,128,0.132213458901459
35,-100,130,0.121462229857833
35,-100,132,0.110321491477563
35,-100,134,0.098831479810922
35,-100,136,0.087084330628153
35,-100,138,0.0752244377163258
35,-100,140,0.0634457202574411
35,-100,142,0.0519853407870024
35,-100,144,0.0411136653240962
35,-100,146,0.0311205841463293
35,-100,148,0.0222986910837072
35,-100,150,0.0149242141485342
35,-100,152,0.00923695422492483
35,-100,154,0.00542077070635741
35,-100,156,0.00358630582752302
35,-100,158,0.00375762652224073
35,-100,160,0.00586426579810765
35,-100,162,0.00973976996091539
35,-100,164,0.0151273333933359
35,-100,166,0.0216924809443961
35,-100,168,0.0290421068406555
35,-100,170,0.0367485720685869
35,-100,172,0.044377068634834
35,-100,174,0.051514133933042
35,-100,176,0.0577950750180935
35,-100,178,0.0629281492535001
35,-100,180,0.0667136285396276
35,-98,0,4.82413308903293
35,-98,2,4.83936708893267
35,-98,4,4.83666591846209
35,-98,6,4.81677126823171
35,-98,8,4.78065383514982
35,-98,10,4.72945739093727
35,-98,12,4.66443987124196
35,-98,14,4.58691574448846
35,-98,16,4.49820353285392
35,-98,18,4.39958164480296
35,-98,20,4.292254732394
35,-98,22,4.17733171632016
35,-98,24,4.05581553932784
35,-98,26,3.92860371705636
35,-98,28,3.79649793883882
35,-98,30,3.66022038935383
35,-98,32,3.52043414718414
35,-98,34,3.37776497212961
35,-98,36,3.23282199733515
35,-98,38,3.08621525101713
35,-98,40,2.93856848621646
35,-98,42,2.79052642751624
35,-98,44,2.64275618216373
35,-98,46,2.49594314711802
35,-98,48,2.35078222330831
35,-98,50,2.20796549058008
35,-98,52,2.06816768660835
35,-98,54,1.93203087345969
35,-98,56,1.80014958456118
35,-98,58,1.67305755151436
35,-98,60,1.55121684929778
35,-98,62,1.43501000574506
35,-98,64,1.3247353293737
35,-98,66,1.22060544505499
35,-98,68,1.12274880813268
35,-98,70,1.03121380462238
35,-98,72,0.945974940685632
35,-98,74,0.866940575172619
35,-98,76,0.79396164684715
35,-98,78,0.726840882674912
35,-98,80,0.66534203421553
35,-98,82,0.609198765189347
35,-98,84,0.55812289561239
35,-98,86,0.511811789377653
35,-98,88,0.469954747787115
35,-98,90,0.432238338296855
35,-98,92,0.398350644353935
35,-98,94,0.367984468770675
35,-98,96,0.34083956065064
35,-98,98,0.316623966060504
35,-98,100,0.295054627229914
35,-98,102,0.275857375718241
35,-98,104,0.258766482961494
35,-98,106,0.243523947522179
35,-98,108,0.229878712034911
35,-98,110,0.217586013211531
35,-98,112,0.206407073385694
35,-98,114,0.19610933917307
35,-98,116,0.186467458528231
35,-98,118,0.177265158155642
35,-98,120,0.168298135462818
35,-98,122,0.159378010465214
35,-98,124,0.150337292310373
35,-98,126,0.141035203858396
35,-98,128,0.131364080726334
35,-98,130,0.121255926879698
35,-98,132,0.110688579780412
35,-98,134,0.0996908305100461
35,-98,136,0.0883457769798247
35,-98,138,0.0767916806966719
35,-98,140,0.065219666734698
35,-98,142,0.0538677641203991
35,-98,144,0.0430110322540676
35,-98,146,0.0329478487378355
35,-98,148,0.0239828219335633
35,-98,150,0.0164072013829113
35,-98,152,0.0104780441361879
35,-98,154,0.0063977031567425
35,-98,156,0.00429538541804053
35,-98,158,0.00421254228825404
35,-98,160,0.00609368108961187
35,-98,162,0.00978382517952576
35,-98,164,0.0150333266023829
35,-98,166,0.0215100997235508
35,-98,168,0.0288186631886747
35,-98,170,0.0365247264982142
35,-98,172,0.0441835099308555
35,-98,174,0.051369603832008
35,-98,176,0.0577059965597712
35,-98,178,0.0628899460079279
35,-98,180,0.0667136285396268
35,-96,0,4.82413308903293
35,-96,2,4.8395096054673
35,-96,4,4.83741819249349
35,-96,6,4.81860707081685
35,-96,8,4.78403733385835
35,-96,10,4.73482668993391
35,-96,12,4.6721909849068
35,-96,14,4.59738778098508
35,-96,16,4.51166582695835
35,-96,18,4.41622348810142
35,-96,20,4.31217820912915
35,-96,22,4.20054797574435
35,-96,24,4.08224463565957
35,-96,26,3.95807794351351
35,-96,28,3.82876839015081
35,-96,30,3.69496632279986
35,-96,32,3.55727458679877
35,-96,34,3.41627192061313
35,-96,36,3.27253458674374
35,-96,38,3.12665417340085
35,-96,40,2.97925009260479
35,-96,42,2.83097595959794
35,-96,44,2.68251969652821
35,-96,46,2.53459779821413
35,-96,48,2.38794468057828
35,-96,50,2.24329837119785
35,-96,52,2.10138398303766
35,-96,54,1.96289644116237
35,-96,56,1.8284838273166
35,-96,58,1.69873249860998
35,-96,60,1.57415485977776
35,-96,62,1.45518036011384
35,-96,64,1.34214997942829
35,-96,66,1.23531418921271
35,-96,68,1.13483414457269
35,-96,70,1.04078568999782
35,-96,72,0.953165650563951
35,-96,74,0.87189982628431
35,-96,76,0.796852103143462
35,-96,78,0.727834129355044
35,-96,80,0.664615068169821
35,-96,82,0.606931018175462
35,-96,84,0.554493778938659
35,-96,86,0.506998726474616
35,-96,88,0.464131643980603
35,-96,90,0.425574425216154
35,-96,92,0.391009629350208
35,-96,94,0.360123916971184
35,-96,96,0.332610438247195
35,-96,98,0.308170277523268
35,-96,100,0.28651308577176
35,-96,102,0.26735705497997
35,-96,104,0.250428408074471
35,-96,106,0.235460595025979
35,-96,108,0.222193400239234
35,-96,110,0.2103721772085
35,-96,112,0.199747431806954
35,-96,114,0.190074972751979
35,-96,116,0.181116833394613
35,-96,118,0.172643139363004
35,-96,120,0.164435048254931
35,-96,122,0.156288817814929
35,-96,124,0.14802096667158
35,-96,126,0.139474377939574
35,-96,128,0.130525065184562
35,-96,130,0.121089180632522
35,-96,132,0.111129709471143
35,-96,134,0.100662177944479
35,-96,136,0.0897586258813563
35,-96,138,0.0785490764947658
35,-96,140,0.067219796097889
35,-96,142,0.0560077868971116
35,-96,144,0.0451912014469043
35,-96,146,0.0350756998365604
35,-96,148,0.0259771684050547
35,-96,150,0.0182016460089766
35,-96,152,0.012023713452046
35,-96,154,0.00766494011165787
35,-96,156,0.00527419631765295
35,-96,158,0.00491168687935381
35,-96,160,0.0065384134499341
35,-96,162,0.010012427295914
35,-96,164,0.015092711570259
35,-96,166,0.0214508802968602
35,-96,168,0.0286901665838379
35,-96,170,0.036370472875863
35,-96,172,0.0440376497875506
35,-96,174,0.051254725731398
35,-96,176,0.0576325767544557
35,-96,178,0.0628575295489948
35,-96,180,0.0667136285396263
35,-94,0,4.82413308903293
35,-94,2,4.83962486941993
35,-94,4,4.83811851965466
35,-94,6,4.82036555615094
35,-94,8,4.78731434573768
35,-94,10,4.74005369306895
35,-94,12,4.67975495155309
35,-94,14,4.60761694513376
35,-94,16,4.52481749520324
35,-94,18,4.43247452623009
35,-94,20,4.33161868040062
35,-94,22,4.22317822631915
35,-94,24,4.1079759203101
35,-94,26,3.98673647861914
35,-94,28,3.86010252918471
35,-94,30,3.72865638786044
35,-94,32,3.59294476988502
35,-94,34,3.45350359670322
35,-94,36,3.31088035827098
35,-94,38,3.1656519885426
35,-94,40,3.01843684036233
35,-94,42,2.86990003322752
35,-94,44,2.72075212307269
35,-94,46,2.57174164581622
35,-94,48,2.42364256847642
35,-94,50,2.27723801321908
35,-94,52,2.13330178935599
35,-94,54,1.99257928220403
35,-94,56,1.85576912654176
35,-94,58,1.7235068671769
35,-94,60,1.59635151630417
35,-94,62,1.47477559397807
35,-94,64,1.35915891780677
35,-94,66,1.24978611815434
35,-94,68,1.14684761492166
35,-94,70,1.05044361210527
35,-94,72,0.960590549748889
35,-94,74,0.877229396147144
35,-94,76,0.800235158183322
35,-94,78,0.729427023726231
35,-94,80,0.664578615335678
35,-94,82,0.605427917803734
35,-94,84,0.551686533364328
35,-94,86,0.50304800979569
35,-94,88,0.459195072387369
35,-94,90,0.419805667264525
35,-94,92,0.384557789170594
35,-94,94,0.353133121340671
35,-94,96,0.325219559484374
35,-94,98,0.30051272773927
35,-94,100,0.278716623622798
35,-94,102,0.259543553283945
35,-94,104,0.242713539133618
35,-94,106,0.22795339999058
35,-94,108,0.214995719200686
35,-94,110,0.203577927857284
35,-94,112,0.193441736437673
35,-94,114,0.184333146189788
35,-94,116,0.176003258093939
35,-94,118,0.168210068450897
35,-94,120,0.160721392447632
35,-94,122,0.153318987440044
35,-94,124,0.145803854611733
35,-94,126,0.138002581852008
35,-94,128,0.129774456047783
35,-94,130,0.121018927332472
35,-94,132,0.111682863370915
35,-94,134,0.101766904908382
35,-94,136,0.0913301443251962
35,-94,138,0.080492318042509
35,-94,140,0.0694327512200715
35,-94,142,0.0583854343035786
35,-94,144,0.0476298519332234
35,-94,146,0.0374775196505927
35,-94,148,0.0282545924001717
35,-94,150,0.0202813558718549
35,-94,152,0.0138498495065968
35,-94,154,0.00920124294844192
35,-94,156,0.00650483968493115
35,-94,158,0.00584066420696928
35,-94,160,0.0071874701233851
35,-94,162,0.010417677249794
35,-94,164,0.0153002235926666
35,-94,166,0.0215116478616156
35,-94,168,0.028654966345227
35,-94,170,0.0362851553780393
35,-94,172,0.0439393813620043
35,-94,174,0.0511696107830706
35,-94,176,0.0575749415280261
35,-94,178,0.0628309577279297
35,-94,180,0.0667136285396259
35,-92,0,4.82413308903293
35,-92,2,4.83971187599112
35,-92,4,4.83876246588619
35,-92,6,4.82203631817141
35,-92,8,4.79046595619842
35,-92,10,4.74510857856757
35,-92,12,4.68708891135775
35,-92,14,4.61754559566181
35,-92,16,4.5375848608808
35,-92,18,4.44824436100802
35,-92,20,4.35046895997849
35,-92,22,4.24509906978341
35,-92,24,4.13287099704234
35,-92,26,4.01442775039034
35,-92,28,3.89033798699794
35,-92,30,3.76112028476658
35,-92,32,3.62726973681023
35,-92,34,3.48928396488806
35,-92,36,3.34768599997439
35,-92,38,3.20304202268346
35,-92,40,3.05597262321283
35,-92,42,2.90715695519815
35,-92,44,2.7573298493689
35,-92,46,2.60727256033761
35,-92,48,2.4577982975369
35,-92,50,2.30973401154561
35,-92,52,2.16390006083579
35,-92,54,2.02108937965594
35,-92,56,1.88204762783319
35,-92,58,1.74745556005045
35,-92,60,1.61791454292879
35,-92,62,1.49393581060134
35,-92,64,1.37593371728553
35,-92,66,1.26422294596513
35,-92,68,1.15901938484155
35,-92,70,1.06044419834002
35,-92,72,0.968530499950589
35,-92,74,0.883231976391521
35,-92,76,0.804432808213823
35,-92,78,0.731958269983065
35,-92,80,0.665585461527791
35,-92,82,0.605053708779866
35,-92,84,0.550074268205863
35,-92,86,0.500339064507151
35,-92,88,0.455528281170652
35,-92,90,0.415316703810263
35,-92,92,0.379378785236328
35,-92,94,0.347392458596213
35,-92,96,0.319041771664508
35,-92,98,0.294018453063706
35,-92,100,0.272022551806442
35,-92,102,0.252762316950256
35,-92,104,0.23595350586031
35,-92,106,0.221318328487685
35,-92,108,0.208584251301171
35,-92,110,0.197482897262731
35,-92,112,0.187749285769136
35,-92,114,0.179121656152385
35,-92,116,0.171342106744955
35,-92,118,0.16415825479839
35,-92,120,0.157326076763877
35,-92,122,0.150614020203965
35,-92,124,0.14380838580609
35,-92,126,0.136719860714065
35,-92,128,0.12919094595269
35,-92,130,0.121103868406495
35,-92,132,0.112388413563497
35,-92,134,0.103028975635889
35,-92,136,0.0930700171739427
35,-92,138,0.0826190834294506
35,-92,140,0.071846549285043
35,-92,142,0.0609814058935061
35,-92,144,0.05030262907004
35,-92,146,0.0401260083718344
35,-92,148,0.0307867360017128
35,-92,150,0.0226185236372011
35,-92,152,0.0159304844301359
35,-92,154,0.0109834287892041
35,-92,156,0.00796751599705159
35,-92,158,0.00698332567229039
35,-92,160,0.00802832564803744
35,-92,162,0.0109904013786792
35,-92,164,0.015649589910329
35,-92,166,0.0216884708850189
35,-92,168,0.0287108750675041
35,-92,170,0.0362677616609617
35,-92,172,0.0438883797483122
35,-92,174,0.051114251539452
35,-92,176,0.0575331639761436
35,-92,178,0.062810273473745
35,-92,180,0.0667136285396258
35,-90,0,4.82413308903293
35,-90,2,4.83976965362748
35,-90,4,4.8393456817541
35,-90,6,4.82360913827756
35,-90,8,4.79347362219093
35,-90,10,4.74996218675456
35,-90,12,4.69415108362138
35,-90,14,4.62711772797456
35,-90,16,4.54989658938489
35,-90,18,4.46344578916162
35,-90,20,4.36862604701767
35,-90,22,4.26619240090006
35,-90,24,4.15679795462196
35,-90,26,4.04100790190225
35,-90,28,3.91932131773702
35,-90,30,3.79219774954562
35,-90,32,3.66008549650457
35,-90,34,3.52344861829558
35,-90,36,3.3827901194424
35,-90,38,3.23866934837128
35,-90,40,3.09171235632525
35,-90,42,2.9426147030093
35,-90,44,2.79213690151238
35,-90,46,2.64109330462228
35,-90,48,2.49033570442239
35,-90,50,2.340733222025
35,-90,52,2.19315019833594
35,-90,54,2.04842377082123
35,-90,56,1.90734265998763
35,-90,58,1.77062842654713
35,-90,60,1.63892013423505
35,-90,62,1.51276300199282
35,-90,64,1.39260128663436
35,-90,66,1.27877533030813
35,-90,68,1.17152245487012
35,-90,70,1.07098119794748
35,-90,72,0.977198265399417
35,-90,74,0.890137518046556
35,-90,76,0.809690308308481
35,-90,78,0.735686523402479
35,-90,80,0.667905763669093
35,-90,82,0.606088175476632
35,-90,84,0.549944557531569
35,-90,86,0.499165458847432
35,-90,88,0.453429079961257
35,-90,90,0.412407872349006
35,-90,92,0.375773802501292
35,-90,94,0.343202306531675
35,-90,96,0.314375009451208
35,-90,98,0.288981322058332
35,-90,100,0.266719059802152
35,-90,102,0.247294253985847
35,-90,104,0.230420347944573
35,-90,106,0.21581699041843
35,-90,108,0.203208655514431
35,-90,110,0.192323332760236
35,-90,112,0.18289154016318
35,-90,114,0.174645915300588
35,-90,116,0.167321630827842
35,-90,118,0.160657857328157
35,-90,120,0.154400453848227
35,-90,122,0.148306000830345
35,-90,124,0.142147198668964
35,-90,126,0.135719537098183
35,-90,128,0.128848998540875
35,-90,130,0.121400399101935
35,-90,132,0.113285805698556
35,-90,134,0.104472313668628
35,-90,136,0.0949883473643869
35,-90,138,0.0849275807823942
35,-90,140,0.074449590170573
35,-90,142,0.0637764657979966
35,-90,144,0.0531848373049333
35,-90,146,0.0429931052615104
35,-90,148,0.0335441038981273
35,-90,150,0.0251839124901895
35,-90,152,0.0182380360220381
35,-90,154,0.0129866288193083
35,-90,156,0.00964077325108037
35,-90,158,0.0083219901058234
35,-90,160,0.00904710362721568
35,-90,162,0.0117202918702891
35,-90,164,0.0161336307995577
35,-90,166,0.0219767282221
35,-90,168,0.0288552090037033
35,-90,170,0.0363169442065831
35,-90,172,0.0438841113368926
35,-90,174,0.0510885249577589
35,-90,176,0.0575072648340026
35,-90,178,0.0627955047381976
35,-90,180,0.0667136285396259
35,-88,0,4.82413308903293
35,-88,2,4.83979726962178
35,-88,4,4.8398639265365
35,-88,6,4.82507404173944
35,-88,8,4.79631927428718
35,-88,10,4.75458617915594
35,-88,12,4.70090099079563
35,-88,14,4.63627926636357
35,-88,16,4.56168404631649
35,-88,18,4.47799521798684
35,-88,20,4.38599158471643
35,-88,22,4.28634588847161
35,-88,24,4.17963184383107
35,-88,26,4.06634123271331
35,-88,28,3.94690836820777
35,-88,30,3.82173881134696
35,-88,32,3.69123912758716
35,-88,34,3.55584467668186
35,-88,36,3.41604288938363
35,-88,38,3.27239012686762
35,-88,40,3.12552096423133
35,-88,42,2.97614950769349
35,-88,44,2.82506307341792
35,-88,46,2.67310916506448
35,-88,48,2.52117714574403
35,-88,50,2.37017628606038
35,-88,52,2.22101198052333
35,-88,54,2.07456187382721
35,-88,56,1.93165345342874
35,-88,58,1.79304438113687
35,-88,60,1.65940649329177
35,-88,62,1.53131403492487
35,-88,64,1.40923634185575
35,-88,66,1.29353487265913
35,-88,68,1.18446423803167
35,-88,70,1.08217668788894
35,-88,72,0.986729398296098
35,-88,74,0.898093846506221
35,-88,76,0.816166563852953
35,-88,78,0.74078060129699
35,-88,80,0.67171711842585
35,-88,82,0.608716601513347
35,-88,84,0.551489319213404
35,-88,86,0.499724727044243
35,-88,88,0.453099627805452
35,-88,90,0.411284980547337
35,-88,92,0.373951323807239
35,-88,94,0.340772839332931
35,-88,96,0.311430131447471
35,-88,98,0.285611836372854
35,-88,100,0.263015207383953
35,-88,102,0.243345847761895
35,-88,104,0.226316785983193
35,-88,106,0.211647107657793
35,-88,108,0.199060376867345
35,-88,110,0.18828309526907
35,-88,112,0.179043459108583
35,-88,114,0.171070679567124
35,-88,116,0.164095127117799
35,-88,118,0.157849541462112
35,-88,120,0.152071510422997
35,-88,122,0.146507359297235
35,-88,124,0.140917502995292
35,-88,126,0.135083195196895
35,-88,128,0.128814463293885
35,-88,130,0.121958851025975
35,-88,132,0.114410413713518
35,-88,134,0.106118240841584
35,-88,136,0.097093639654899
35,-88,138,0.0874150271461299
35,-88,140,0.0772295727533252
35,-88,142,0.0667507331805162
35,-88,144,0.0562510387652035
35,-88,146,0.0460498295465646
35,-88,148,0.0364960837702196
35,-88,150,0.027946998706098
35,-88,152,0.0207435227069294
35,-88,154,0.01518453470053
35,-88,156,0.0115017534305624
35,-88,158,0.0098376683569825
35,-88,160,0.0102287662906651
35,-88,162,0.0125960557069808
35,-88,164,0.0167443682963039
35,-88,166,0.02237118223806
35,-88,168,0.0290848326594765
35,-88,170,0.0364310443074856
35,-88,172,0.0439258446355807
35,-88,174,0.0510921960998594
35,-88,176,0.0574972132092523
35,-88,178,0.0627866645003027
35,-88,180,0.0667136285396262
35,-86,0,4.82413308903293
35,-86,2,4.83979383561637
35,-86,4,4.84031309175255
35,-86,6,4.82642135238158
35,-86,8,4.79898541488458
35,-86,10,4.75895319035714
35,-86,12,4.70729967050115
35,-86,14,4.6449783378865
35,-86,16,4.57288162930035
35,-86,18,4.49181304515322
35,-86,20,4.40247227219281
35,-86,22,4.30545339789174
35,-86,24,4.20125508465664
35,-86,26,4.09030056110536
35,-86,28,3.97296456327222
35,-86,30,3.84960396806297
35,-86,32,3.72058881145814
35,-86,34,3.58633064552319
35,-86,36,3.44730570348318
35,-86,38,3.3040710345648
35,-86,40,3.15727255528493
35,-86,42,3.00764475800917
35,-86,44,2.85600254706374
35,-86,46,2.70322627916423
35,-86,48,2.55024152934348
35,-86,50,2.3979953672831
35,-86,52,2.24743101279922
35,-86,54,2.09946266064831
35,-86,56,1.954952053738
35,-86,58,1.8146880778483
35,-86,60,1.67937029044478
35,-86,62,1.54959691979019
35,-86,64,1.42585751185015
35,-86,66,1.30853008741798
35,-86,68,1.19788241776596
35,-86,70,1.09407684261111
35,-86,72,0.997177940164255
35,-86,74,0.907162310201448
35,-86,76,0.823929737793995
35,-86,78,0.747315055419784
35,-86,80,0.677100101751078
35,-86,82,0.613025274169443
35,-86,84,0.554800278275512
35,-86,86,0.502113782775755
35,-86,88,0.454641785958928
35,-86,90,0.412054586662548
35,-86,92,0.37402232637955
35,-86,94,0.340219129852384
35,-86,96,0.310325920273857
35,-86,98,0.284032023985959
35,-86,100,0.261035710645446
35,-86,102,0.241043840523694
35,-86,104,0.223770812937068
35,-86,106,0.20893703020018
35,-86,108,0.196267110609443
35,-86,110,0.1854881014933
35,-86,112,0.176327957925917
35,-86,114,0.16851456176922
35,-86,116,0.161775555642597
35,-86,118,0.155839252610319
35,-86,120,0.150436849574856
35,-86,122,0.145306115247443
35,-86,124,0.140196637582589
35,-86,126,0.134876598045436
35,-86,128,0.129140891578059
35,-86,130,0.122820236774464
35,-86,132,0.115790731431524
35,-86,134,0.107983121509823
35,-86,136,0.099390889796277
35,-86,138,0.0900761617887489
35,-86,140,0.0801723995055492
35,-86,142,0.0698829351615497
35,-86,144,0.0594746040242118
35,-86,146,0.0492660740877136
35,-86,148,0.0396109267418244
35,-86,150,0.030876084775593
35,-86,152,0.0234167600645148
35,-86,154,0.017549636301924
35,-86,156,0.0135264377671568
35,-86,158,0.0115102915787813
35,-86,160,0.0115573102668262
35,-86,162,0.0136055704556512
35,-86,164,0.0174731411468604
35,-86,166,0.0228660568912623
35,-86,168,0.0293962069188449
35,-86,170,0.0366081183069757
35,-86,172,0.0440126623722378
35,-86,174,0.0511249224630186
35,-86,176,0.0575029275635881
35,-86,178,0.0627837508294142
35,-86,180,0.0667136285396267
35,-84,0,4.82413308903293
35,-84,2,4.83975851298044
35,-84,4,4.84068922400577
35,-84,6,4.82764174524903
35,-84,8,4.80145521203426
35,-84,10,4.76303697192505
35,-84,12,4.71330987472721
35,-84,14,4.65316552715569
35,-84,16,4.58342707304159
35,-84,18,4.50482400279564
35,-84,20,4.41798023072888
35,-84,22,4.32341535782019
35,-84,24,4.22155780813273
35,-84,26,4.11276751396683
35,-84,28,3.99736511669227
35,-84,30,3.87566429307104
35,-84,32,3.74800381376196
35,-84,34,3.61477625651921
35,-84,36,3.47645086699305
35,-84,38,3.33358880221673
35,-84,40,3.18684981587419
35,-84,42,3.0369902635566
35,-84,44,2.88485304535825
35,-84,46,2.731350704881
35,-84,48,2.57744333142836
35,-84,50,2.42411315079662
35,-84,52,2.27233774438459
35,-84,54,2.12306372753782
35,-84,56,1.97718247915017
35,-84,58,1.83550918533945
35,-84,60,1.69876608204501
35,-84,62,1.56757039364763
35,-84,64,1.44242710028
35,-84,66,1.32372635045674
35,-84,68,1.21174508417594
35,-84,70,1.1066522521889
35,-84,72,1.00851690951535
35,-84,74,0.917318419292196
35,-84,76,0.83295801634504
35,-84,78,0.755271035877111
35,-84,80,0.684039198214125
35,-84,82,0.619002443219305
35,-84,84,0.55986991708204
35,-84,86,0.506329821199899
35,-84,88,0.458057931753758
35,-84,90,0.414724685599558
35,-84,92,0.376000801617273
35,-84,94,0.34156146669896
35,-84,96,0.311089163396275
35,-84,98,0.284275253958132
35,-84,100,0.260820465535823
35,-84,102,0.240434446205444
35,-84,104,0.222834583355777
35,-84,106,0.207744296556545
35,-84,108,0.194891037115709
35,-84,110,0.184004246036535
35,-84,112,0.174813539743228
35,-84,114,0.167047406264417
35,-84,116,0.160432699784091
35,-84,118,0.154695213659961
35,-84,120,0.14956158536844
35,-84,122,0.144762735250682
35,-84,124,0.140038958858566
35,-84,126,0.135146676357448
35,-84,128,0.129866691295241
35,-84,130,0.124013629351319
35,-84,132,0.117446025853226
35,-84,134,0.11007632627821
35,-84,136,0.101879880811838
35,-84,138,0.0929018817574034
35,-84,140,0.0832611428310329
35,-84,142,0.0731496814961666
35,-84,144,0.062827261022154
35,-84,146,0.0526103858598131
35,-84,148,0.0428557117170984
35,-84,150,0.0339383985850577
35,-84,152,0.0262265480201791
35,-84,154,0.020053455205224
35,-84,156,0.0156898921766598
35,-84,158,0.0133189427692721
35,-84,160,0.0130159672548298
35,-84,162,0.014736045361543
35,-84,164,0.0183107245944501
35,-84,166,0.023455119712057
35,-84,168,0.0297854399936952
35,-84,170,0.0368459656894405
35,-84,172,0.0441434746864853
35,-84,174,0.0511862588714918
35,-84,176,0.0575242769268335
35,-84,178,0.0627867470055807
35,-84,180,0.0667136285396274
35,-82,0,4.82413308903293
35,-82,2,4.8396905180322
35,-82,4,4.8409885470199
35,-82,6,4.82872629698172
35,-82,8,4.80371258843683
35,-82,10,4.76681252777592
35,-82,12,4.7188962555289
35,-82,14,4.66079411146604
35,-82,16,4.59326172743589
35,-82,18,4.51695746643101
35,-82,20,4.43243332603143
35,-82,22,4.34013907412913
35,-82,24,4.24043813782265
35,-82,26,4.13363275137015
35,-82,28,4.01999517659082
35,-82,30,3.89980148421
35,-82,32,3.77336442682101
35,-82,34,3.64106230281748
35,-82,36,3.5033613349679
35,-82,38,3.36082987804766
35,-82,40,3.21414363183954
35,-82,42,3.06408187861606
35,-82,44,2.91151551151542
35,-82,46,2.75738821535464
35,-82,48,2.60269257035339
35,-82,50,2.44844306058649
35,-82,52,2.29564799167443
35,-82,54,2.14528218143487
35,-82,56,1.99826201928981
35,-82,58,1.85542413725724
35,-82,60,1.71750854015653
35,-82,62,1.58514664446574
35,-82,64,1.45885430663887
35,-82,66,1.339029606619
35,-82,68,1.22595490558279
35,-82,70,1.11980252468297
35,-82,72,1.0206432922626
35,-82,74,0.928457173452142
35,-82,76,0.843145217133749
35,-82,78,0.764542117894032
35,-82,80,0.692428781383991
35,-82,82,0.626544388001538
35,-82,84,0.566597561372404
35,-82,86,0.512276356405464
35,-82,88,0.463256880878681
35,-82,90,0.419210451065581
35,-82,92,0.379809254395627
35,-82,94,0.344730550776684
35,-82,96,0.313659490443921
35,-82,98,0.286290662279409
35,-82,100,0.262328515103351
35,-82,102,0.241486818138318
35,-82,104,0.223487348083127
35,-82,106,0.208058010849631
35,-82,108,0.194930627076753
35,-82,110,0.183838632105558
35,-82,112,0.174514962049914
35,-82,114,0.166690415457603
35,-82,116,0.160092790931898
35,-82,118,0.154447099709354
35,-82,120,0.14947713219477
35,-82,122,0.144908611915101
35,-82,124,0.140474092707512
35,-82,126,0.135919640291387
35,-82,128,0.131013186037237
35,-82,130,0.125554252087123
35,-82,132,0.119384532938035
35,-82,134,0.112398596707422
35,-82,136,0.104553764683669
35,-82,138,0.0958780716953968
35,-82,140,0.0864751366199832
35,-82,142,0.0765248146137539
35,-82,144,0.0662786854099839
35,-82,146,0.056049766465512
35,-82,148,0.0461963176749965
35,-82,150,0.0371001948852481
35,-82,152,0.0291408586257098
35,-82,154,0.0226667791832323
35,-82,156,0.0179665148014809
35,-82,158,0.0152420914863102
35,-82,160,0.0145874084764299
35,-82,162,0.0159741862830416
35,-82,164,0.0192474536248123
35,-82,166,0.0241317665982677
35,-82,168,0.0302483404690454
35,-82,170,0.0371421586002037
35,-82,172,0.0443170332089659
35,-82,174,0.0512756628547575
35,-82,176,0.0575610823259199
35,-82,178,0.0627956216956014
35,-82,180,0.0667136285396282
35,-80,0,4.82413308903293
35,-80,2,4.83958912707836
35,-80,4,4.84120748275216
35,-80,6,4.82966653364307
35,-80,8,4.80574230519064
35,-80,10,4.77025624044431
35,-80,12,4.72402553665473
35,-80,14,4.66782027586824
35,-80,16,4.60233080879636
35,-80,18,4.52814772957456
35,-80,20,4.44575544857603
35,-80,22,4.35553899472795
35,-80,24,4.25780241631809
35,-80,26,4.15279613300628
35,-80,28,4.04074991417627
35,-80,30,3.92190786440029
35,-80,32,3.7965618819886
35,-80,34,3.66508047566284
35,-80,36,3.52793050022928
35,-80,38,3.38569020925447
35,-80,40,3.23905292058553
35,-80,42,3.08882145530288
35,-80,44,2.93589426451093
35,-80,46,2.78124474533005
35,-80,48,2.62589563604671
35,-80,50,2.47089056297019
35,-80,52,2.31726480132907
35,-80,54,2.16601713880363
35,-80,56,2.01808443279767
35,-80,58,1.87432007582433
35,-80,60,1.73547717150061
35,-80,62,1.60219681607696
35,-80,64,1.47500150907977
35,-80,66,1.35429340428788
35,-80,68,1.24035687218758
35,-80,70,1.13336468175152
35,-80,72,1.03338701999208
35,-80,74,0.940402543866111
35,-80,76,0.854310688837969
35,-80,78,0.774944528177689
35,-80,80,0.702083573255509
35,-80,82,0.635466015235685
35,-80,84,0.574800022185276
35,-80,86,0.519773814613494
35,-80,88,0.470064341261165
35,-80,90,0.425344462339382
35,-80,92,0.385288618185112
35,-80,94,0.349577017908976
35,-80,96,0.317898426706317
35,-80,98,0.289951664508949
35,-80,100,0.2654459553758
35,-80,102,0.244100289296131
35,-80,104,0.225641978483804
35,-80,106,0.209804610814534
35,-80,108,0.196325625056447
35,-80,110,0.184943756202191
35,-80,112,0.175396623515377
35,-80,114,0.167418756397066
35,-80,116,0.160740369827557
35,-80,118,0.155087206347624
35,-80,120,0.150181748378211
35,-80,122,0.1457460654187
35,-80,124,0.141506487751101
35,-80,126,0.137200185683718
35,-80,128,0.132583578338282
35,-80,130,0.127442300960652
35,-80,132,0.121602234144735
35,-80,134,0.114940859836414
35,-80,136,0.107397983526179
35,-80,138,0.0989846826473098
35,-80,140,0.0897892447245557
35,-80,142,0.0799788810515268
35,-80,144,0.0697961710648028
35,-80,146,0.059549523485975
35,-80,148,0.0495974269212988
35,-80,150,0.040326874993146
35,-80,152,0.0321270344592687
35,-80,154,0.0253599030875768
35,-80,156,0.0203302878287976
35,-80,158,0.0172578318281925
35,-80,160,0.0162539518915003
35,-80,162,0.0173063630491881
35,-80,164,0.0202733483016916
35,-80,166,0.0248891083389317
35,-80,168,0.0307804717031097
35,-80,170,0.0374940723637597
35,-80,172,0.0445319458202988
35,-80,174,0.0513925004351874
35,-80,176,0.0576131184100322
35,-80,178,0.0628103291829494
35,-80,180,0.0667136285396291
35,-78,0,4.82413308903293
35,-78,2,4.83945368124431
35,-78,4,4.841342671476
35,-78,6,4.83045447576906
35,-78,8,4.80753003991891
35,-78,10,4.77334598777966
35,-78,12,4.72866667064583
35,-78,14,4.6742033079486
35,-78,16,4.610583624473
35,-78,18,4.53833424520608
35,-78,20,4.45787675443711
35,-78,22,4.36953692923485
35,-78,24,4.27356538243166
35,-78,26,4.17016683370354
35,-78,28,4.05953456391277
35,-78,30,3.94188634187376
35,-78,32,3.81749823780797
35,-78,34,3.68673320364039
35,-78,36,3.55006202406449
35,-78,38,3.40807512252174
35,-78,40,3.26148463720959
35,-78,42,3.11111706662953
35,-78,44,2.95789754273155
35,-78,46,2.80282736712899
35,-78,48,2.64695681310604
35,-78,50,2.49135534928055
35,-78,52,2.33708139726257
35,-78,54,2.18515352887451
35,-78,56,2.03652468169025
35,-78,58,1.89206057175563
35,-78,60,1.75252305472719
35,-78,62,1.61855877094087
35,-78,64,1.49069303728413
35,-78,66,1.36932864063049
35,-78,68,1.25474895565506
35,-78,70,1.14712465690143
35,-78,72,1.04652321663717
35,-78,74,0.952920366726625
35,-78,76,0.866212741702858
35,-78,78,0.78623099737428
35,-78,80,0.712752800846272
35,-78,82,0.645515201365202
35,-78,84,0.584226006628544
35,-78,86,0.528573898369068
35,-78,88,0.478237118866202
35,-78,90,0.432890643663533
35,-78,92,0.392211824286985
35,-78,94,0.355884538867132
35,-78,96,0.323601930134353
35,-78,98,0.295067841882551
35,-78,100,0.269997089655976
35,-78,102,0.248114722107228
35,-78,104,0.229154448944522
35,-78,106,0.212856431847276
35,-78,108,0.198964657610244
35,-78,110,0.187224138464539
35,-78,112,0.177378212105299
35,-78,114,0.169166240977321
35,-78,116,0.162322032665989
35,-78,118,0.156573314897006
35,-78,120,0.151642592202383
35,-78,122,0.147249678293754
35,-78,124,0.14311613009938
35,-78,126,0.138971699185869
35,-78,128,0.134562760093596
35,-78,130,0.129662474523217
35,-78,132,0.124082214222798
35,-78,134,0.117683511506681
35,-78,136,0.110389561336611
35,-78,138,0.102195097376584
35,-78,140,0.0931733455986598
35,-78,142,0.0834787616212171
35,-78,144,0.0733444137173762
35,-78,146,0.0630731997863667
35,-78,148,0.0530225801010253
35,-78,150,0.0435831394617984
35,-78,152,0.0351520070749899
35,-78,154,0.0281028813296131
35,-78,156,0.0227550356739983
35,-78,158,0.01934412376375
35,-78,160,0.0179977711699423
35,-78,162,0.0187187778280229
35,-78,164,0.0213782398224972
35,-78,166,0.0257200577727767
35,-78,168,0.03137720683512
35,-78,170,0.0378989165643548
35,-78,172,0.0447866918786938
35,-78,174,0.0515360522461386
35,-78,176,0.0576801152523373
35,-78,178,0.0628308096494908
35,-78,180,0.0667136285396302
35,-76,0,4.82413308903293
35,-76,2,4.83928359106968
35,-76,4,4.84139099073318
35,-76,6,4.83108268042573
35,-76,8,4.80906245894451
35,-76,10,4.77606124966493
35,-76,12,4.73279098104673
35,-76,14,4.67990577220944
35,-76,16,4.61797377131116
35,-76,18,4.54746183544927
35,-76,20,4.46873386925694
35,-76,22,4.38206222772943
35,-76,24,4.28765030498377
35,-76,26,4.18566341532471
35,-76,28,4.07626442302257
35,-76,30,3.95965033699978
35,-76,32,3.83608624773517
35,-76,34,3.70593349177528
35,-76,36,3.56966969618235
35,-76,38,3.42789927413832
35,-76,40,3.28135390327724
35,-76,42,3.13088341948407
35,-76,44,2.97743832017758
35,-76,46,2.82204563780561
35,-76,48,2.66578028971801
35,-76,50,2.50973413436569
35,-76,52,2.3549848874663
35,-76,54,2.20256681280427
35,-76,56,2.05344474728122
35,-76,58,1.90849259800967
35,-76,60,1.76847700721376
35,-76,62,1.63404645820708
35,-76,64,1.50572572316053
35,-76,66,1.38391525079139
35,-76,68,1.26889486944673
35,-76,70,1.16083103940869
35,-76,72,1.05978682169598
35,-76,74,0.965733728360077
35,-76,76,0.878564667668641
35,-76,78,0.798107282098905
35,-76,80,0.724137083770668
35,-76,82,0.656389908520156
35,-76,84,0.59457332624261
35,-76,86,0.538376753983278
35,-76,88,0.487480114665624
35,-76,90,0.441560965774183
35,-76,92,0.400300088186279
35,-76,94,0.363385576642658
35,-76,96,0.330515512142593
35,-76,98,0.301399325628184
35,-76,100,0.275757984810189
35,-76,102,0.253323155031397
35,-76,104,0.23383550355093
35,-76,106,0.217042336928192
35,-76,108,0.202694784865327
35,-76,110,0.190544771447437
35,-76,112,0.180342045368315
35,-76,114,0.171831571991979
35,-76,116,0.164751617686681
35,-76,118,0.158832874578149
35,-76,120,0.153798973765382
35,-76,122,0.14936870798569
35,-76,124,0.145260221362821
35,-76,126,0.1411973161826
35,-76,128,0.136917869840585
35,-76,130,0.13218414991832
35,-76,132,0.126794570142618
35,-76,134,0.120596162387301
35,-76,136,0.113496777235661
35,-76,138,0.105475803836924
35,-76,140,0.0965920601414489
35,-76,142,0.0869874885233973
35,-76,144,0.0768854340166987
35,-76,146,0.0665826032611088
35,-76,148,0.0564343006551029
35,-76,150,0.0468331864447587
35,-76,152,0.0381825437038984
35,-76,154,0.030865796429449
35,-76,156,0.0252146912373649
35,-76,158,0.0214790377063146
35,-76,160,0.0198011053284363
35,-76,162,0.0201976330613354
35,-76,164,0.0225518959146562
35,-76,166,0.0266174164865624
35,-76,168,0.0320337836546086
35,-76,170,0.0383537662534285
35,-76,172,0.0450796377050232
35,-76,174,0.0517055199008486
35,-76,176,0.0577617603081525
35,-76,178,0.0628569895067171
35,-76,180,0.0667136285396313
35,-74,0,4.82413308903292
35,-74,2,4.83907834084563
35,-74,4,4.84134957306326
35,-74,6,4.83154428008474
35,-74,8,4.81032728322298
35,-74,10,4.77838320441698
35,-74,12,4.73637228945548
35,-74,14,4.68489366405343
35,-74,16,4.62445930852387
35,-74,18,4.55548087097286
35,-74,20,4.47827005816723
35,-74,22,4.39305192299035
35,-74,24,4.29998907924204
35,-74,26,4.19921386243107
35,-74,28,4.09086481814286
35,-74,30,3.97512368230674
35,-74,32,3.85224921022196
35,-74,34,3.72260475585864
35,-74,36,3.58667730714913
35,-74,38,3.4450866350062
35,-74,40,3.29858419887004
35,-74,42,3.14804236601927
35,-74,44,2.99443526367188
35,-74,46,2.83881313790557
35,-74,48,2.68227241710251
35,-74,50,2.52592377291721
35,-74,52,2.37086036410508
35,-74,54,2.2181281791438
35,-74,56,2.06870001218477
35,-74,58,1.9234541650035
35,-74,60,1.78315851294151
35,-74,62,1.6484601451274
35,-74,64,1.51988041810296
35,-74,66,1.39781496597953
35,-74,68,1.28253799765246
35,-74,70,1.17421008177371
35,-74,72,1.07288856567911
35,-74,74,0.978539783277365
35,-74,76,0.891052264615766
35,-74,78,0.81025025147678
35,-74,80,0.735906934864003
35,-74,82,0.667756949434067
35,-74,84,0.60550777711454
35,-74,86,0.548849820272615
35,-74,88,0.497464999402498
35,-74,90,0.451033809222909
35,-74,92,0.409240830077628
35,-74,94,0.371778739851054
35,-74,96,0.338350907539541
35,-74,98,0.308672676108437
35,-74,100,0.282471462575785
35,-74,102,0.259485820666467
35,-74,104,0.239463628882204
35,-74,106,0.222159586917973
35,-74,108,0.207332227719478
35,-74,110,0.1947406817369
35,-74,112,0.184141463318828
35,-74,114,0.175285584247817
35,-74,116,0.167916331747329
35,-74,118,0.161768071445597
35,-74,120,0.156566441424573
35,-74,122,0.152030281900114
35,-74,124,0.147875586204244
35,-74,126,0.143821653699162
35,-74,128,0.139599468414537
35,-74,130,0.134962118523823
35,-74,132,0.129696819112013
35,-74,134,0.123637821534115
35,-74,136,0.116679214790265
35,-74,138,0.108786384724484
35,-74,140,0.100004738512371
35,-74,142,0.0904642685949108
35,-74,144,0.0803786593321743
35,-74,146,0.070037954216072
35,-74,148,0.0597943025689198
35,-74,150,0.0500409658120631
35,-74,152,0.0411855286358751
35,-74,154,0.0336190469947638
35,-74,156,0.027683571286979
35,-74,158,0.0236410018713554
35,-74,160,0.0216464677692335
35,-74,162,0.0217292974527202
35,-74,164,0.0237841441753132
35,-74,166,0.0275739599611018
35,-74,168,0.0327453585934666
35,-74,170,0.0388555928544198
35,-74,172,0.0454090521170267
35,-74,174,0.0519000325331049
35,-74,176,0.0578577005091344
35,-74,178,0.0628887817740233
35,-74,180,0.0667136285396324
35,-72,0,4.82413308903293
35,-72,2,4.83883749267141
35,-72,4,4.84121582242706
35,-72,6,4.83183301814942
35,-72,8,4.81131334778573
35,-72,10,4.78029481458969
35,-72,12,4.73938702721873
35,-72,14,4.68913654346029
35,-72,16,4.6300029056366
35,-72,18,4.56234742169759
35,-72,20,4.48643536454471
35,-72,22,4.40245084068993
35,-72,24,4.31052229215654
35,-72,26,4.21075558922609
35,-72,28,4.10327104714144
35,-72,30,3.98824050254644
35,-72,32,3.86592080425098
35,-72,34,3.73668064765769
35,-72,36,3.60101851670105
35,-72,38,3.45957047571756
35,-72,40,3.31310755788201
35,-72,42,3.16252342043338
35,-72,44,3.00881369674256
35,-72,46,2.85304901769571
35,-72,48,2.69634397729666
35,-72,50,2.53982438578017
35,-72,52,2.38459501680541
35,-72,54,2.23170975810374
35,-72,56,2.08214566990714
35,-72,58,1.93678199607163
35,-72,60,1.79638470764124
35,-72,62,1.66159672740287
35,-72,64,1.53293361547642
35,-72,66,1.4107842073845
35,-72,68,1.29541549393466
35,-72,70,1.18698091433548
35,-72,72,1.08553119135816
35,-72,74,0.991026856913713
35,-72,76,0.903351682983932
35,-72,78,0.822326331082176
35,-72,80,0.74772164920349
35,-72,82,0.679271166559745
35,-72,84,0.616682453905345
35,-72,86,0.559647124301938
35,-72,88,0.507849341697811
35,-72,90,0.46097278093261
35,-72,92,0.418706042802495
35,-72,94,0.380746573132686
35,-72,96,0.34680316789272
35,-72,98,0.316597170353138
35,-72,100,0.289862484496364
35,-72,102,0.266344544725485
35,-72,104,0.245798398459341
35,-72,106,0.227986078034995
35,-72,108,0.21267346324206
35,-72,110,0.199626866480472
35,-72,112,0.188609608242001
35,-72,114,0.179378888900411
35,-72,116,0.171683299171485
35,-72,118,0.165261339436788
35,-72,120,0.159841328753856
35,-72,122,0.155143067631911
35,-72,124,0.150881563880405
35,-72,126,0.146773028478737
35,-72,128,0.142543192112821
35,-72,130,0.137937782062492
35,-72,132,0.132734740847833
35,-72,134,0.126757479748333
35,-72,136,0.119888170002029
35,-72,138,0.112079819924374
35,-72,140,0.103365711744637
35,-72,142,0.0938647232950933
35,-72,144,0.0837811764621533
35,-72,146,0.0733981618873983
35,-72,148,0.0630637908978715
35,-72,150,0.0531704958846852
35,-72,152,0.0441282834960518
35,-72,154,0.0363336570386656
35,-72,156,0.0301366611330881
35,-72,158,0.0258090514608536
35,-72,160,0.0235168532125545
35,-72,162,0.0233004683970216
35,-72,164,0.0250649919335793
35,-72,166,0.028582520080397
35,-72,168,0.0335070591167876
35,-72,170,0.0394012943468665
35,-72,172,0.0457731218101812
35,-72,174,0.0521186534324214
35,-72,176,0.0579675444730817
35,-72,178,0.0629260865014056
35,-72,180,0.0667136285396336
35,-70,0,4.82413308903293
35,-70,2,4.83856069020977
35,-70,4,4.84098742924961
35,-70,6,4.8319432809863
35,-70,8,4.81201065448667
35,-70,10,4.78178090195911
35,-70,12,4.74181433164381
35,-70,14,4.69260764850573
35,-70,16,4.63457196620243
35,-70,18,4.56802338039822
35,-70,20,4.49318672045166
35,-70,22,4.41021168197311
35,-70,24,4.31919926252806
35,-70,26,4.220235425415
35,-70,28,4.1134283044841
35,-70,30,3.9989450824806
35,-70,32,3.87704491491182
35,-70,34,3.74810486908105
35,-70,36,3.61263670492835
35,-70,38,3.47129332192809
35,-70,40,3.32486471328817
35,-70,42,3.17426419675583
35,-70,44,3.02050644646913
35,-70,46,2.86467937933998
35,-70,48,2.70791223154481
35,-70,50,2.55134220439488
35,-70,52,2.39608189612913
35,-70,54,2.24318941461996
35,-70,56,2.09364264068618
35,-70,58,1.9483186378159
35,-70,60,1.80797873095852
35,-70,62,1.673259344232
35,-70,64,1.54466832275542
35,-70,66,1.42258618322974
35,-70,68,1.30727154637283
35,-70,70,1.19886989804308
35,-70,72,1.09742479463111
35,-70,74,1.00289065791726
35,-70,76,0.915146379276954
35,-70,78,0.83400905722818
35,-70,80,0.759247311725527
35,-70,82,0.690593741531231
35,-70,84,0.627756208403488
35,-70,86,0.570427737501157
35,-70,88,0.51829491367159
35,-70,90,0.471044726756323
35,-70,92,0.428369876106293
35,-70,94,0.389972586880335
35,-70,96,0.355567021072025
35,-70,98,0.324880387793023
35,-70,100,0.297652873600128
35,-70,102,0.273636528022881
35,-70,104,0.252593255085258
35,-70,106,0.234292081151127
35,-70,108,0.218505894698106
35,-70,110,0.205007885380731
35,-70,112,0.193567947289742
35,-70,114,0.183949352178545
35,-70,116,0.175906038065793
35,-70,118,0.169180890262611
35,-70,120,0.163505406624788
35,-70,122,0.158601126191804
35,-70,124,0.154183149251277
35,-70,126,0.149965977172542
35,-70,128,0.145671745149656
35,-70,130,0.141040708995279
35,-70,132,0.135843585201986
35,-70,134,0.12989504866033
35,-70,136,0.123067392745979
35,-70,138,0.115303090182991
35,-70,140,0.106624805497741
35,-70,142,0.0971413480850346
35,-70,144,0.0870481603781969
35,-70,146,0.0766212356841436
35,-70,148,0.0662038598381252
35,-70,150,0.0561862460845298
35,-70,152,0.0469789280750869
35,-70,154,0.0389816068300544
35,-70,156,0.0325499076887783
35,-70,158,0.0279630781094389
35,-70,160,0.0253959407114867
35,-70,162,0.0248983291191212
35,-70,164,0.0263847411894481
35,-70,166,0.0296360639333254
35,-70,168,0.0343140338106371
35,-70,170,0.0399877243285886
35,-70,172,0.0461699663915511
35,-70,174,0.0523603866993529
35,-70,176,0.0580908648092271
35,-70,178,0.0629687912338166
35,-70,180,0.0667136285396347
35,-68,0,4.82413308903293
35,-68,2,4.83824766212217
35,-68,4,4.84066238401719
35,-68,6,4.83187012634017
35,-68,8,4.81241041788559
35,-68,10,4.78282821152407
35,-68,12,4.74363612665677
35,-68,14,4.69528398891109
35,-68,16,4.63813872798116
35,-68,18,4.57247656072235
35,-68,20,4.49848803147887
35,-68,22,4.41629508267854
35,-68,24,4.32597806212127
35,-68,26,4.22760958868598
35,-68,28,4.12129159904851
35,-68,30,4.00719173134102
35,-68,32,3.88557545609122
35,-68,34,3.75683097761172
35,-68,36,3.62148479995996
35,-68,38,3.48020685998044
35,-68,40,3.33380515265635
35,-68,42,3.18321070133564
35,-68,44,3.02945447285339
35,-68,46,2.87363835248459
35,-68,48,2.71690255661976
35,-68,50,2.56039188278294
35,-68,52,2.40522301156464
35,-68,54,2.25245473323025
35,-68,56,2.10306253023081
35,-68,58,1.95791846201718
35,-68,60,1.817776820271
35,-68,62,1.68326559023875
35,-68,64,1.55488339426659
35,-68,66,1.4330013214977
35,-68,68,1.3178688666117
35,-68,70,1.2096231052613
35,-68,72,1.10830021310088
35,-68,74,1.01384847399709
35,-68,76,0.926142004827997
35,-68,78,0.844994533362184
35,-68,80,0.77017268798383
35,-68,82,0.701408381950112
35,-68,84,0.638409991753624
35,-68,86,0.580872133177746
35,-68,88,0.528483926524375
35,-68,90,0.480935713196333
35,-68,92,0.437924239998827
35,-68,94,0.399156367132107
35,-68,96,0.364351383692877
35,-68,98,0.333242033904677
35,-68,100,0.305574371783092
35,-68,102,0.28110657498516
35,-68,104,0.259606863380708
35,-68,106,0.240850687076799
35,-68,108,0.224617374092331
35,-68,110,0.210686460385929
35,-68,112,0.198833963811083
35,-68,114,0.188828906334171
35,-68,116,0.180430430924154
35,-68,118,0.17338589405617
35,-68,120,0.167430332736771
35,-68,122,0.162287695644615
35,-68,124,0.157674180004909
35,-68,126,0.153303918727698
35,-68,128,0.148897108774457
35,-68,130,0.144190459929625
35,-68,132,0.138949579579394
35,-68,134,0.132982610431636
35,-68,136,0.126154132266606
35,-68,138,0.118398064170193
35,-68,140,0.109728106145981
35,-68,142,0.100244186558228
35,-68,144,0.0901334772973627
35,-68,146,0.0796648307616494
35,-68,148,0.0691759881918386
35,-68,150,0.0590535849841198
35,-68,152,0.0497067805925765
35,-68,154,0.0415361835740635
35,-68,156,0.034900518816203
35,-68,158,0.0300840773444867
35,-68,160,0.0272682905998199
35,-68,162,0.0265106986597322
35,-68,164,0.0277340971618644
35,-68,166,0.0307277678595781
35,-68,168,0.0351614994949066
35,-68,170,0.0406117195769972
35,-68,172,0.0465976528845342
35,-68,174,0.0526241838505451
35,-68,176,0.058227200499438
35,-68,178,0.0630167715143098
35,-68,180,0.0667136285396358
35,-66,0,4.82413308903293
35,-66,2,4.83789822516691
35,-66,4,4.84023898937247
35,-66,6,4.83160930803424
35,-66,8,4.81250510414185
35,-66,10,4.78342546440754
35,-66,12,4.74483718788267
35,-66,14,4.6971464198292
35,-66,16,4.64068034023058
35,-66,18,4.57568077101004
35,-66,20,4.50231023846872
35,-66,22,4.42066965314848
35,-66,24,4.33082552345087
35,-66,26,4.23284365145737
35,-66,28,4.12682567375878
35,-66,30,4.01294465440121
35,-66,32,3.89147620047472
35,-66,34,3.7628221908825
35,-66,36,3.62752508473549
35,-66,38,3.48627178617797
35,-66,40,3.33988706329302
35,-66,42,3.18931743974455
35,-66,44,3.03560721437476
35,-66,46,2.87986876398177
35,-66,48,2.72324952973531
35,-66,50,2.56689809054173
35,-66,52,2.41193152347366
35,-66,54,2.25940589391736
35,-66,56,2.11029126480658
35,-66,58,1.96545212247495
35,-66,60,1.82563363630826
35,-66,62,1.691453739448
35,-66,64,1.56340066440738
35,-66,66,1.44183530407936
35,-66,68,1.32699759760027
35,-66,70,1.21901605551515
35,-66,72,1.11791952731364
35,-66,74,1.02365036096876
35,-66,76,0.936078191888319
35,-66,78,0.855013711711116
35,-66,80,0.780221891673776
35,-66,82,0.711434259557245
35,-66,84,0.648359945164776
35,-66,86,0.590695311424769
35,-66,88,0.538132073657771
35,-66,90,0.490363877540758
35,-66,92,0.447091357755341
35,-66,94,0.408025736343849
35,-66,96,0.37289104534726
35,-66,98,0.34142507575053
35,-66,100,0.31337916767433
35,-66,102,0.288516968616002
35,-66,104,0.266612300547059
35,-66,106,0.247446295480308
35,-66,108,0.230803984595557
35,-66,110,0.216470558930195
35,-66,112,0.20422755932784
35,-66,114,0.19384929732096
35,-66,116,0.185099852313618
35,-66,118,0.177731026951766
35,-66,120,0.171481662841351
35,-66,122,0.166078711998783
35,-66,124,0.161240414072422
35,-66,126,0.156681834804266
35,-66,128,0.152122869770951
35,-66,130,0.147298607070228
35,-66,132,0.141971679358791
35,-66,134,0.135945935816257
35,-66,136,0.129080455825491
35,-66,138,0.121302646666277
35,-66,140,0.112618963310668
35,-66,142,0.103121707954661
35,-66,144,0.0929904537820573
35,-66,146,0.0824869215952564
35,-66,148,0.0719426270911034
35,-66,150,0.0617392893171602
35,-66,152,0.0522827933801735
35,-66,154,0.0439723482322917
35,-66,156,0.0371672655994205
35,-66,158,0.0321543910955464
35,-66,160,0.0291195328732274
35,-66,162,0.0281261727182686
35,-66,164,0.029104268966186
35,-66,166,0.0318510857242968
35,-66,168,0.0360447847278474
35,-66,170,0.0412701257581704
35,-66,172,0.0470542095366975
35,-66,174,0.0529089503080968
35,-66,176,0.0583760593365279
35,-66,178,0.0630698914230205
35,-66,180,0.0667136285396367
35,-64,0,4.82413308903293
35,-64,2,4.8375122869449
35,-64,4,4.83971587066111
35,-64,6,4.83115729687952
35,-64,8,4.81228846283053
35,-64,10,4.78356339959259
35,-64,12,4.74540519216416
35,-64,14,4.69817969607052
35,-64,16,4.64217891867414
35,-64,18,4.57761586509252
35,-64,20,4.50463135824735
35,-64,22,4.423312002107
35,-64,24,4.33371723948541
35,-64,26,4.23591250925152
35,-64,28,4.13000493669985
35,-64,30,4.01617784350727
35,-64,32,3.89472063036023
35,-64,34,3.76605120445785
35,-64,36,3.63072899574414
35,-64,38,3.48945760892005
35,-64,40,3.34307716931585
35,-64,42,3.1925473294679
35,-64,44,3.03892262549681
35,-64,46,2.88332235665349
35,-64,48,2.72689739040782
35,-64,50,2.57079628274918
35,-64,52,2.41613288649987
35,-64,54,2.26395725228194
35,-64,56,2.11523116655386
35,-64,58,1.9708091764759
35,-64,60,1.83142547220761
35,-64,62,1.69768657199632
35,-64,64,1.57006940936026
35,-64,66,1.4489241672526
35,-64,68,1.33448104262676
35,-64,70,1.22686004900186
35,-64,72,1.12608296134552
35,-64,74,1.0320865606568
35,-64,76,0.944736428071887
35,-64,78,0.863840654148231
35,-64,80,0.789162954394779
35,-64,82,0.720434806107541
35,-64,84,0.657366336149603
35,-64,86,0.599655789371043
35,-64,88,0.546997490322278
35,-64,90,0.499088276284723
35,-64,92,0.455632428541567
35,-64,94,0.416345163504016
35,-64,96,0.380954768809309
35,-64,98,0.349203485245969
35,-64,100,0.320847246909001
35,-64,102,0.295654402820829
35,-64,104,0.273403556541856
35,-64,106,0.253880678674317
35,-64,108,0.236875672481232
35,-64,110,0.222178605853865
35,-64,112,0.209575862886254
35,-64,114,0.19884651288251
35,-64,116,0.1897592391571
35,-64,118,0.182070207637487
35,-64,120,0.175522276992004
35,-64,122,0.169845947007253
35,-64,124,0.164762398707842
35,-64,126,0.159988887547513
35,-64,128,0.155246602149303
35,-64,130,0.15027089323751
35,-64,132,0.144823516325577
35,-64,134,0.138706233313203
35,-64,136,0.131774809572215
35,-64,138,0.12395216219233
35,-64,140,0.115239207521258
35,-64,142,0.105721870384028
35,-64,144,0.095572797221992
35,-64,146,0.0850465914190801
35,-64,148,0.0744678699200889
35,-64,150,0.0642121056081448
35,-64,152,0.0546800170805649
35,-64,154,0.0462671128035621
35,-64,156,0.0393307829296575
35,-64,158,0.0341579415809208
35,-64,160,0.0309365441685511
35,-64,162,0.0297342532518863
35,-64,164,0.0304870609448516
35,-64,166,0.0329998104514202
35,-64,168,0.0369593691162241
35,-64,170,0.0419598209651758
35,-64,172,0.0475376387796907
35,-64,174,0.0532135517136991
35,-64,176,0.0585369204018848
35,-64,178,0.0631280041489709
35,-64,180,0.0667136285396376
35,-62,0,4.82413308903293
35,-62,2,4.83708984827989
35,-62,4,4.83909198489278
35,-62,6,4.83051129774133
35,-62,8,4.81175555163212
35,-62,10,4.78323480447296
35,-62,12,4.74533075156724
35,-62,14,4.6983725069568
35,-62,16,4.64262157859283
35,-62,18,4.57826777098007
35,-62,20,4.50543650503927
35,-62,22,4.42420674745135
35,-62,24,4.33463755978897
35,-62,26,4.23680035745515
35,-62,28,4.13081341327656
35,-62,30,4.01687499942143
35,-62,32,3.89529182573091
35,-62,34,3.76650004288552
35,-62,36,3.63107693704385
35,-62,38,3.48974242941947
35,-62,40,3.34335048738825
35,-62,42,3.19287144414843
35,-62,44,3.03936692833104
35,-62,46,2.8839595725704
35,-62,48,2.72779988431255
35,-62,50,2.57203263725731
35,-62,52,2.41776491589312
35,-62,54,2.26603757183964
35,-62,56,2.11780138852847
35,-62,58,1.97389875760614
35,-62,60,1.83505119584156
35,-62,62,1.70185261299676
35,-62,64,1.57476790352726
35,-62,66,1.45413618968449
35,-62,68,1.34017789107847
35,-62,70,1.2330047280221
35,-62,72,1.13263176940765
35,-62,74,1.03899069397642
35,-62,76,0.951943529577171
35,-62,78,0.871296252473804
35,-62,80,0.796811754364465
35,-62,82,0.72822180780634
35,-62,84,0.66523777353919
35,-62,86,0.607559890967988
35,-62,88,0.55488507350356
35,-62,90,0.50691319330264
35,-62,92,0.463351886473275
35,-62,94,0.423919942387657
35,-62,96,0.388349362440998
35,-62,98,0.356386187856789
35,-62,100,0.327790206521802
35,-62,102,0.302333658784179
35,-62,104,0.279799074791719
35,-62,106,0.259976393876149
35,-62,108,0.242659541506513
35,-62,110,0.227642672161463
35,-62,112,0.214716326406787
35,-62,114,0.203663795042152
35,-62,116,0.194258027857268
35,-62,118,0.186259462525989
35,-62,120,0.179415171517753
35,-62,122,0.173459720968267
35,-62,124,0.16811809383508
35,-62,126,0.163110939771045
35,-62,128,0.158162268254235
35,-62,130,0.153009497233032
35,-62,132,0.147415512375132
35,-62,134,0.14118209744296
35,-62,136,0.1341637909504
35,-62,138,0.126280945243684
35,-62,140,0.117530556530587
35,-62,142,0.107993346037184
35,-62,144,0.0978356469520749
35,-62,146,0.0873049198069323
35,-62,148,0.0767181896336544
35,-62,150,0.0664433523248722
35,-62,152,0.0568740836848861
35,-62,154,0.0483999204872197
35,-62,156,0.0413738626029585
35,-62,158,0.0360804522450603
35,-62,160,0.0327076102112587
35,-62,162,0.0313254646496836
35,-62,164,0.0318749532010013
35,-62,166,0.0341681279064968
35,-62,168,0.0379009179017374
35,-62,170,0.0426777368050299
35,-62,172,0.0480459292093248
35,-62,174,0.05353682001472
35,-62,176,0.0587092365658213
35,-62,178,0.0631909525916501
35,-62,180,0.0667136285396384
35,-60,0,4.82413308903293
35,-60,2,4.83663100522189
35,-60,4,4.83836662808906
35,-60,6,4.82966926273308
35,-60,8,4.81090275388449
35,-60,10,4.78243453424356
35,-60,12,4.7446074319522
35,-60,14,4.69771749196101
35,-60,16,4.64200044634623
35,-60,18,4.57762849802614
35,-60,20,4.50471789368009
35,-60,22,4.42334651599278
35,-60,24,4.33357958662184
35,-60,26,4.23550068221968
35,-60,28,4.12924472832315
35,-60,30,4.01502949909711
35,-60,32,3.89318240806514
35,-60,34,3.76415996901076
35,-60,36,3.62855814214551
35,-60,38,3.4871127420763
35,-60,40,3.34069005129901
35,-60,42,3.19026864891857
35,-60,44,3.03691414713134
35,-60,46,2.88174897791879
35,-60,48,2.7259195733045
35,-60,50,2.57056324876411
35,-60,52,2.41677686892754
35,-60,54,2.2655890004852
35,-60,56,2.11793679804954
35,-60,58,1.97464838144269
35,-60,60,1.83643099620865
35,-60,62,1.70386483999444
35,-60,64,1.57740210944173
35,-60,66,1.45737058620463
35,-60,68,1.34398093652543
35,-60,70,1.23733683800801
35,-60,72,1.13744705595381
35,-60,74,1.0442386532998
35,-60,76,0.957570615837867
35,-60,78,0.877247292303829
35,-60,80,0.803031173778
35,-60,82,0.734654658244822
35,-60,84,0.671830556757958
35,-60,86,0.614261192932753
35,-60,88,0.561646025374123
35,-60,90,0.513687783053915
35,-60,92,0.470097147975264
35,-60,94,0.430596050139652
35,-60,96,0.394919659958568
35,-60,98,0.362817176260843
35,-60,100,0.334051517460928
35,-60,102,0.308398032667
35,-60,104,0.285642361587151
35,-60,106,0.265577589563533
35,-60,108,0.248000868670209
35,-60,110,0.232709708219895
35,-60,112,0.219498177507327
35,-60,114,0.208153307704884
35,-60,116,0.198452024023139
35,-60,118,0.190158976870792
35,-60,120,0.183025663007924
35,-60,122,0.176791224149337
35,-60,124,0.171185269998453
35,-60,126,0.165932984917632
35,-60,128,0.160762634813462
35,-60,130,0.155415390987072
35,-60,132,0.149657135997565
35,-60,134,0.143291628087465
35,-60,136,0.13617410133818
35,-60,138,0.128224104717776
35,-60,140,0.119436178569499
35,-60,142,0.109886878758157
35,-60,144,0.0997367294230105
35,-60,146,0.0892259453979258
35,-60,148,0.0786632242403008
35,-60,150,0.0684075469810242
35,-60,152,0.0588436961876924
35,-60,154,0.0503530194323656
35,-60,156,0.0432817320788671
35,-60,158,0.0379096508628969
35,-60,160,0.0344225703734201
35,-60,162,0.0328914542657062
35,-60,164,0.0332611699393839
35,-60,166,0.0353506622977815
35,-60,168,0.038865311360754
35,-60,170,0.0434208767964302
35,-60,172,0.048577066475055
35,-60,174,0.0538775592768034
35,-60,176,0.0588924369954126
35,-60,178,0.0632585699892999
35,-60,180,0.0667136285396391
35,-58,0,4.82413308903293
35,-58,2,4.83613595066458
35,-58,4,4.83753944100034
35,-58,6,4.82862990053081
35,-58,8,4.80972778902342
35,-58,10,4.78115952019973
35,-58,12,4.74323175621403
35,-58,14,4.69621123725736
35,-58,16,4.64031264946633
35,-58,18,4.57569612278933
35,-58,20,4.50247482509597
35,-58,22,4.42073193320547
35,-58,24,4.33054517322913
35,-58,26,4.23201626977366
35,-58,28,4.12530212568664
35,-58,30,4.0106444202221
35,-58,32,3.8883945589413
35,-58,34,3.75903147954813
35,-58,36,3.62317062315124
35,-58,38,3.48156330789279
35,-58,40,3.33508667539282
35,-58,42,3.18472521596411
35,-58,44,3.0315455361604
35,-58,46,2.87666646326204
35,-58,48,2.72122677001888
35,-58,50,2.5663527634013
35,-58,52,2.41312775048686
35,-58,54,2.26256502481034
35,-58,56,2.11558556521062
35,-58,58,1.97300116204371
35,-58,60,1.83550323020724
35,-58,62,1.70365717065792
35,-58,64,1.57790182481884
35,-58,66,1.45855333967814
35,-58,68,1.3458126249342
35,-58,70,1.23977552858882
35,-58,72,1.14044487002986
35,-58,74,1.04774353343292
35,-58,76,0.961527922496834
35,-58,78,0.881601194710033
35,-58,80,0.807725816531694
35,-58,82,0.739635099989519
35,-58,84,0.677043489179995
35,-58,86,0.619655457734442
35,-58,88,0.567172953607129
35,-58,90,0.519301385591256
35,-58,92,0.475754188250499
35,-58,94,0.436256030938367
35,-58,96,0.400544755354316
35,-58,98,0.368372138057181
35,-58,100,0.339503582992108
35,-58,102,0.313716857713507
35,-58,104,0.290799998592729
35,-58,106,0.270548527330188
35,-58,108,0.252762145210493
35,-58,110,0.237241103347711
35,-58,112,0.223782485892784
35,-58,114,0.212176686346595
35,-58,116,0.20220440030053
35,-58,118,0.193634494558903
35,-58,120,0.186223134113399
35,-58,122,0.179714544700679
35,-58,124,0.173843748891648
35,-58,126,0.168341527838335
35,-58,128,0.162941721689448
35,-58,130,0.157390787082442
35,-58,132,0.15145928526653
35,-58,134,0.144954693975473
35,-58,136,0.137734645300857
35,-58,138,0.129719425671049
35,-58,140,0.120902375292913
35,-58,142,0.111356738542807
35,-58,144,0.101237585333388
35,-58,146,0.0907776759261794
35,-58,148,0.0802765872330101
35,-58,150,0.0700830395459945
35,-58,152,0.0605711104354345
35,-58,154,0.0521118193238386
35,-58,156,0.045042311193696
35,-58,158,0.0396354495069582
35,-58,160,0.0360729408480314
35,-58,162,0.0344250751165711
35,-58,164,0.0346397343077361
35,-58,166,0.0365425123615934
35,-58,168,0.0398486686305506
35,-58,170,0.0441863318876319
35,-58,172,0.0491290429910391
35,-58,174,0.0542345511855156
35,-58,176,0.0590859296560857
35,-58,178,0.0633306805708434
35,-58,180,0.0667136285396397
35,-56,0,4.82413308903293
35,-56,2,4.83560497556945
35,-56,4,4.83661041318294
35,-56,6,4.82739268182365
35,-56,8,4.80822971597473
35,-56,10,4.77940876705813
35,-56,12,4.7412031923234
35,-56,14,4.69385425326906
35,-56,16,4.63756028529838
35,-56,18,4.57247475342043
35,-56,20,4.49871365379888
35,-56,22,4.41637160291039
35,-56,24,4.32554492495989
35,-56,26,4.22635923642539
35,-56,28,4.11899853058772
35,-56,30,4.00373263329146
35,-56,32,3.88094013117324
35,-56,34,3.75112441522527
35,-56,36,3.61492124969215
35,-56,38,3.4730971618243
35,-56,40,3.32653884055669
35,-56,42,3.17623453147423
35,-56,44,3.02324904416704
35,-56,46,2.86869439894538
35,-56,48,2.71369831732508
35,-56,50,2.55937271805459
35,-56,52,2.40678415363201
35,-56,54,2.25692776146139
35,-56,56,2.11070586492147
35,-56,58,1.9689118966108
35,-56,60,1.83221987503733
35,-56,62,1.70117928180601
35,-56,64,1.57621488091602
35,-56,66,1.45763080482047
35,-56,68,1.34561810267056
35,-56,70,1.24026489603045
35,-56,72,1.14156830260986
35,-56,74,1.04944735309268
35,-56,76,0.963756223574673
35,-56,78,0.88429722146172
35,-56,80,0.810833083312714
35,-56,82,0.743098259300442
35,-56,84,0.680808963924196
35,-56,86,0.623671862277508
35,-56,88,0.571391333824121
35,-56,90,0.523675311394931
35,-56,92,0.480239733504245
35,-56,94,0.440811675565678
35,-56,96,0.405131243225546
35,-56,98,0.37295232217423
35,-56,100,0.344042286842404
35,-56,102,0.318180778582651
35,-56,104,0.295157675174444
35,-56,106,0.274770390119493
35,-56,108,0.256820663782798
35,-56,110,0.241111039501645
35,-56,112,0.227441255502531
35,-56,114,0.215604825358674
35,-56,116,0.205386121413141
35,-56,118,0.196558310689028
35,-56,120,0.188882512999787
35,-56,122,0.182108546488894
35,-56,124,0.175977586326496
35,-56,126,0.170226978250253
35,-56,128,0.164597313226369
35,-56,130,0.158841680789367
35,-56,132,0.152736781818718
35,-56,134,0.14609531090079
35,-56,136,0.138778738317834
35,-56,138,0.13070936597858
35,-56,140,0.121880341303784
35,-56,142,0.112362231893297
35,-56,144,0.102304831578731
35,-56,146,0.091933113449252
35,-56,148,0.0815366763579147
35,-56,150,0.0714526309841501
35,-56,152,0.0620425929863264
35,-56,154,0.0536652189488291
35,-56,156,0.0466464385192198
35,-56,158,0.0412500958264981
35,-56,160,0.0376520129216062
35,-56,162,0.0359204486402396
35,-56,164,0.0360055085595684
35,-56,166,0.0377392777154237
35,-56,168,0.0408473656611011
35,-56,170,0.0449712929551158
35,-56,172,0.0496998664053131
35,-56,174,0.0546065602079698
35,-56,176,0.0592891037948289
35,-56,178,0.0634071002284102
35,-56,180,0.0667136285396402
35,-54,0,4.82413308903293
35,-54,2,4.83503846979144
35,-54,4,4.83557988543721
35,-54,6,4.82595784093779
35,-54,8,4.80640892959787
35,-54,10,4.77718333945642
35,-54,12,4.73852412632821
35,-54,14,4.69065093326892
35,-54,16,4.63375036799551
35,-54,18,4.5679744719969
35,-54,20,4.4934477363812
35,-54,22,4.4102820755651
35,-54,24,4.31859820200537
35,-54,26,4.21855107902879
35,-54,28,4.11035665695489
35,-54,30,3.99431696795523
35,-54,32,3.87084086667521
35,-54,34,3.74045821088017
35,-54,36,3.60382599878054
35,-54,38,3.46172581622452
35,-54,40,3.31505279191509
35,-54,42,3.16479701654903
35,-54,44,3.01201897814651
35,-54,46,2.85782095511465
35,-54,48,2.70331647536068
35,-54,50,2.54959990635702
35,-54,52,2.39771802152913
35,-54,54,2.24864504063188
35,-54,56,2.10326221946605
35,-54,58,1.96234261914914
35,-54,60,1.82654126156132
35,-54,62,1.69639050897497
35,-54,64,1.57230021339128
35,-54,66,1.45456197404872
35,-54,68,1.34335671913579
35,-54,70,1.23876478152878
35,-54,72,1.14077765509389
35,-54,74,1.04931068211693
35,-54,76,0.964216017912769
35,-54,78,0.885295331119509
35,-54,80,0.812311815424765
35,-54,82,0.745001201121566
35,-54,84,0.683081556431075
35,-54,86,0.626261755082139
35,-54,88,0.574248556586088
35,-54,90,0.526752299170643
35,-54,92,0.483491243960094
35,-54,94,0.44419463514997
35,-54,96,0.408604557627245
35,-54,98,0.376476684007491
35,-54,100,0.347580010709455
35,-54,102,0.321695690610189
35,-54,104,0.298615080809191
35,-54,106,0.278137140313292
35,-54,108,0.260065335492487
35,-54,110,0.244204241373268
35,-54,112,0.230356063337751
35,-54,114,0.218317344098224
35,-54,116,0.207876160614906
35,-54,118,0.19881014870282
35,-54,120,0.190885711427298
35,-54,122,0.183858761674615
35,-54,124,0.177477309692249
35,-54,126,0.171486123974036
35,-54,128,0.165633562311924
35,-54,130,0.159680487568793
35,-54,132,0.153410955020274
35,-54,134,0.146644098861217
35,-54,136,0.139246378087359
35,-54,138,0.13114309888923
35,-54,140,0.122327951099393
35,-54,142,0.112869221675789
35,-54,144,0.102911416462832
35,-54,146,0.0926712591579222
35,-54,148,0.0824274514590497
35,-54,150,0.0725041538695846
35,-54,152,0.0632488375827071
35,-54,154,0.0550058921972022
35,-54,156,0.0480880587555926
35,-54,158,0.0427482900455572
35,-54,160,0.0391549229331194
35,-54,162,0.037373005580309
35,-54,164,0.0373542185291898
35,-54,166,0.0389370749006857
35,-54,168,0.0418580470864379
35,-54,170,0.045773060198436
35,-54,172,0.0502875667890792
35,-54,174,0.0549923383940241
35,-54,176,0.059501332394549
35,-54,178,0.0634876372074442
35,-54,180,0.0667136285396406
35,-52,0,4.82413308903293
35,-52,2,4.83443692250292
35,-52,4,4.83444855061622
35,-52,6,4.82432637369246
35,-52,8,4.80426715031683
35,-52,10,4.77448633783414
35,-52,12,4.73519982051011
35,-52,14,4.68660949306687
35,-52,16,4.62889475352141
35,-52,18,4.56221125383353
35,-52,20,4.48669735921328
35,-52,22,4.40248780249455
35,-52,24,4.30973312047511
35,-52,26,4.20862274272207
35,-52,28,4.09940915796168
35,-52,30,3.98243045540128
35,-52,32,3.85812872936896
35,-52,34,3.72706230439886
35,-52,36,3.58991041009046
35,-52,38,3.44746971657817
35,-52,40,3.30064293305766
35,-52,42,3.15042038320397
35,-52,44,2.99785603203522
35,-52,46,2.84403980495863
35,-52,48,2.69006819611289
35,-52,50,2.5370151207338
35,-52,52,2.38590475693391
35,-52,54,2.23768779119014
35,-52,56,2.09322207970255
35,-52,58,1.95325831383661
35,-52,60,1.81843087436477
35,-52,62,1.68925370812516
35,-52,64,1.56612078227418
35,-52,66,1.44931047447949
35,-52,68,1.33899314147514
35,-52,70,1.23524106537738
35,-52,72,1.13803999433799
35,-52,74,1.04730155653052
35,-52,76,0.962875918941669
35,-52,78,0.884564171063654
35,-52,80,0.812130026668907
35,-52,82,0.745310545390419
35,-52,84,0.683825673573845
35,-52,86,0.627386487099975
35,-52,88,0.575702086061957
35,-52,90,0.528485142521679
35,-52,92,0.485456139556998
35,-52,94,0.446346364828166
35,-52,96,0.410899737861791
35,-52,98,0.378873560356111
35,-52,100,0.350038286258222
35,-52,102,0.324176416182657
35,-52,104,0.301080631597633
35,-52,106,0.280551300208503
35,-52,108,0.262393506449974
35,-52,110,0.246413790273338
35,-52,112,0.232416812516932
35,-52,114,0.22020220358031
35,-52,116,0.209561889663221
35,-52,118,0.200278221463905
35,-52,120,0.192123246294633
35,-52,122,0.18485945720823
35,-52,124,0.178242312726226
35,-52,126,0.172024739825858
35,-52,128,0.165963705285189
35,-52,130,0.159828765158545
35,-52,132,0.15341228443781
35,-52,134,0.14654077237035
35,-52,136,0.13908652591001
35,-52,138,0.130978545251543
35,-52,140,0.122211518409832
35,-52,142,0.112851605496152
35,-52,144,0.103037823092428
35,-52,146,0.0929780595852432
35,-52,148,0.0829391503793039
35,-52,150,0.0732309909199065
35,-52,152,0.0641853222452997
35,-52,154,0.0561305197324275
35,-52,156,0.0493643625844803
35,-52,158,0.0441272622722513
35,-52,160,0.0405786907563125
35,-52,162,0.0387795033108498
35,-52,164,0.0386824616235049
35,-52,166,0.0401325427960666
35,-52,168,0.0428776319130096
35,-52,170,0.04658904940414
35,-52,172,0.0508902025342322
35,-52,174,0.0553906298054406
35,-52,176,0.0597219745908142
35,-52,178,0.0635720928114288
35,-52,180,0.0667136285396409
35,-50,0,4.82413308903293
35,-50,2,4.8338009222149
35,-50,4,4.83321745282352
35,-50,6,4.82250003156763
35,-50,8,4.80180740711023
35,-50,10,4.77132286394508
35,-50,12,4.73123835693129
35,-50,14,4.68174189181242
35,-50,16,4.62301004219
35,-50,18,4.55520686243781
35,-50,20,4.47848964279236
35,-50,22,4.39302107204196
35,-50,24,4.29898654632613
35,-50,26,4.19661469942889
35,-50,28,4.08619881329
35,-50,30,3.96811664219631
35,-50,32,3.84284635329466
35,-50,34,3.71097671332817
35,-50,36,3.57321026927055
35,-50,38,3.43035899215124
35,-50,40,3.28333258679704
35,-50,42,3.13312033111521
35,-50,44,2.98076783063503
35,-50,46,2.82735041558043
35,-50,48,2.67394505367448
35,-50,50,2.52160261177825
35,-50,52,2.37132210258447
35,-50,54,2.2240282409475
35,-50,56,2.08055325550829
35,-50,58,1.94162350133847
35,-50,60,1.80785103829028
35,-50,62,1.67973000788415
35,-50,64,1.55763737820882
35,-50,66,1.44183744009871
35,-50,68,1.33248932828239
35,-50,70,1.22965680080496
35,-50,72,1.13331952685607
35,-50,74,1.0433851930307
35,-50,76,0.959701826599846
35,-50,78,0.882069838339753
35,-50,80,0.81025339571546
35,-50,82,0.743990841133857
35,-50,84,0.683003963581753
35,-50,86,0.627006011685354
35,-50,88,0.575708400591572
35,-50,90,0.528826114270765
35,-50,92,0.486081840313522
35,-50,94,0.447208898338322
35,-50,96,0.411953038563539
35,-50,98,0.380073196993974
35,-50,100,0.351341301111434
35,-50,102,0.325541227839906
35,-50,104,0.302467026406958
35,-50,106,0.281920534510274
35,-50,108,0.263708538116991
35,-50,110,0.247639653469468
35,-50,112,0.233521143400473
35,-50,114,0.221155916368276
35,-50,116,0.210339991577402
35,-50,118,0.200860741363008
35,-50,120,0.192496235400555
35,-50,122,0.185016001933661
35,-50,124,0.178183480542374
35,-50,126,0.171760361435671
35,-50,128,0.165512882833441
35,-50,130,0.159219990054988
35,-50,132,0.15268305297443
35,-50,134,0.145736605687219
35,-50,136,0.138259335007086
35,-50,138,0.130184331973878
35,-50,140,0.121507467689787
35,-50,142,0.112292698001407
35,-50,144,0.102673173515557
35,-50,146,0.0928472546162053
35,-50,148,0.0830689111755541
35,-50,150,0.0736325070626787
35,-50,152,0.0648525890990901
35,-50,154,0.0570399538720241
35,-50,156,0.0504758708115202
35,-50,158,0.0453868051395878
35,-50,160,0.0419222240411301
35,-50,162,0.0401380182525733
35,-50,164,0.0399876977924091
35,-50,166,0.0413228372610015
35,-50,168,0.0439033130330331
35,-50,170,0.0474167951110817
35,-50,172,0.0515058649736084
35,-50,174,0.0558001745701341
35,-50,176,0.0599503780439093
35,-50,178,0.0636602621183212
35,-50,180,0.0667136285396412
35,-48,0,4.82413308903293
35,-48,2,4.83313115639604
35,-48,4,4.83188798502679
35,-48,6,4.82048131228275
35,-48,8,4.79903401406796
35,-48,10,4.76769997630072
35,-48,12,4.72665056665779
35,-48,14,4.6760637339572
35,-48,16,4.61611745818531
35,-48,18,4.54698871847827
35,-48,20,4.46885841950641
35,-48,22,4.38192192231309
35,-48,24,4.28640407443269
35,-48,26,4.18257702709164
35,-48,28,4.07077874140379
35,-48,30,3.95142996358205
35,-48,32,3.82504759598688
35,-48,34,3.69225277474174
35,-48,36,3.5537725250361
35,-48,38,3.41043452335207
35,-48,40,3.263155167356
35,-48,42,3.11292176122962
35,-48,44,2.9607701050998
35,-48,46,2.80775909263985
35,-48,48,2.65494405603828
35,-48,50,2.50335056044219
35,-48,52,2.35395016713589
35,-48,54,2.20763939467132
35,-48,56,2.06522275381882
35,-48,58,1.92740035858045
35,-48,60,1.79476025890685
35,-48,62,1.66777532965454
35,-48,64,1.54680430301865
35,-48,66,1.43209635652971
35,-48,68,1.32379856547178
35,-48,70,1.22196549045296
35,-48,72,1.12657018673795
35,-48,74,1.0375159786031
35,-48,76,0.95464842585818
35,-48,78,0.877767008312365
35,-48,80,0.806636156792373
35,-48,82,0.740995358170896
35,-48,84,0.680568151016071
35,-48,86,0.625069904510577
35,-48,88,0.574214334777464
35,-48,90,0.527718759850945
35,-48,92,0.485308128604597
35,-48,94,0.446717882186034
35,-48,96,0.411695721602329
35,-48,98,0.380002364986648
35,-48,100,0.351411385693804
35,-48,102,0.325708230471394
35,-48,104,0.30268852790803
35,-48,106,0.282155812982246
35,-48,108,0.263918814872305
35,-48,110,0.247788482309352
35,-48,112,0.233574952542154
35,-48,114,0.22108470392309
35,-48,116,0.210118164199505
35,-48,118,0.200468071259749
35,-48,120,0.191918893465997
35,-48,122,0.184247605058611
35,-48,124,0.177226070601798
35,-48,126,0.17062521426916
35,-48,128,0.164221030659331
35,-48,130,0.157802333669681
35,-48,132,0.151179944420628
35,-48,134,0.144196801078034
35,-48,136,0.136738253055535
35,-48,138,0.128741606904533
35,-48,140,0.120203853580088
35,-48,142,0.111186460352665
35,-48,144,0.101816185252638
35,-48,146,0.0922810876201948
35,-48,148,0.0828212693417764
35,-48,150,0.0737143713669498
35,-48,152,0.0652564298786662
35,-48,154,0.0577393050626163
35,-48,156,0.0514264554096214
35,-48,158,0.0465292574742549
35,-48,160,0.0431862859996045
35,-48,162,0.0414479124506206
35,-48,164,0.0412682232383155
35,-48,166,0.042505615064759
35,-48,168,0.0449325506870266
35,-48,170,0.0482539507698366
35,-48,172,0.0521326817645804
35,-48,174,0.0562197125671742
35,-48,176,0.0601858812607968
35,-48,178,0.0637519347058514
35,-48,180,0.0667136285396414
35,-46,0,4.82413308903293
35,-46,2,4.83242841069228
35,-46,4,4.83046188512247
35,-46,6,4.81827344690536
35,-46,8,4.79595254075693
35,-46,10,4.76362663589679
35,-46,12,4.72144994500673
35,-46,14,4.66959415246583
35,-46,16,4.60824270547229
35,-46,18,4.53758974091826
35,-46,20,4.45784408100747
35,-46,22,4.36923802401611
35,-46,24,4.27203998296387
35,-46,26,4.16656947608728
35,-46,28,4.05321261963818
35,-46,30,3.93243615611667
35,-46,32,3.80479817567177
35,-46,34,3.67095402818184
35,-46,36,3.53165642486366
35,-46,38,3.38774932055303
35,-46,40,3.24015577475908
35,-46,42,3.08986054022373
35,-46,44,2.93788856528528
35,-46,46,2.7852808841909
35,-46,48,2.63306949320918
35,-46,50,2.48225277651841
35,-46,52,2.33377287793797
35,-46,54,2.18849614752922
35,-46,56,2.04719746599599
35,-46,58,1.91054890420996
35,-46,60,1.77911284457582
35,-46,62,1.65333940184951
35,-46,64,1.53356775064977
35,-46,66,1.42003080330019
35,-46,68,1.31286258486453
35,-46,70,1.21210761620074
35,-46,72,1.11773163040076
35,-46,74,1.02963300088062
35,-46,76,0.947654338051593
35,-46,78,0.871593804267601
35,-46,80,0.801215793695895
35,-46,82,0.736260717174047
35,-46,84,0.676453716565557
35,-46,86,0.621512205335315
35,-46,88,0.571152190633495
35,-46,90,0.525093377218584
35,-46,92,0.483063086330545
35,-46,94,0.444799045204131
35,-46,96,0.410051117840671
35,-46,98,0.378582057710858
35,-46,100,0.350167371020279
35,-46,102,0.324594387617815
35,-46,104,0.301660647770584
35,-46,106,0.281171728511619
35,-46,108,0.262938653980463
35,-46,110,0.246775060066137
35,-46,112,0.232494313530487
35,-46,114,0.219906817138853
35,-46,116,0.208817761258352
35,-46,118,0.199025603634785
35,-46,120,0.190321566198506
35,-46,122,0.182490423642898
35,-46,124,0.175312816077926
35,-46,126,0.168569241309642
35,-46,128,0.162045767712082
35,-46,130,0.155541356672023
35,-46,132,0.148876500036793
35,-46,134,0.141902675231557
35,-46,136,0.134511918008621
35,-46,138,0.126645635691306
35,-46,140,0.118301662104044
35,-46,142,0.109538519813536
35,-46,144,0.100475932669836
35,-46,146,0.0912908394444778
35,-46,148,0.0822085004167089
35,-46,150,0.0734887468858538
35,-46,152,0.0654079616571198
35,-46,154,0.0582379397310429
35,-46,156,0.052223291234906
35,-46,158,0.0475594356094524
35,-46,160,0.0443734252162677
35,-46,162,0.0427097738822899
35,-46,164,0.0425231269612036
35,-46,166,0.0436790073669125
35,-46,168,0.0459630601195445
35,-46,170,0.0490982860491938
35,-46,172,0.0527688191020309
35,-46,174,0.0566479867563622
35,-46,176,0.0604278158631594
35,-46,178,0.0638468953829129
35,-46,180,0.0667136285396416
35,-44,0,4.82413308903293
35,-44,2,4.83169356775164
35,-44,4,4.82894123049392
35,-44,6,4.81588038362676
35,-44,8,4.79256977667267
35,-44,10,4.75911364263015
35,-44,12,4.71565255323869
35,-44,14,4.66235567343891
35,-44,16,4.59941579953935
35,-44,18,4.52704815836156
35,-44,20,4.44549339098674
35,-44,22,4.35502452594912
35,-44,24,4.25595715137278
35,-44,26,4.14866150599642
35,-44,28,4.03357488955494
35,-44,30,3.91121268129455
35,-44,32,3.78217635868416
35,-44,34,3.64715720427169
35,-44,36,3.50693483048754
35,-44,38,3.36237017763871
35,-44,40,3.21439318128949
35,-44,42,3.06398579780499
35,-44,44,2.91216146951323
35,-44,46,2.75994236995271
35,-44,48,2.60833588116103
35,-44,50,2.45831172403405
35,-44,52,2.31078101007262
35,-44,54,2.16657823948486
35,-44,56,2.02644697274852
35,-44,58,1.89102958627222
35,-44,60,1.76086121927663
35,-44,62,1.63636775288497
35,-44,64,1.51786744971628
35,-44,66,1.40557573070744
35,-44,68,1.29961247580734
35,-44,70,1.20001120124476
35,-44,72,1.10672947910561
35,-44,74,1.01966001380884
35,-44,76,0.938641863165304
35,-44,78,0.863471378237773
35,-44,80,0.793912526960491
35,-44,82,0.72970635418549
35,-44,84,0.670579410371286
35,-44,86,0.616251049393549
35,-44,88,0.566439551565819
35,-44,90,0.520867070973023
35,-44,92,0.479263437793121
35,-44,94,0.441368868328021
35,-44,96,0.406935650370013
35,-44,98,0.37572888189703
35,-44,100,0.347526349518596
35,-44,102,0.322117641986686
35,-44,104,0.299302605465503
35,-44,106,0.278889262589294
35,-44,108,0.260691337360722
35,-44,110,0.244525552473443
35,-44,112,0.230208893420123
35,-44,114,0.21755606229803
35,-44,116,0.206377369801352
35,-44,118,0.196477331528283
35,-44,120,0.187654238476852
35,-44,122,0.179700954963618
35,-44,124,0.172407153858978
35,-44,126,0.165563123844943
35,-44,128,0.158965173607501
35,-44,130,0.152422514446894
35,-44,132,0.14576533169482
35,-44,134,0.138853568465743
35,-44,136,0.131585760741571
35,-44,138,0.123907104203282
35,-44,140,0.115815827790318
35,-44,142,0.107366924317417
35,-44,144,0.0986723683638211
35,-44,146,0.0898971510249149
35,-44,148,0.0812507813272283
35,-44,150,0.0729743291740848
35,-44,152,0.065323579688705
35,-44,154,0.058549381223934
35,-44,156,0.0528767337084582
35,-44,158,0.0484845101058523
35,-44,160,0.0454878667909783
35,-44,162,0.0439253306304871
35,-44,164,0.0437522306023109
35,-44,166,0.0448415832355607
35,-44,168,0.0469927937932769
35,-44,170,0.0499476815016505
35,-44,172,0.0534124828509206
35,-44,174,0.05708374617382
35,-44,176,0.0606755087991884
35,-44,178,0.0639449249243521
35,-44,180,0.0667136285396417
35,-42,0,4.82413308903293
35,-42,2,4.83092760566044
35,-42,4,4.82732843111316
35,-42,6,4.81330676835883
35,-42,8,4.78889369008781
35,-42,10,4.75417356287062
35,-42,12,4.70927690720291
35,-42,14,4.65437406242113
35,-42,16,4.58967087451731
35,-42,18,4.51540728868189
35,-42,20,4.43185925895336
35,-42,22,4.33934385504715
35,-42,24,4.23822692885087
35,-42,26,4.12893227311531
35,-42,28,4.01195092019429
35,-42,30,3.88784912399522
35,-42,32,3.7572736516035
35,-42,34,3.6209532641816
35,-42,36,3.47969564984342
35,-42,38,3.33437952999545
35,-42,40,3.18594213527051
35,-42,42,3.03536268098057
35,-42,44,2.88364281882996
35,-42,46,2.73178527077278
35,-42,48,2.58077194925617
35,-42,50,2.43154283945697
35,-42,52,2.284976781274
35,-42,54,2.14187506919038
35,-42,56,2.00294851879584
35,-42,58,1.86880836195256
35,-42,60,1.73996105679997
35,-42,62,1.61680685628974
35,-42,64,1.49964178452001
35,-42,66,1.38866253108343
35,-42,68,1.28397369058187
35,-42,70,1.18559674278951
35,-42,72,1.09348018050791
35,-42,74,1.00751023689179
35,-42,76,0.927521731398379
35,-42,78,0.853308633627235
35,-42,80,0.78463402865267
35,-42,82,0.721239249278352
35,-42,84,0.662852015157833
35,-42,86,0.609193482959597
35,-42,88,0.55998416437392
35,-42,90,0.514948709764215
35,-42,92,0.473819585688982
35,-42,94,0.43633969611944
35,-42,96,0.402264012159038
35,-42,98,0.371360285846811
35,-42,100,0.343408932601667
35,-42,102,0.318202176245521
35,-42,104,0.295542562160684
35,-42,106,0.275240959277165
35,-42,108,0.257114190822228
35,-42,110,0.240982456799366
35,-42,112,0.226666736684634
35,-42,114,0.213986386407199
35,-42,116,0.202757165745143
35,-42,118,0.19278994618175
35,-42,120,0.183890349576539
35,-42,122,0.175859548877661
35,-42,124,0.168496418007343
35,-42,126,0.161601144669485
35,-42,128,0.154980315147328
35,-42,130,0.148453345658239
35,-42,132,0.141859976570093
35,-42,134,0.135068375152303
35,-42,136,0.12798322640894
35,-42,138,0.120553051543099
35,-42,140,0.112775904288513
35,-42,142,0.104702581278283
35,-42,144,0.0964365644891265
35,-42,146,0.0881301040288506
35,-42,148,0.0799761480762069
35,-42,150,0.0721962179344212
35,-42,152,0.0650247773121019
35,-42,154,0.0586911079757387
35,-42,156,0.0534001196070204
35,-42,158,0.0493138269957299
35,-42,160,0.0465353650642403
35,-42,162,0.0450973396828015
35,-42,164,0.0449560124389635
35,-42,166,0.0459923039156622
35,-42,168,0.0480199186464832
35,-42,170,0.0508001208562118
35,-42,172,0.0540619187111211
35,-42,174,0.0575257486219561
35,-42,176,0.0609282844981272
35,-42,178,0.0640458008065356
35,-42,180,0.0667136285396418
35,-40,0,4.82413308903293
35,-40,2,4.83013159599914
35,-40,4,4.82562622124263
35,-40,6,4.81055792232272
35,-40,8,4.78493338164049
35,-40,10,4.74882064871237
35,-40,12,4.7023438535419
35,-40,14,4.64567815281322
35,-40,16,4.57904596540189
35,-40,18,4.50271528518387
35,-40,20,4.41700047068151
35,-40,22,4.32226546265318
35,-40,24,4.21892893921572
35,-40,26,4.10747054708241
35,-40,28,3.98843709799856
35,-40,30,3.86244752297493
35,-40,32,3.73019544197211
35,-40,34,3.59244841899571
35,-40,36,3.45004329866869
35,-40,38,3.30387741383978
35,-40,40,3.1548958628852
35,-40,42,3.00407543056807
35,-40,44,2.8524060269226
35,-40,46,2.70087071717161
35,-40,48,2.55042549997651
35,-40,50,2.40197996401559
35,-40,52,2.25637982907646
35,-40,54,2.11439218129917
35,-40,56,1.9766939710939
35,-40,58,1.84386408505394
35,-40,60,1.71637905529904
35,-40,62,1.59461225113869
35,-40,64,1.47883622221515
35,-40,66,1.36922773617772
35,-40,68,1.26587497829398
35,-40,70,1.16878635132084
35,-40,72,1.07790032427281
35,-40,74,0.993095819471861
35,-40,76,0.914202688964266
35,-40,78,0.841011905070631
35,-40,80,0.77328516771129
35,-40,82,0.710763707026694
35,-40,84,0.653176129224299
35,-40,86,0.600245213738545
35,-40,88,0.551693619392763
35,-40,90,0.507248496247358
35,-40,92,0.466645029115518
35,-40,94,0.42962895991752
35,-40,96,0.395958151144257
35,-40,98,0.365403263920186
35,-40,100,0.337747633693147
35,-40,102,0.312786436433679
35,-40,104,0.290325250031429
35,-40,106,0.270178130433244
35,-40,108,0.25216534039588
35,-40,110,0.236110890121275
35,-40,112,0.221840072158634
35,-40,114,0.209177195436094
35,-40,116,0.197943741752059
35,-40,118,0.187957178231388
35,-40,120,0.1790306561976
35,-40,122,0.170973805468695
35,-40,124,0.163594788499538
35,-40,126,0.156703707553439
35,-40,128,0.150117358887577
35,-40,130,0.143665202716316
35,-40,132,0.137196272558284
35,-40,134,0.130586593303883
35,-40,136,0.123746529555743
35,-40,138,0.11662736409952
35,-40,140,0.109226332659889
35,-40,142,0.101589336915851
35,-40,144,0.0938106407816377
35,-40,146,0.0860290352036193
35,-40,148,0.0784202328559355
35,-40,150,0.0711856108349378
35,-40,152,0.0645378265575399
35,-40,154,0.0586842459091171
35,-40,156,0.0538094902367274
35,-40,158,0.0500586741838084
35,-40,160,0.0475230192069565
35,-40,162,0.0462294517806059
35,-40,164,0.0461355167850938
35,-40,166,0.0471304687856021
35,-40,168,0.0490427889942966
35,-40,170,0.0516536812592711
35,-40,172,0.0547154115473904
35,-40,174,0.0579727630882507
35,-40,176,0.061185466967774
35,-40,178,0.0641492979411596
35,-40,180,0.0667136285396419
35,-38,0,4.82413308903293
35,-38,2,4.8293067015274
35,-38,4,4.82383764980001
35,-38,6,4.8076398168145
35,-38,8,4.78069903303751
35,-38,10,4.74307074949085
35,-38,12,4.69487643417323
35,-38,14,4.63629965698824
35,-38,16,4.56758276537263
35,-38,18,4.48902484788072
35,-38,20,4.40098137133946
35,-38,22,4.30386550889376
35,-38,24,4.19815080801923
35,-38,26,4.08437453398269
35,-38,28,3.96314080971063
35,-38,30,3.83512258578992
35,-38,32,3.70106152311186
35,-38,34,3.56176504467402
35,-38,36,3.41810008481318
35,-38,38,3.2709833947053
35,-38,40,3.12136860833151
35,-38,42,2.97023059078725
35,-38,44,2.81854784550654
35,-38,46,2.66728392454354
35,-38,48,2.51736885540487
35,-38,50,2.36968157079576
35,-38,52,2.22503421663366
35,-38,54,2.08415903910459
35,-38,56,1.94769833774299
35,-38,58,1.81619774332394
35,-38,60,1.69010285909372
35,-38,62,1.56975910927874
35,-38,64,1.45541448199183
35,-38,66,1.34722474085198
35,-38,68,1.24526061182841
35,-38,70,1.14951642575502
35,-38,72,1.0599197064147
35,-38,74,0.976341231165978
35,-38,76,0.898605147346344
35,-38,78,0.826498795085523
35,-38,80,0.759781958664586
35,-38,82,0.698195338516747
35,-38,84,0.6414681002754
35,-38,86,0.589324413332113
35,-38,88,0.541488937929155
35,-38,90,0.497691256774427
35,-38,92,0.457669275317981
35,-38,94,0.421171635592531
35,-38,96,0.387959203716671
35,-38,98,0.357805702789741
35,-38,100,0.330497572954715
35,-38,102,0.305833150658612
35,-38,104,0.283621271029317
35,-38,106,0.263679411735042
35,-38,108,0.245831513971865
35,-38,110,0.22990563584036
35,-38,112,0.215731613966908
35,-38,114,0.203138928532809
35,-38,116,0.19195498174596
35,-38,118,0.182004006319083
35,-38,120,0.173106814298526
35,-38,122,0.165081573126625
35,-38,124,0.157745751125998
35,-38,126,0.150919305917558
35,-38,128,0.144429095974828
35,-38,130,0.138114379895783
35,-38,132,0.131833136077329
35,-38,134,0.125468797500174
35,-38,136,0.118936866546287
35,-38,138,0.112190770754794
35,-38,140,0.105226261460872
35,-38,142,0.0980836619392274
35,-38,144,0.0908473548141329
35,-38,146,0.0836420678356909
35,-38,148,0.0766257702254226
35,-38,150,0.0699793139039431
35,-38,152,0.0638933173357302
35,-38,154,0.0585531552905859
35,-38,156,0.0541232386142074
35,-38,158,0.0507319952801053
35,-38,160,0.0484590540479736
35,-38,162,0.0473260544282598
35,-38,164,0.0472922504552745
35,-38,166,0.0482556541593626
35,-38,168,0.0500599157826535
35,-38,170,0.0525065218315883
35,-38,172,0.0553712840348625
35,-38,174,0.058423571932413
35,-38,176,0.0614463818361464
35,-38,178,0.0642551894048403
35,-38,180,0.066713628539642
35,-36,0,4.82413308903292
35,-36,2,4.82845417350985
35,-36,4,4.82196606945447
35,-36,6,4.8045590453464
35,-36,8,4.7762018512762
35,-36,10,4.73694121621337
35,-36,12,4.68689973988747
35,-36,14,4.6262729609286
35,-36,16,4.55532635854919
35,-36,18,4.47439289897962
35,-36,20,4.38387149796849
35,-36,22,4.28422647777058
35,-36,24,4.17598779829485
35,-36,26,4.05975158350384
35,-36,28,3.93618028382648
35,-36,30,3.80600173813547
35,-36,32,3.67000643344711
35,-36,34,3.52904239917385
35,-36,36,3.38400739352381
35,-36,38,3.23583831050959
35,-36,40,3.08549802035931
35,-36,42,2.9339601181608
35,-36,44,2.78219226530689
35,-36,46,2.63113894494968
35,-36,48,2.48170450636617
35,-36,50,2.33473734493114
35,-36,52,2.19101596466384
35,-36,54,2.05123751616087
35,-36,56,1.91600921487413
35,-36,58,1.7858428444414
35,-36,60,1.6611523564353
35,-36,62,1.54225440694091
35,-36,64,1.42937153245845
35,-36,66,1.32263756838166
35,-36,68,1.22210485375629
35,-36,70,1.12775274347675
35,-36,72,1.03949695818317
35,-36,74,0.957199335990422
35,-36,76,0.880677601396697
35,-36,78,0.809714828141957
35,-36,80,0.744068338127729
35,-36,82,0.683477842684609
35,-36,84,0.627672691746028
35,-36,86,0.576378148460826
35,-36,88,0.529320650277995
35,-36,90,0.486232052423526
35,-36,92,0.446852876634353
35,-36,94,0.410934608277057
35,-36,96,0.378241100185145
35,-36,98,0.348549153487594
35,-36,100,0.321648356139695
35,-36,102,0.297340270381466
35,-36,104,0.275437072171204
35,-36,106,0.255759759521217
35,-36,108,0.238136062741468
35,-36,110,0.222398207307644
35,-36,112,0.208380698066544
35,-36,114,0.195918309625705
35,-36,116,0.18484447914355
35,-36,118,0.174990300824151
35,-36,120,0.166184312352959
35,-36,122,0.158253238448185
35,-36,124,0.151023812378436
35,-36,126,0.144325730671427
35,-36,128,0.137995709237687
35,-36,130,0.131882503376999
35,-36,132,0.125852635530189
35,-36,134,0.119796452677436
35,-36,136,0.113634022883042
35,-36,138,0.107320293211336
35,-36,140,0.100848885831824
35,-36,142,0.0942539213653115
35,-36,144,0.087609340541095
35,-36,146,0.0810253527187037
35,-36,148,0.0746418694431485
35,-36,150,0.0686190688930165
35,-36,152,0.0631255577301622
35,-36,154,0.0583249157382729
35,-36,156,0.0543616847749808
35,-36,158,0.0513480548530219
35,-36,160,0.0493525696291147
35,-36,162,0.0483920958576798
35,-36,164,0.0484280683420524
35,-36,166,0.0493676462977337
35,-36,168,0.0510699330013151
35,-36,170,0.0533568709500689
35,-36,172,0.0560278947847417
35,-36,174,0.0588769728854729
35,-36,176,0.0617103583393178
35,-36,178,0.0643632471621033
35,-36,180,0.066713628539642
35,-34,0,4.82413308903292
35,-34,2,4.82757534869511
35,-34,4,4.82001512452785
35,-34,6,4.80132279337429
35,-34,8,4.77145400881648
35,-34,10,4.73045079961286
35,-34,12,4.67844075403036
35,-34,14,4.61563490344628
35,-34,16,4.54232492895114
35,-34,18,4.45888022233601
35,-34,20,4.36574515894672
35,-34,22,4.26343671685316
35,-34,24,4.15254234287917
35,-34,26,4.03371775929979
35,-34,28,3.90768425749214
35,-34,30,3.7752249580886
35,-34,32,3.63717953966838
35,-34,34,3.49443704460844
35,-34,36,3.34792654435767
35,-34,38,3.19860566150241
35,-34,40,3.04744717275796
35,-34,42,2.89542412604689
35,-34,44,2.743494071177
35,-34,46,2.59258310982695
35,-34,48,2.44357050809827
35,-34,50,2.29727458438147
35,-34,52,2.15444049514932
35,-34,54,2.01573040570958
35,-34,56,1.88171636927753
35,-34,58,1.75287606393999
35,-34,60,1.62959136957964
35,-34,62,1.51214961885895
35,-34,64,1.40074723712433
35,-34,66,1.29549540051794
35,-34,68,1.19642729066801
35,-34,70,1.10350650582826
35,-34,72,1.01663619768622
35,-34,74,0.935668534311843
35,-34,76,0.860414136414487
35,-34,78,0.790651189954676
35,-34,80,0.726133997664335
35,-34,82,0.666600790640156
35,-34,84,0.611780675536707
35,-34,86,0.561399640824636
35,-34,88,0.515185586004526
35,-34,90,0.472872370414801
35,-34,92,0.434202903913149
35,-34,94,0.398931321348288
35,-34,96,0.366824297808234
35,-34,98,0.337661573713819
35,-34,100,0.311235769475715
35,-34,102,0.287351580018771
35,-34,104,0.265824451041213
35,-34,106,0.246478852007349
35,-34,108,0.229146275598538
35,-34,110,0.213663109051353
35,-34,112,0.199868538182723
35,-34,114,0.187602657932974
35,-34,116,0.176704971311512
35,-34,118,0.167013458587623
35,-34,120,0.158364387081665
35,-34,122,0.150593005767825
35,-34,124,0.143535225504244
35,-34,126,0.137030323658175
35,-34,128,0.130924631607746
35,-34,130,0.125076067901919
35,-34,132,0.119359274432736
35,-34,134,0.113671006547652
35,-34,136,0.107935332145349
35,-34,138,0.102108123050902
35,-34,140,0.0961802886653347
35,-34,142,0.0901792201685612
35,-34,144,0.0841679931168571
35,-34,146,0.0782420209949785
35,-34,148,0.0725230581547909
35,-34,150,0.067150704404331
35,-34,152,0.0622718428137269
35,-34,154,0.0580287166919208
35,-34,156,0.0545465858861785
35,-34,158,0.0519220608170826
35,-34,160,0.0502132640806548
35,-34,162,0.0494328934049002
35,-34,164,0.0495450505236881
35,-34,166,0.0504663701779961
35,-34,168,0.0520715621464521
35,-34,170,0.0542030126959223
35,-34,172,0.0566836361256327
35,-34,174,0.0593317809071996
35,-34,176,0.0619767312580135
35,-34,178,0.0644732427794624
35,-34,180,0.066713628539642
35,-32,0,4.82413308903292
35,-32,2,4.82667164596245
35,-32,4,4.81798873777876
35,-32,6,4.79793880583176
35,-32,8,4.76646858015878
35,-32,10,4.72361954259394
35,-32,12,4.66952818737129
35,-32,14,4.60442454131929
35,-32,16,4.52862944692145
35,-32,18,4.44255106746153
35,-32,20,4.34668095934013
35,-32,22,4.24158989727252
35,-32,24,4.12792346366907
35,-32,26,4.00639725474582
35,-32,28,3.87779143924839
35,-32,30,3.74294434947711
35,-32,32,3.60274479658614
35,-32,34,3.45812287997365
35,-32,36,3.31003919131214
35,-32,38,3.15947247754613
35,-32,40,3.00740600046963
35,-32,42,2.85481298977126
35,-32,44,2.70264171155327
35,-32,46,2.55180075102232
35,-32,48,2.40314512926732
35,-32,50,2.25746384011606
35,-32,52,2.1154693107929
35,-32,54,1.97778917106071
35,-32,56,1.84496057400555
35,-32,58,1.71742716249548
35,-32,60,1.59553863227435
35,-32,62,1.47955271672892
35,-32,64,1.36963931734
35,-32,66,1.26588643188025
35,-32,68,1.16830749041796
35,-32,70,1.07684969523932
35,-32,72,0.991402971023944
35,-32,74,0.911809160901861
35,-32,76,0.837871146816659
35,-32,78,0.769361623486805
35,-32,80,0.706031309351413
35,-32,82,0.647616431234277
35,-32,84,0.593845369096874
35,-32,86,0.544444391237248
35,-32,88,0.49914244763841
35,-32,90,0.457675019707565
35,-32,92,0.419787048860076
35,-32,94,0.385234985249337
35,-32,96,0.353788012681545
35,-32,98,0.325228517764909
35,-32,100,0.299351881975273
35,-32,102,0.275965685746712
35,-32,104,0.254888424781548
35,-32,106,0.235947850965647
35,-32,108,0.218979063505875
35,-32,110,0.203822489534066
35,-32,112,0.190321906193529
35,-32,114,0.178322666296006
35,-32,116,0.167670294649817
35,-32,118,0.158209619393077
35,-32,120,0.14978458927849
35,-32,122,0.142238901223459
35,-32,124,0.135417520578396
35,-32,126,0.129169118629633
35,-32,128,0.123349378646118
35,-32,130,0.117825036228101
35,-32,132,0.112478427200121
35,-32,134,0.107212224720325
35,-32,136,0.101953966816595
35,-32,138,0.0966599178988811
35,-32,140,0.0913177849572048
35,-32,142,0.0859478318549574
35,-32,144,0.0806020108746372
35,-32,146,0.075360861822241
35,-32,148,0.0703281111143268
35,-32,150,0.0656231241833348
35,-32,152,0.0613716043945771
35,-32,154,0.0576951642807379
35,-32,156,0.054700590368289
35,-32,158,0.0524697513470189
35,-32,160,0.0510511354602432
35,-32,162,0.0504539303684927
35,-32,164,0.0506453736485604
35,-32,166,0.0515518157305847
35,-32,168,0.053063575690539
35,-32,170,0.0550432729346956
35,-32,172,0.0573369317227584
35,-32,174,0.0597868299497932
35,-32,176,0.0622448428059148
35,-32,178,0.0645849481283498
35,-32,180,0.066713628539642
35,-30,0,4.82413308903293
35,-30,2,4.82574456265139
35,-30,4,4.81589109615128
35,-30,6,4.7944153526999
35,-30,8,4.76125947530494
35,-30,10,4.71646866789669
35,-30,12,4.66019230539492
35,-30,14,4.59268290196464
35,-30,16,4.51429333482209
35,-30,18,4.42547271962563
35,-30,20,4.32676127258309
35,-30,22,4.21878439203795
35,-30,24,4.10224607148049
35,-30,26,3.97792164073346
35,-30,28,3.84664974377636
35,-30,30,3.70932341568047
35,-30,32,3.56688012488181
35,-30,34,3.42029069942588
35,-30,36,3.27054714799779
35,-30,38,3.11864950376483
35,-30,40,2.96559194339392
35,-30,42,2.81234854690295
35,-30,44,2.65985915055218
35,-30,46,2.50901579355993
35,-30,48,2.3606502644644
35,-30,50,2.21552321471822
35,-30,52,2.07431523103565
35,-30,54,1.93762015342458
35,-30,56,1.80594080425984
35,-30,58,1.67968716725818
35,-30,60,1.55917693490778
35,-30,62,1.4446382378334
35,-30,64,1.33621428606728
35,-30,66,1.23396959364621
35,-30,68,1.13789742502411
35,-30,70,1.04792809283777
35,-30,72,0.963937748271907
35,-30,74,0.88575733328955
35,-30,76,0.81318140356257
35,-30,78,0.745976577395727
35,-30,80,0.683889415110682
35,-30,82,0.626653581807201
35,-30,84,0.573996191568847
35,-30,86,0.525643271333732
35,-30,88,0.481324316935226
35,-30,90,0.440775942075289
35,-30,92,0.403744643639532
35,-30,94,0.369988724630706
35,-30,96,0.339279430176874
35,-30,98,0.311401363758639
35,-30,100,0.286152261154829
35,-30,102,0.263342209618426
35,-30,104,0.242792410170052
35,-30,106,0.224333591958692
35,-30,108,0.207804199252442
35,-30,110,0.193048483140462
35,-30,112,0.17991464028099
35,-30,114,0.16825314835468
35,-30,116,0.157915450204257
35,-30,118,0.148753133630301
35,-30,120,0.140617739108838
35,-30,122,0.133361301211823
35,-30,124,0.126837689802513
35,-30,126,0.120904763758474
35,-30,128,0.115427284136894
35,-30,130,0.110280458268348
35,-30,132,0.105353906236145
35,-30,134,0.100555763619979
35,-30,136,0.0958165680590189
35,-30,138,0.0910925320029992
35,-30,140,0.086367789874433
35,-30,142,0.0816552333041563
35,-30,144,0.0769956187342074
35,-30,146,0.0724547486267819
35,-30,148,0.0681186861533822
35,-30,150,0.064087152539643
35,-30,152,0.0604654589816942
35,-30,154,0.0573555190281318
35,-30,156,0.0548466476341316
35,-30,158,0.0530069552743414
35,-30,160,0.0518761691543018
35,-30,162,0.0514606459605345
35,-30,164,0.0517311796201511
35,-30,166,0.052623963376838
35,-30,168,0.0540447605650026
35,-30,170,0.0558760055076206
35,-30,172,0.0579862342199354
35,-30,174,0.0602409746760481
35,-30,176,0.062514044472734
35,-30,178,0.0646981360747234
35,-30,180,0.066713628539642
35,-28,0,4.82413308903293
35,-28,2,4.82479567059088
35,-28,4,4.81372663557306
35,-28,6,4.79076119284808
35,-28,8,4.75584137059652
35,-28,10,4.70902046185411
35,-28,12,4.65046474938401
35,-28,14,4.58045272556202
35,-28,16,4.49937211439543
35,-28,18,4.40771503864787
35,-28,20,4.30607166069599
35,-28,22,4.19512257346249
35,-28,24,4.07563014426998
35,-28,26,3.94842893794532
35,-28,28,3.81441528266398
35,-28,30,3.67453600547996
35,-28,32,3.5297763610693
35,-28,34,3.38114720730831
35,-28,36,3.22967153927466
35,-28,38,3.07637056881387
35,-28,40,2.92224961700723
35,-28,42,2.76828415834714
35,-28,44,2.61540640648708
35,-28,46,2.46449285370929
35,-28,48,2.31635316562965
35,-28,50,2.17172078949
35,-28,52,2.0312455630296
35,-28,54,1.89548851875069
35,-28,56,1.76491897451807
35,-28,58,1.63991389540033
35,-28,60,1.52075941225792
35,-28,62,1.40765429695052
35,-28,64,1.30071512713417
35,-28,66,1.19998282805079
35,-28,68,1.10543025486079
35,-28,70,1.01697047544734
35,-28,72,0.934465427367839
35,-28,74,0.857734650037223
35,-28,76,0.786563830255288
35,-28,78,0.720712941874624
35,-28,80,0.659923805198694
35,-28,82,0.603926935670378
35,-28,84,0.55244759236033
35,-28,86,0.505210973242798
35,-28,88,0.461946535510969
35,-28,90,0.422391445105848
35,-28,92,0.386293180577037
35,-28,94,0.353411333084395
35,-28,96,0.323518657730274
35,-28,98,0.296401442511228
35,-28,100,0.271859270981648
35,-28,102,0.249704264057228
35,-28,104,0.22975989582136
35,-28,106,0.211859487956711
35,-28,108,0.195844497325336
35,-28,110,0.181562720639914
35,-28,112,0.168866548038121
35,-28,114,0.157611402219795
35,-28,116,0.147654499845168
35,-28,118,0.138854065166934
35,-28,120,0.131069110463535
35,-28,122,0.124159872147332
35,-28,124,0.117988954453841
35,-28,126,0.112423184356347
35,-28,128,0.107336123067802
35,-28,130,0.10261111402267
35,-28,132,0.0981446791056649
35,-28,134,0.0938500102795194
35,-28,136,0.0896602501461726
35,-28,138,0.0855312205451733
35,-28,140,0.0814432510342681
35,-28,142,0.0774017856402255
35,-28,144,0.0734365106203491
35,-28,146,0.0695988483118121
35,-28,148,0.0659577978789696
35,-28,150,0.0625942631266639
35,-28,152,0.0595941758602319
35,-28,154,0.0570408820776537
35,-28,156,0.0550073872373096
35,-28,158,0.0535491363105977
35,-28,160,0.0526980182629134
35,-28,162,0.0524582234057424
35,-28,164,0.0528044448201184
35,-28,166,0.0536827107880443
35,-28,168,0.0550138826867536
35,-28,170,0.0566995790168865
35,-28,172,0.0586300230874137
35,-28,174,0.0606930921790937
35,-28,176,0.0627836988250222
35,-28,178,0.0648125811532441
35,-28,180,0.0667136285396421
35,-26,0,4.82413308903292
35,-26,2,4.82382661184576
35,-26,4,4.81150002489013
35,-26,6,4.78698553638536
35,-26,8,4.75022963743811
35,-26,10,4.70129815516286
35,-26,12,4.64037835278402
35,-26,14,4.56777819883305
35,-26,16,4.48392303878555
35,-26,18,4.38934997009836
35,-26,20,4.28470024717485
35,-26,22,4.1707100335883
35,-26,24,4.04819978622201
35,-26,26,3.91806251296858
35,-26,28,3.78125110492403
35,-26,30,3.63876491576334
35,-26,32,3.49163575138604
35,-26,34,3.34091344353679
35,-26,36,3.18765120903619
35,-26,38,3.03289103502771
35,-26,40,2.87764937162355
35,-26,42,2.72290344736218
35,-26,44,2.56957854187659
35,-26,46,2.41853654832536
35,-26,48,2.27056613273831
35,-26,50,2.1263747490244
35,-26,52,1.98658270048855
35,-26,54,1.85171935704923
35,-26,56,1.72222154897433
35,-26,58,1.5984340701792
35,-26,60,1.48061214366057
35,-26,62,1.36892563387328
35,-26,64,1.26346473946924
35,-26,66,1.16424686662858
35,-26,68,1.07122436827782
35,-26,70,0.984292836393661
35,-26,72,0.903299650826543
35,-26,74,0.828052515479355
35,-26,76,0.758327747819201
35,-26,78,0.693878127249626
35,-26,80,0.634440148844791
35,-26,82,0.579740568890186
35,-26,84,0.529502165747339
35,-26,86,0.483448672559166
35,-26,88,0.441308866632021
35,-26,90,0.40281982388502
35,-26,92,0.367729365879637
35,-26,94,0.335797742267888
35,-26,96,0.306798603842897
35,-26,98,0.280519331622361
35,-26,100,0.256760796378231
35,-26,102,0.235336631432103
35,-26,104,0.216072109818901
35,-26,106,0.198802725230922
35,-26,108,0.183372584286436
35,-26,110,0.169632725041384
35,-26,112,0.157439482330001
35,-26,114,0.146653023207963
35,-26,116,0.137136173972994
35,-26,118,0.128753652349152
35,-26,120,0.121371802927434
35,-26,122,0.114858909662537
35,-26,124,0.109086125523045
35,-26,126,0.103929016527573
35,-26,128,0.0992696667299595
35,-26,130,0.0949992348949018
35,-26,132,0.0910207966475325
35,-26,134,0.087252253065351
35,-26,136,0.0836290442390968
35,-26,138,0.0801063808981412
35,-26,140,0.0766607050546305
35,-26,142,0.0732901167577021
35,-26,144,0.0700135611678791
35,-26,146,0.066868657766033
35,-26,148,0.0639081672442537
35,-26,150,0.0611952230345055
35,-26,152,0.0587975912953746
35,-26,154,0.0567813504784536
35,-26,156,0.0552044830948314
35,-26,158,0.0541109325923696
35,-26,160,0.0535256850394161
35,-26,162,0.0534513815717353
35,-26,164,0.053866853245158
35,-26,166,0.0547278028274008
35,-26,168,0.0559696535613676
35,-26,170,0.0575123646792408
35,-26,172,0.0592668028524343
35,-26,174,0.0611420837484025
35,-26,176,0.0630531812673272
35,-26,178,0.0649280602239687
35,-26,180,0.066713628539642
35,-24,0,4.82413308903292
35,-24,2,4.82283909419906
35,-24,4,4.80921614902732
35,-24,6,4.78309800576458
35,-24,8,4.74444026942134
35,-24,10,4.69332580162194
35,-24,12,4.62996695444973
35,-24,14,4.55470468295505
35,-24,16,4.46800471280491
35,-24,18,4.3704510337614
35,-24,20,4.26273704869882
35,-24,22,4.1456547348246
35,-24,24,4.02008217539701
35,-24,26,3.8869698053584
35,-24,28,3.74732569213256
35,-24,30,3.60220015136922
35,-24,32,3.45266998224041
35,-24,34,3.29982260050721
35,-24,36,3.14474034935278
35,-24,38,2.98848527466535
35,-24,40,2.83208465809687
35,-24,42,2.6765176022952
35,-24,44,2.52270295324301
35,-24,46,2.37148882114316
35,-24,48,2.22364392233966
35,-24,50,2.07985091116282
35,-24,52,1.94070180519203
35,-24,54,1.80669553463564
35,-24,56,1.67823757159544
35,-24,58,1.55564152331135
35,-24,60,1.43913250993721
35,-24,62,1.32885209582204
35,-24,64,1.22486450615713
35,-24,66,1.12716383926234
35,-24,68,1.03568197843381
35,-24,70,0.95029691474285
35,-24,72,0.870841211222105
35,-24,74,0.797110366773219
35,-24,76,0.72887087198477
35,-24,78,0.665867786071912
35,-24,80,0.607831701863838
35,-24,82,0.55448500214863
35,-24,84,0.505547344235274
35,-24,86,0.460740339342574
35,-24,88,0.419791418908546
35,-24,90,0.38243690110112
35,-24,92,0.348424288018987
35,-24,94,0.31751383786648
35,-24,96,0.289479467480712
35,-24,98,0.264109049740236
35,-24,100,0.241204178299597
35,-24,102,0.220579479345656
35,-24,104,0.202061557023703
35,-24,106,0.185487665933609
35,-24,108,0.170704210445975
35,-24,110,0.157565176017069
35,-24,112,0.145930601370071
35,-24,114,0.13566520128698
35,-24,116,0.126637246580927
35,-24,118,0.118717799309964
35,-24,120,0.111780386287752
35,-24,122,0.105701171595228
35,-24,124,0.10035965878106
35,-24,126,0.0956399161808424
35,-24,128,0.0914322756370964
35,-24,130,0.087635408264093
35,-24,132,0.0841586342385148
35,-24,134,0.0809242813165975
35,-24,136,0.0778698739389943
35,-24,138,0.0749499166274354
35,-24,140,0.0721370366993858
35,-24,142,0.0694222757466066
35,-24,144,0.0668143685230718
35,-24,146,0.0643379209478837
35,-24,148,0.0620304918840601
35,-24,150,0.0599386890926524
35,-24,152,0.0581134983656448
35,-24,154,0.0566051644059921
35,-24,156,0.0554580199236505
35,-24,158,0.0547057039010061
35,-24,160,0.0543672119004376
35,-24,162,0.0544441757041271
35,-24,164,0.0549196769865681
35,-24,166,0.0557587666290387
35,-24,168,0.056910699971842
35,-24,170,0.0583127257024381
35,-24,172,0.0598951018786292
35,-24,174,0.0615868767230493
35,-24,176,0.0633218817657759
35,-24,178,0.0650443531095637
35,-24,180,0.066713628539642
35,-22,0,4.82413308903292
35,-22,2,4.82183488638973
35,-22,4,4.80688009146463
35,-22,6,4.77910859588114
35,-22,8,4.73848980836847
35,-22,10,4.68512815581747
35,-22,12,4.61926521046379
35,-22,14,4.54127843833513
35,-22,16,4.4516767055876
35,-22,18,4.35109279532363
35,-22,20,4.2402732738067
35,-22,22,4.12006610139737
35,-22,24,3.99140641303754
35,-22,26,3.85530090098386
35,-22,28,3.71281122507921
35,-22,30,3.56503685934873
35,-22,32,3.41309776316182
35,-22,34,3.25811724386956
35,-22,36,3.10120535694969
35,-22,38,2.94344316869308
35,-22,40,2.78586818347234
35,-22,42,2.62946121018688
35,-22,44,2.47513490828084
35,-22,46,2.32372421128079
35,-22,48,2.17597877481707
35,-22,50,2.03255753766704
35,-22,52,1.8940254208447
35,-22,54,1.76085212445114
35,-22,56,1.63341291866774
35,-22,58,1.51199126767501
35,-22,60,1.39678307669864
35,-22,62,1.28790231528476
35,-22,64,1.18538774572707
35,-22,66,1.08921047466985
35,-22,68,0.999282047648969
35,-22,70,0.915462819244087
35,-22,72,0.837570353547771
35,-22,74,0.765387638438192
35,-22,76,0.69867093021646
35,-22,78,0.637157080216617
35,-22,80,0.580570229982899
35,-22,82,0.528627794896822
35,-22,84,0.481045686531416
35,-22,86,0.437542750766071
35,-22,88,0.397844421484958
35,-22,90,0.361685608536489
35,-22,92,0.328812853866929
35,-22,94,0.298985801874877
35,-22,96,0.271978039694695
35,-22,98,0.247577370963884
35,-22,100,0.225585593267836
35,-22,102,0.205817855368084
35,-22,104,0.188101675807795
35,-22,106,0.172275709623574
35,-22,108,0.158188354494374
35,-22,110,0.145696291284254
35,-22,112,0.134663055902819
35,-22,114,0.124957738838701
35,-22,116,0.1164539046255
35,-22,118,0.10902881487885
35,-22,120,0.10256302453347
35,-22,122,0.096940400938615
35,-22,124,0.0920485894309591
35,-22,126,0.087779917411287
35,-22,128,0.0840326930752712
35,-22,130,0.0807128168827469
35,-22,132,0.0777355864939011
35,-22,134,0.0750275428289248
35,-22,136,0.0725281801083865
35,-22,138,0.070191330218425
35,-22,140,0.0679860350587671
35,-22,142,0.0658967421808085
35,-22,144,0.0639226999281255
35,-22,146,0.0620764873232539
35,-22,148,0.0603816876452057
35,-22,150,0.0588697972204143
35,-22,152,0.0575765446027298
35,-22,154,0.0565378709020086
35,-22,156,0.0557858800325609
35,-22,158,0.0553450994266614
35,-22,160,0.055229390732173
35,-22,162,0.0554398128787561
35,-22,164,0.0559636674422776
35,-22,166,0.056774853709026
35,-22,168,0.0578355377117337
35,-22,170,0.0590990086074381
35,-22,172,0.0605134718453025
35,-22,174,0.0620264264682728
35,-22,176,0.0635892065353995
35,-22,178,0.0651612432110929
35,-22,180,0.066713628539642
35,-20,0,4.82413308903292
35,-20,2,4.82081581312577
35,-20,4,4.80449711611985
35,-20,6,4.7750276334065
35,-20,8,4.73239526981147
35,-20,10,4.67673055074357
35,-20,12,4.6083084062843
35,-20,14,4.52754634917524
35,-20,16,4.4349991602638
35,-20,18,4.33135032826726
35,-20,20,4.21740059859603
35,-20,22,4.09405406549707
35,-20,24,3.96230229297384
35,-20,26,3.82320697525782
35,-20,28,3.67788165109378
35,-20,30,3.52747297250113
35,-20,32,3.37314200260848
35,-20,34,3.21604598249563
35,-20,36,3.05732096649058
35,-20,38,2.8980656806763
35,-20,40,2.73932691112878
35,-20,42,2.58208667671093
35,-20,44,2.42725138601243
35,-20,46,2.275643119423
35,-20,48,2.12799311605851
35,-20,50,1.98493748267981
35,-20,52,1.84701507981749
35,-20,54,1.7146674814307
35,-20,56,1.58824085112064
35,-20,58,1.46798953256509
35,-20,60,1.35408111637291
35,-20,62,1.24660272125663
35,-20,64,1.14556821479749
35,-20,66,1.05092609785645
35,-20,68,0.962567785887413
35,-20,70,0.880336038493442
35,-20,72,0.804033313615166
35,-20,74,0.733429852657398
35,-20,76,0.668271335553534
35,-20,78,0.60828597830936
35,-20,80,0.553190978305317
35,-20,82,0.502698243266783
35,-20,84,0.456519367413763
35,-20,86,0.414369842331057
35,-20,88,0.375972510360238
35,-20,90,0.341060284902462
35,-20,92,0.309378175263346
35,-20,94,0.280684664052363
35,-20,96,0.254752493239059
35,-20,98,0.231368921349454
35,-20,100,0.21033551948829
35,-20,102,0.191467578315574
35,-20,104,0.174593202049762
35,-20,106,0.159552169082629
35,-20,108,0.146194641728092
35,-20,110,0.134379809632385
35,-20,112,0.123974551898724
35,-20,114,0.114852201332402
35,-20,116,0.106891489622491
35,-20,118,0.0999757439916854
35,-20,120,0.0939923932462386
35,-20,122,0.0888328238826086
35,-20,124,0.0843926049860131
35,-20,126,0.0805720746248961
35,-20,128,0.077277251433638
35,-20,130,0.0744210048383361
35,-20,132,0.0719243882580528
35,-20,134,0.0697180144062122
35,-20,136,0.0677433335597625
35,-20,138,0.0659536673178122
35,-20,140,0.0643148544416253
35,-20,142,0.0628053834933979
35,-20,144,0.0614159195581833
35,-20,146,0.0601481781723639
35,-20,148,0.0590131558153932
35,-20,150,0.0580287884133699
35,-20,152,0.0572171713468928
35,-20,154,0.0566015297008505
35,-20,156,0.0562031690758497
35,-20,158,0.0560386590822504
35,-20,160,0.0561174991721115
35,-20,162,0.0564404876585615
35,-20,164,0.0569989605147727
35,-20,166,0.0577749908907823
35,-20,168,0.0587425502450033
35,-20,170,0.0598695368762066
35,-20,172,0.0611204880584008
35,-20,174,0.0624597185053397
35,-20,176,0.0638545796916052
35,-20,178,0.065278518100488
35,-20,180,0.066713628539642
35,-18,0,4.82413308903292
35,-18,2,4.81978374989386
35,-18,4,4.80207264872799
35,-18,6,4.77086573559206
35,-18,8,4.72617406841407
35,-18,10,4.66815877634692
35,-18,12,4.59713227101611
35,-18,14,4.51355565091232
35,-18,16,4.41803240569438
35,-18,18,4.31129867383058
35,-18,20,4.19421043120011
35,-18,22,4.06772808502496
35,-18,24,3.9328990145705
35,-18,26,3.79083863771661
35,-18,28,3.64271059304776
35,-18,30,3.48970661418715
35,-18,32,3.33302664102966
35,-18,34,3.1738596657089
35,-18,36,3.01336575358618
35,-18,38,2.85265961467494
35,-18,40,2.69279603143113
35,-18,42,2.53475737687837
35,-18,44,2.37944338432441
35,-18,46,2.22766325798893
35,-18,48,2.08013014420486
35,-18,50,1.93745791704309
35,-18,52,1.80016017188814
35,-18,54,1.66865126730099
35,-18,56,1.54324921095459
35,-18,58,1.424180150742
35,-18,60,1.3115842081359
35,-18,62,1.20552237779874
35,-18,64,1.10598421501876
35,-18,66,1.01289603995357
35,-18,68,0.926129403613211
35,-18,70,0.845509583381278
35,-18,72,0.770823903830754
35,-18,74,0.701829709763327
35,-18,76,0.638261850992885
35,-18,78,0.579839570802403
35,-18,80,0.526272720896374
35,-18,82,0.477267254032575
35,-18,84,0.432529970662516
35,-18,86,0.391772517474916
35,-18,88,0.354714653643293
35,-18,90,0.321086814990007
35,-18,92,0.290632017540729
35,-18,94,0.26310715052385
35,-18,96,0.238283715297928
35,-18,98,0.21594807149788
35,-18,100,0.195901255355695
35,-18,102,0.177958438053267
35,-18,104,0.161948094346126
35,-18,106,0.147710953636819
35,-18,108,0.135098807079999
35,-18,110,0.123973244900211
35,-18,112,0.114204397480031
35,-18,114,0.105669751402727
35,-18,116,0.0982531069321629
35,-18,118,0.0918437358337494
35,-18,120,0.0863357875538297
35,-18,122,0.0816279773699754
35,-18,124,0.077623572305296
35,-18,126,0.0742306698663253
35,-18,128,0.0713627419648794
35,-18,130,0.0689393931235439
35,-18,132,0.0668872600524105
35,-18,134,0.0651409610228461
35,-18,136,0.0636439903638569
35,-18,138,0.0623494479503538
35,-18,140,0.0612204974164504
35,-18,142,0.0602304609959638
35,-18,144,0.0593624834070967
35,-18,146,0.0586087309749736
35,-18,148,0.0579691329507301
35,-18,150,0.0574497163558928
35,-18,152,0.0570606294032235
35,-18,154,0.0568139868916679
35,-18,156,0.0567216992553477
35,-18,158,0.0567934611003707
35,-18,160,0.0570350722274748
35,-18,162,0.0574472431480422
35,-18,164,0.0580249988129909
35,-18,166,0.0587577416617431
35,-18,168,0.0596299730727501
35,-18,170,0.0606226072510815
35,-18,172,0.0617147507019646
35,-18,174,0.0628857708176626
35,-18,176,0.0641174448651171
35,-18,178,0.0653959700878537
35,-18,180,0.066713628539642
35,-16,0,4.82413308903292
35,-16,2,4.81874061758652
35,-16,4,4.79961225780708
35,-16,6,4.76663376877268
35,-16,8,4.71984394382922
35,-16,10,4.65943895996514
35,-16,12,4.58577279560634
35,-16,14,4.49935366370678
35,-16,16,4.40083657559549
35,-16,18,4.29101230758976
35,-16,20,4.17079317820276
35,-16,22,4.04119615241194
35,-16,24,3.90332386702874
35,-16,26,3.75834421642225
35,-16,28,3.60746915172798
35,-16,30,3.45193333210441
35,-16,32,3.29297322776247
35,-16,34,3.13180721626208
35,-16,36,2.96961714100161
35,-16,38,2.80753171875291
35,-16,40,2.64661209587261
35,-16,42,2.48783976420318
35,-16,44,2.33210696080825
35,-16,46,2.18020959315258
35,-16,48,2.03284265524808
35,-16,50,1.89059803235206
35,-16,52,1.75396453337677
35,-16,54,1.62332994226018
35,-16,56,1.49898484280943
35,-16,58,1.38112794622785
35,-16,60,1.26987263652901
35,-16,62,1.16525444576918
35,-16,64,1.06723917753867
35,-16,66,0.975731412151841
35,-16,68,0.890583148914639
35,-16,70,0.811602368020041
35,-16,72,0.738561325268631
35,-16,74,0.671204425233935
35,-16,76,0.609255551136779
35,-16,78,0.552424761227459
35,-16,80,0.50041429083386
35,-16,82,0.452923825643548
35,-16,84,0.409655034765821
35,-16,86,0.370315371456003
35,-16,88,0.334621165108592
35,-16,90,0.302300040463618
35,-16,92,0.273092709292967
35,-16,94,0.246754186605448
35,-16,96,0.223054488137609
35,-16,98,0.201778869081642
35,-16,100,0.182727666090584
35,-16,102,0.165715805954478
35,-16,104,0.150572045201068
35,-16,106,0.137138005345372
35,-16,108,0.125267068553404
35,-16,110,0.114823197915548
35,-16,112,0.105679745044583
35,-16,114,0.0977183049371342
35,-16,116,0.0908276735467914
35,-16,118,0.0849029569216733
35,-16,120,0.0798448717689657
35,-16,122,0.0755592658078737
35,-16,124,0.0719568723877749
35,-16,126,0.0689532980033213
35,-16,128,0.0664692242797358
35,-16,130,0.0644307887918087
35,-16,132,0.0627700930457386
35,-16,134,0.0614257725876679
35,-16,136,0.0603435550269523
35,-16,138,0.0594767281491236
35,-16,140,0.0587864432788802
35,-16,142,0.0582417891518615
35,-16,144,0.0578195886084282
35,-16,146,0.0575038935145809
35,-16,148,0.0572851807570268
35,-16,150,0.0571592815848265
35,-16,152,0.0571261051230296
35,-16,154,0.0571882414955339
35,-16,156,0.0573495477225793
35,-16,158,0.0576138279495482
35,-16,160,0.0579837169962308
35,-16,162,0.058459862172913
35,-16,164,0.0590404735431205
35,-16,166,0.0597212793612116
35,-16,168,0.0604958844607036
35,-16,170,0.0613564889478765
35,-16,172,0.0622948871124783
35,-16,174,0.0633036363482267
35,-16,176,0.0643772667785206
35,-16,178,0.0655133967618162
35,-16,180,0.066713628539642
35,-14,0,4.82413308903292
35,-14,2,4.81768837696877
35,-14,4,4.79712163529823
35,-14,6,4.76234280679053
35,-14,8,4.71342288746358
35,-14,10,4.65059744959623
35,-14,12,4.57426605673481
35,-14,14,4.48498753517017
35,-14,16,4.38347124053904
35,-14,18,4.27056462167326
35,-14,20,4.1472375271718
35,-14,22,4.01456381595992
35,-14,24,3.87370091633954
35,-14,26,3.72586802638127
35,-14,28,3.57232366217988
35,-14,30,3.41434324193838
35,-14,32,3.25319734725002
35,-14,34,3.09013123365655
35,-14,36,2.9263460765015
35,-14,38,2.76298234125669
35,-14,40,2.60110556551798
35,-14,42,2.44169473775437
35,-14,44,2.28563335987008
35,-14,46,2.13370319007092
35,-14,48,1.98658058194877
35,-14,50,1.84483526686859
35,-14,52,1.70893137072943
35,-14,54,1.57923041342819
35,-14,56,1.45599600980925
35,-14,58,1.33939997399855
35,-14,60,1.22952952387258
35,-14,62,1.12639528774998
35,-14,64,1.02993982971546
35,-14,66,0.940046431618616
35,-14,68,0.856547896967957
35,-14,70,0.779235172894009
35,-14,72,0.707865619385905
35,-14,74,0.642170788562137
35,-14,76,0.581863609468139
35,-14,78,0.526644904694144
35,-14,80,0.476209193135361
35,-14,82,0.430249757901855
35,-14,84,0.388462979416138
35,-14,86,0.35055195103542
35,-14,88,0.316229408226771
35,-14,90,0.285220012691129
35,-14,92,0.257262040276133
35,-14,94,0.232108526509259
35,-14,96,0.209527926619979
35,-14,98,0.189304348488042
35,-14,100,0.171237417490413
35,-14,102,0.15514183207846
35,-14,104,0.140846668353829
35,-14,106,0.128194491062891
35,-14,108,0.117040327310843
35,-14,110,0.107250557806559
35,-14,112,0.0987017783894636
35,-14,114,0.0912796816930666
35,-14,116,0.0848780047719879
35,-14,118,0.0793975830878193
35,-14,120,0.0747455442179042
35,-14,122,0.0708346659541334
35,-14,124,0.0675829132076057
35,-14,126,0.0649131566507506
35,-14,128,0.0627530638536821
35,-14,130,0.0610351415532742
35,-14,132,0.0596968965366488
35,-14,134,0.0586810734107448
35,-14,136,0.0579359212292382
35,-14,138,0.0574154383792675
35,-14,140,0.0570795468537572
35,-14,142,0.0568941532442299
35,-14,144,0.0568310642363877
35,-14,146,0.0568677383603187
35,-14,148,0.0569868720827407
35,-14,150,0.0571758355212557
35,-14,152,0.0574259893888663
35,-14,154,0.0577319284871827
35,-14,156,0.0580907065715071
35,-14,158,0.0585011014835771
35,-14,160,0.0589629773867419
35,-14,162,0.059476792681257
35,-14,164,0.0600432883469455
35,-14,166,0.0606633733346614
35,-14,168,0.0613382030331457
35,-14,170,0.0620694259724442
35,-14,172,0.0628595551293743
35,-14,174,0.0637124056948316
35,-14,176,0.064633532781267
35,-14,178,0.0656306015011701
35,-14,180,0.066713628539642
35,-12,0,4.82413308903292
35,-12,2,4.81662902300607
35,-12,4,4.79460657696643
35,-12,6,4.75800408954948
35,-12,8,4.70692907059341
35,-12,10,4.64166070088685
35,-12,12,4.56264804810222
35,-12,14,4.47050399546098
35,-12,16,4.36599505831942
35,-12,18,4.25002743180727
35,-12,20,4.12362976005709
35,-12,22,3.98793323640032
35,-12,24,3.84414972854287
35,-12,26,3.69354867023673
35,-12,28,3.53743347114054
35,-12,30,3.37711817171151
35,-12,32,3.21390501445052
35,-12,34,3.0490635224658
35,-12,36,2.88381157781165
35,-12,38,2.71929888232287
35,-12,40,2.55659306934766
35,-12,42,2.39666862184039
35,-12,44,2.24039864571283
35,-12,46,2.08854945106315
35,-12,48,1.94177781068849
35,-12,50,1.80063069684863
35,-12,52,1.66554724434389
35,-12,54,1.53686265054285
35,-12,56,1.41481370033416
35,-12,58,1.29954559486447
35,-12,60,1.19111976578099
35,-12,62,1.0895223697022
35,-12,64,0.994673178847614
35,-12,66,0.906434611187316
35,-12,68,0.824620675194949
35,-12,70,0.749005638494638
35,-12,72,0.679332264746637
35,-12,74,0.615319497601178
35,-12,76,0.556669503292207
35,-12,78,0.503074013531221
35,-12,80,0.454219937146874
35,-12,82,0.409794232001451
35,-12,84,0.369488047935457
35,-12,86,0.333000166884141
35,-12,88,0.300039778081732
35,-12,90,0.270328634758456
35,-12,92,0.243602644372144
35,-12,94,0.219612947683978
35,-12,96,0.198126543386521
35,-12,98,0.178926515004138
35,-12,100,0.161811915846815
35,-12,102,0.146597366271703
35,-12,104,0.133112415666092
35,-12,106,0.121200719582791
35,-12,108,0.110719080401035
35,-12,110,0.101536397721147
35,-12,112,0.0935325723130086
35,-12,114,0.0865974046512881
35,-12,116,0.0806295256809983
35,-12,118,0.0755353932728214
35,-12,120,0.0712283827075675
35,-12,122,0.0676279934216621
35,-12,124,0.0646591872203846
35,-12,126,0.0622518654320949
35,-12,128,0.0603404843854877
35,-12,130,0.0588638006159157
35,-12,132,0.0577647299014236
35,-12,134,0.0569902981740926
35,-12,136,0.056491658080903
35,-12,138,0.0562241428931875
35,-12,140,0.0561473298094731
35,-12,142,0.0562250874511609
35,-12,144,0.0564255872447861
35,-12,146,0.0567212649055222
35,-12,148,0.057088725675762
35,-12,150,0.0575085945049903
35,-12,152,0.0579653191394162
35,-12,154,0.0584469393645772
35,-12,156,0.0589448388345117
35,-12,158,0.0594534967020036
35,-12,160,0.0599702546005631
35,-12,162,0.060495110675856
35,-12,164,0.0610305468348413
35,-12,166,0.0615813888825564
35,-12,168,0.0621546925719196
35,-12,170,0.0627596426508567
35,-12,172,0.0634074475436163
35,-12,174,0.0641112100006328
35,-12,176,0.0648857543386689
35,-12,178,0.0657473939561386
35,-12,180,0.066713628539642
35,-10,0,4.82413308903292
35,-10,2,4.81556457907594
35,-10,4,4.79207296264561
35,-10,6,4.7536289818977
35,-10,8,4.70038077424348
35,-10,10,4.63265516866198
35,-10,12,4.55095452071303
35,-10,14,4.45594912773295
35,-10,16,4.34846544801788
35,-10,18,4.22947051827899
35,-10,20,4.10005311225249
35,-10,22,3.96140230177666
35,-10,24,3.81478416400742
35,-10,26,3.66151742159941
35,-10,28,3.50294880636513
35,-10,30,3.34042890355698
35,-10,32,3.17528916817817
35,-10,34,3.00882071298493
35,-10,36,2.84225535746635
35,-10,38,2.67674930579009
35,-10,40,2.51336969691228
35,-10,42,2.35308414843107
35,-10,44,2.1967533028591
35,-10,46,2.04512628503441
35,-10,48,1.89883889524899
35,-10,50,1.75841429591368
35,-10,52,1.6242659006052
35,-10,54,1.49670214260312
35,-10,56,1.37593278422912
35,-10,58,1.26207642663184
35,-10,60,1.15516888997665
35,-10,62,1.05517215400613
35,-10,64,0.961983576324045
35,-10,66,0.875445138304451
35,-10,68,0.795352504193253
35,-10,70,0.721463715929314
35,-10,72,0.653507382905017
35,-10,74,0.591190261025215
35,-10,76,0.534204148002787
35,-10,78,0.482232051114851
35,-10,80,0.434953609159587
35,-10,82,0.392049771857328
35,-10,84,0.353206757395607
35,-10,86,0.318119322365839
35,-10,88,0.286493388260166
35,-10,90,0.258048075378463
35,-10,92,0.232517198897321
35,-10,94,0.209650283473864
35,-10,96,0.189213152603938
35,-10,98,0.170988147512722
35,-10,100,0.154774028066928
35,-10,102,0.140385605436907
35,-10,104,0.127653153298687
35,-10,106,0.116421641454423
35,-10,108,0.106549832976466
35,-10,110,0.0979092833679514
35,-10,112,0.0903832777282613
35,-10,114,0.0838657394041639
35,-10,116,0.0782601409546326
35,-10,118,0.0734784453140681
35,-10,120,0.0694401016875947
35,-10,122,0.0660711168910117
35,-10,124,0.0633032185708327
35,-10,126,0.0610731221069101
35,-10,128,0.0593219081950512
35,-10,130,0.0579945133786769
35,-10,132,0.0570393314296949
35,-10,134,0.056407919744212
35,-10,136,0.0560548020397486
35,-10,138,0.05593735674314
35,-10,140,0.0560157795430146
35,-10,142,0.0562531085132124
35,-10,144,0.0566153007379734
35,-10,146,0.0570713501477793
35,-10,148,0.057593436943379
35,-10,150,0.0581570992261994
35,-10,152,0.058741417058237
35,-10,154,0.0593291980972099
35,-10,156,0.0599071523309487
35,-10,158,0.0604660415787019
35,-10,160,0.0610007877720284
35,-10,162,0.0615105230620002
35,-10,164,0.0619985649749437
35,-10,166,0.062472301488898
35,-10,168,0.0629429741771333
35,-10,170,0.0634253523985047
35,-10,172,0.0639372976335321
35,-10,174,0.0644992240282016
35,-10,176,0.0651334684690788
35,-10,178,0.0658635904976204
35,-10,180,0.066713628539642
35,-8,0,4.82413308903292
35,-8,2,4.81449709108541
35,-8,4,4.78952673640885
35,-8,6,4.7492289330225
35,-8,8,4.6937963212019
35,-8,10,4.62360720373768
35,-8,12,4.53922083360534
35,-8,14,4.44136815669178
35,-8,16,4.33093829276958
35,-8,18,4.20896120948171
35,-8,20,4.07658719163153
35,-8,22,3.93506382327206
35,-8,24,3.785711277088
35,-8,26,3.62989674134431
35,-8,28,3.46900880918546
35,-8,30,3.3044326110737
35,-8,32,3.13752639381298
35,-8,34,2.96960014587535
35,-8,36,2.80189674666684
35,-8,38,2.6355759853311
35,-8,40,2.47170166075347
35,-8,42,2.31123184577489
35,-8,44,2.15501228115086
35,-8,46,2.00377276288044
35,-8,48,1.85812630299927
35,-8,50,1.71857078009613
35,-8,52,1.58549275168289
35,-8,54,1.45917307506178
35,-8,56,1.33979397464363
35,-8,58,1.2274471994098
35,-8,60,1.12214293173882
35,-8,62,1.02381913543436
35,-8,64,0.932351063882101
35,-8,66,0.847560686428174
35,-8,68,0.769225830188553
35,-8,70,0.69708887376389
35,-8,72,0.630864867276872
35,-8,74,0.570248988622489
35,-8,76,0.51492327798623
35,-8,78,0.464562620980993
35,-8,80,0.418839974869286
35,-8,82,0.377430852177409
35,-8,84,0.340017091658818
35,-8,86,0.306289958259188
35,-8,88,0.275952621825385
35,-8,90,0.248722069218385
35,-8,92,0.224330506723655
35,-8,94,0.202526309715284
35,-8,96,0.183074574935655
35,-8,98,0.165757327991086
35,-8,100,0.150373435182171
35,-8,102,0.136738264971243
35,-8,104,0.124683140550653
35,-8,106,0.114054621344336
35,-8,108,0.104713647996427
35,-8,110,0.0965345825373784
35,-8,112,0.0894041729598485
35,-8,114,0.0832204693149791
35,-8,116,0.0778917165472819
35,-8,118,0.0733352474998087
35,-8,120,0.0694763977244453
35,-8,122,0.0662474618367689
35,-8,124,0.0635867091156889
35,-8,126,0.0614374738690581
35,-8,128,0.0597473338169022
35,-8,130,0.0584673874634272
35,-8,132,0.0575516392234021
35,-8,134,0.0569564990010002
35,-8,136,0.0566404010017225
35,-8,138,0.0565635447309131
35,-8,140,0.0566877592578333
35,-8,142,0.0569764896995831
35,-8,144,0.0573949022705889
35,-8,146,0.0579101009382808
35,-8,148,0.0584914445950156
35,-8,150,0.0591109487163934
35,-8,152,0.0597437499344362
35,-8,154,0.0603686062273927
35,-8,156,0.0609684001219622
35,-8,158,0.0615306081516446
35,-8,160,0.0620476975799798
35,-8,162,0.0625174117531454
35,-8,164,0.0629429088546447
35,-8,166,0.0633327254445817
35,-8,168,0.0637005457534942
35,-8,170,0.0640647696652901
35,-8,172,0.0644478857436542
35,-8,174,0.0648756693960378
35,-8,176,0.0653762391221405
35,-8,178,0.0659790146328664
35,-8,180,0.0667136285396421
35,-6,0,4.82413308903292
35,-6,2,4.81342862151674
35,-6,4,4.78697388674112
35,-6,6,4.74481543652524
35,-6,8,4.68719401050081
35,-6,10,4.61454295566369
35,-6,12,4.52748181629986
35,-6,14,4.42680525770595
35,-6,16,4.31346767574516
35,-6,18,4.18856401597016
35,-6,20,4.05330747082589
35,-6,22,3.90900483319772
35,-6,24,3.75703035369816
35,-6,26,3.59879897492538
35,-6,28,3.43573979888657
35,-6,30,3.26927058716815
35,-6,32,3.10077400303823
35,-6,34,2.93157618811182
35,-6,36,2.76292813221092
35,-6,38,2.5959901526295
35,-6,40,2.43181965676078
35,-6,42,2.27136222752587
35,-6,44,2.11544595036202
35,-6,46,1.96477879808427
35,-6,48,1.81994880836495
35,-6,50,1.68142672885989
35,-6,52,1.54957076669262
35,-6,54,1.42463306049056
35,-6,56,1.30676749204254
35,-6,58,1.19603846801674
35,-6,60,1.0924303269404
35,-6,62,0.995857059725581
35,-6,64,0.906172070562571
35,-6,66,0.823177746448485
35,-6,68,0.746634645810974
35,-6,70,0.676270157870808
35,-6,72,0.61178652320397
35,-6,74,0.552868141423791
35,-6,76,0.499188123344364
35,-6,78,0.450414072028183
35,-6,80,0.406213099621294
35,-6,82,0.366256104890085
35,-6,84,0.330221350102319
35,-6,86,0.297797385668463
35,-6,88,0.268685377193625
35,-6,90,0.24260089276221
35,-6,92,0.219275208898923
35,-6,94,0.198456192245649
35,-6,96,0.179908811080982
35,-6,98,0.163415326877993
35,-6,100,0.148775211593399
35,-6,102,0.135804831697883
35,-6,104,0.124336935414801
35,-6,106,0.114219975478871
35,-6,108,0.105317296124087
35,-6,110,0.0975062100489713
35,-6,112,0.0906769888027928
35,-6,114,0.0847317883427414
35,-6,116,0.0795835303372759
35,-6,118,0.0751547590150498
35,-6,120,0.0713764928532378
35,-6,122,0.0681870900432601
35,-6,124,0.0655311463664424
35,-6,126,0.0633584437844686
35,-6,128,0.0616229676510583
35,-6,130,0.0602820099463097
35,-6,132,0.0592953752824397
35,-6,134,0.058624705561691
35,-6,136,0.0582329379716298
35,-6,138,0.0580839093132907
35,-6,140,0.0581421172578098
35,-6,142,0.0583726457764259
35,-6,144,0.0587412574639613
35,-6,146,0.0592146496303432
35,-6,148,0.0597608638625019
35,-6,150,0.0603498304537272
35,-6,152,0.0609540200904236
35,-6,154,0.0615491661498485
35,-6,156,0.0621150127719751
35,-6,158,0.0626360375175393
35,-6,160,0.0631020939022544
35,-6,162,0.0635089192457015
35,-6,164,0.0638584576424069
35,-6,166,0.0641589565928844
35,-6,168,0.064424808587868
35,-6,170,0.0646761249049243
35,-6,172,0.0649380468290916
35,-6,174,0.0652398179473957
35,-6,176,0.0656136584897607
35,-6,178,0.0660934973861031
35,-6,180,0.066713628539642
35,-4,0,4.82413308903292
35,-4,2,4.8123612434235
35,-4,4,4.78442042678854
35,-4,6,4.74039999132838
35,-4,8,4.6805920546452
35,-4,10,4.60548828193447
35,-4,12,4.51577164402556
35,-4,14,4.41230338853095
35,-4,16,4.29610565320843
35,-4,18,4.16834032191918
35,-4,20,4.03028486444194
35,-4,22,3.88330600405742
35,-4,24,3.72883211608162
35,-4,26,3.56832527428996
35,-4,28,3.40325383149075
35,-4,30,3.2350663494105
35,-4,32,3.06516758809461
35,-4,34,2.89489713459897
35,-4,36,2.72551110428481
35,-4,38,2.55816719517167
35,-4,40,2.39391322562616
35,-4,42,2.23367914603151
35,-4,44,2.078272392202
35,-4,46,1.92837634647669
35,-4,48,1.7845515940074
35,-4,50,1.64723960729296
35,-4,52,1.51676846051691
35,-4,54,1.39336016453416
35,-4,56,1.27713922043287
35,-4,58,1.16814201103435
35,-4,60,1.0663266819306
35,-4,62,0.971583203278585
35,-4,64,0.883743347476762
35,-4,66,0.802590363384988
35,-4,68,0.727868172742781
35,-4,70,0.659289957215392
35,-4,72,0.596546043833078
35,-4,74,0.53931103167571
35,-4,76,0.487250133026551
35,-4,78,0.440024727691308
35,-4,80,0.397297149789459
35,-4,82,0.358734742281852
35,-4,84,0.324013226134916
35,-4,86,0.292819438759691
35,-4,88,0.264853500685224
35,-4,90,0.239830470847421
35,-4,92,0.217481549928723
35,-4,94,0.197554888400804
35,-4,96,0.17981605181508
35,-4,98,0.164048190936211
35,-4,100,0.150051958961163
35,-4,102,0.137645212695584
35,-4,104,0.126662529491581
35,-4,106,0.116954567236919
35,-4,108,0.108387290900425
35,-4,110,0.100841086181453
35,-4,112,0.0942097787094592
35,-4,114,0.0883995759557677
35,-4,116,0.0833279484633325
35,-4,118,0.0789224670451756
35,-4,120,0.0751196131009609
35,-4,122,0.0718635800031108
35,-4,124,0.0691050844670071
35,-4,126,0.0668002078183502
35,-4,128,0.064909287994817
35,-4,130,0.0633958838667192
35,-4,132,0.0622258339238238
35,-4,134,0.0613664314204223
35,-4,136,0.0607857375266057
35,-4,138,0.0604520526832937
35,-4,140,0.0603335639462197
35,-4,142,0.060398182361567
35,-4,144,0.0606135791071464
35,-4,146,0.0609474221139686
35,-4,148,0.061367806168927
35,-4,150,0.0618438593252977
35,-4,152,0.0623464973098052
35,-4,154,0.0628492862757369
35,-4,156,0.0633293637019177
35,-4,158,0.0637683586105561
35,-4,160,0.0641532467214561
35,-4,162,0.0644770746859643
35,-4,164,0.0647394908662448
35,-4,166,0.0649470285297284
35,-4,168,0.065113100584979
35,-4,170,0.0652576823284684
35,-4,172,0.0654066788557484
35,-4,174,0.0655909952126598
35,-4,176,0.0658453482403215
35,-4,178,0.0662068776427049
35,-4,180,0.0667136285396421
35,-2,0,4.82413308903292
35,-2,2,4.81129703439916
35,-2,4,4.78187237475381
35,-2,6,4.7359940635482
35,-2,8,4.67400851982107
35,-2,10,4.59646866408887
35,-2,12,4.50412372653756
35,-2,14,4.39790414525266
35,-2,16,4.27890206771999
35,-2,18,4.14834813957065
35,-2,20,4.00758540084761
35,-2,22,3.8580412044748
35,-2,24,3.70119811948208
35,-2,26,3.53856478145698
35,-2,28,3.37164760651803
35,-2,30,3.201924197746
35,-2,32,3.03081915192851
35,-2,34,2.85968282893956
35,-2,36,2.68977348631858
35,-2,38,2.52224301792712
35,-2,40,2.3581263774905
35,-2,42,2.19833462349707
35,-2,44,2.04365139756523
35,-2,46,1.89473254811154
35,-2,48,1.75210853694259
35,-2,50,1.61618921827549
35,-2,52,1.48727055606091
35,-2,54,1.36554284350797
35,-2,56,1.25110000476952
35,-2,58,1.14394958884166
35,-2,60,1.04402310584483
35,-2,62,0.951186402227772
35,-2,64,0.865249820763653
35,-2,66,0.78597794074368
35,-2,68,0.713098741367449
35,-2,70,0.646312075410825
35,-2,72,0.585297379771803
35,-2,74,0.52972058384861
35,-2,76,0.479240205647199
35,-2,78,0.433512649079131
35,-2,80,0.392196734330182
35,-2,82,0.354957506830138
35,-2,84,0.32146937970215
35,-2,86,0.291418670136749
35,-2,88,0.264505592468971
35,-2,90,0.240445770391404
35,-2,92,0.218971328257974
35,-2,94,0.199831617350709
35,-2,96,0.18279362779442
35,-2,98,0.167642130975937
35,-2,100,0.154179591275042
35,-2,102,0.14222588001165
35,-2,104,0.131617819066868
35,-2,106,0.122208576887577
35,-2,108,0.113866935707391
35,-2,110,0.106476445910951
35,-2,112,0.0999344815613498
35,-2,114,0.0941512101638232
35,-2,116,0.0890484896582816
35,-2,118,0.0845587062816793
35,-2,120,0.080623568155244
35,-2,122,0.0771928710580103
35,-2,124,0.0742232546784168
35,-2,126,0.0716769695355193
35,-2,128,0.0695206765928323
35,-2,130,0.0677243032238613
35,-2,132,0.06625998049976
35,-2,134,0.0651010876071937
35,-2,136,0.0642214293826871
35,-2,138,0.0635945722358223
35,-2,140,0.0631933618511725
35,-2,142,0.0629896427089939
35,-2,144,0.0629541943680767
35,-2,146,0.0630568924106611
35,-2,148,0.0632670929082142
35,-2,150,0.0635542283954449
35,-2,152,0.0638885910754278
35,-2,154,0.0642422660485519
35,-2,156,0.0645901647564435
35,-2,158,0.0649110977474733
35,-2,160,0.0651888175671324
35,-2,162,0.065412958242377
35,-2,164,0.0655797984111499
35,-2,166,0.0656927812011844
35,-2,168,0.0657627355347331
35,-2,170,0.0658077601180478
35,-2,172,0.0658527519163728
35,-2,174,0.0659285839185618
35,-2,176,0.0660709606656641
35,-2,178,0.0663190024556183
35,-2,180,0.066713628539642
35,0,0,4.82413308903292
35,0,2,4.81023807053991
35,0,4,4.77933573450387
35,0,6,4.73160904944917
35,0,8,4.66746126926129
35,0,10,4.5875091309917
35,0,12,4.49257061107628
35,0,14,4.38364764354611
35,0,16,4.26190440364526
35,0,18,4.12864193071325
35,0,20,3.98526999567669
35,0,22,3.83327720392341
35,0,24,3.67420035966832
35,0,26,3.50959410252208
35,0,28,3.34100176363663
35,0,30,3.16992828346455
35,0,32,2.99781589434397
35,0,34,2.82602310908979
35,0,36,2.65580738266017
35,0,38,2.48831163879075
35,0,40,2.32455468728548
35,0,42,2.1654254087834
35,0,44,2.01168045849875
35,0,46,1.86394514250694
35,0,48,1.72271705113228
35,0,50,1.58837199329439
35,0,52,1.46117176097682
35,0,54,1.34127326073952
35,0,56,1.22873857509383
35,0,58,1.12354555599794
35,0,60,1.02559860121226
35,0,62,0.934739317680968
35,0,64,0.850756830972538
35,0,66,0.773397553308776
35,0,68,0.702374272739654
35,0,70,0.63737447114921
35,0,72,0.578067818160041
35,0,74,0.524112821273147
35,0,76,0.475162639739472
35,0,78,0.430870090979556
35,0,80,0.390891894296974
35,0,82,0.35489220772516
35,0,84,0.32254552071398
35,0,86,0.293538968625249
35,0,88,0.267574135278201
35,0,90,0.244368407654625
35,0,92,0.223655942893321
35,0,94,0.205188302391595
35,0,96,0.188734801663945
35,0,98,0.174082618019366
35,0,100,0.161036691497345
35,0,102,0.149419448188201
35,0,104,0.139070369340785
35,0,106,0.129845424754416
35,0,108,0.121616385022033
35,0,110,0.114270024328972
35,0,112,0.107707223738823
35,0,114,0.101841984171632
35,0,116,0.0966003585002857
35,0,118,0.0919193132143615
35,0,120,0.0877455317549129
35,0,122,0.0840341737261618
35,0,124,0.0807476065642807
35,0,126,0.0778541287300538
35,0,128,0.0753267059538346
35,0,130,0.0731417443772851
35,0,132,0.0712779264894352
35,0,134,0.069715137409726
35,0,136,0.0684335101531303
35,0,138,0.0674126187902093
35,0,140,0.0666308475937642
35,0,142,0.0660649620009969
35,0,144,0.065689903161673
35,0,146,0.0654788216820553
35,0,148,0.0654033577274151
35,0,150,0.0654341639314951
35,0,152,0.0655416548705102
35,0,154,0.0656969527981321
35,0,156,0.0658729848284512
35,0,158,0.0660456729846414
35,0,160,0.0661951468561717
35,0,162,0.0663069004032266
35,0,164,0.0663728109434437
35,0,166,0.0663919404668024
35,0,168,0.0663710476021245
35,0,170,0.0663247526985259
35,0,172,0.0662753178947931
35,0,174,0.0662520274904742
35,0,176,0.0662901797295739
35,0,178,0.0664297273128431
35,0,180,0.0667136285396421
35,2,0,4.82413308903292
35,2,2,4.80918642042333
35,2,4,4.77681647645089
35,2,6,4.72725623957695
35,2,8,4.66096790989231
35,2,10,4.57863418945825
35,2,12,4.481143899735
35,2,14,4.36957242579483
35,2,16,4.24515768612261
35,2,18,4.10927249751634
35,2,20,3.96339433138011
35,2,22,3.80907353378278
35,2,24,3.64790110360452
35,2,26,3.48147709112445
35,2,28,3.31138059735401
35,2,30,3.13914222940343
35,2,32,2.96621970890729
35,2,34,2.79397715047698
35,2,36,2.62366833744665
35,2,38,2.45642413466533
35,2,40,2.29324400334229
35,2,42,2.13499142957666
35,2,44,1.98239295234588
35,2,46,1.83604038190082
35,2,48,1.69639573666265
35,2,50,1.56379839452311
35,2,52,1.43847394980005
35,2,54,1.32054428562202
35,2,56,1.21003840814615
35,2,58,1.10690363850634
35,2,60,1.01101681574581
35,2,62,0.922195224769107
35,2,64,0.840207023867725
35,2,66,0.764781003784502
35,2,68,0.69561556257019
35,2,70,0.632386826398696
35,2,72,0.574755885436384
35,2,74,0.522375145708327
35,2,76,0.474893822948227
35,2,78,0.431962623188477
35,2,80,0.393237668020166
35,2,82,0.3583837307748
35,2,84,0.327076854104142
35,2,86,0.299006420287491
35,2,88,0.273876743752289
35,2,90,0.251408251369772
35,2,92,0.231338310637411
35,2,94,0.213421759380606
35,2,96,0.197431183540861
35,2,98,0.183156982360457
35,2,100,0.170407253171487
35,2,102,0.159007521350032
35,2,104,0.148800335055062
35,2,106,0.139644739333494
35,2,108,0.131415640176981
35,2,110,0.124003066239478
35,2,112,0.117311334181321
35,2,114,0.111258122948093
35,2,116,0.10577346262002
35,2,118,0.100798644637241
35,2,120,0.096285062050015
35,2,122,0.0921929907853624
35,2,124,0.0884903255976428
35,2,126,0.0851512872377759
35,2,128,0.0821551203196596
35,2,130,0.0794848042902652
35,2,132,0.0771258027349456
35,2,134,0.0750648788647937
35,2,136,0.0732890072820911
35,2,138,0.0717844137709393
35,2,140,0.0705357755910352
35,2,142,0.0695256141569869
35,2,144,0.0687339096049669
35,2,146,0.0681379621310141
35,2,148,0.0677125177675703
35,2,150,0.0674301662661638
35,2,152,0.0672620060669582
35,2,154,0.0671785563948458
35,2,156,0.0671508801338834
35,2,158,0.0671518644548936
35,2,160,0.0671575906349425
35,2,162,0.0671487116832241
35,2,164,0.0671117478180895
35,2,166,0.0670402068515781
35,2,168,0.0669354400646019
35,2,170,0.0668071545950895
35,2,172,0.0666735204865457
35,2,174,0.0665608334880637
35,2,176,0.0665027220058906
35,2,178,0.0665389163649039
35,2,180,0.0667136285396421
35,4,0,4.82413308903292
35,4,2,4.80814413912382
35,4,4,4.774320518764
35,4,6,4.72294678414874
35,4,8,4.65454574233026
35,4,10,4.5698677622479
35,4,12,4.46987418121132
35,4,14,4.35571539403916
35,4,16,4.22870442358524
35,4,18,4.09028694319506
35,4,20,3.94200884410745
35,4,22,3.78548250743154
35,4,24,3.62235294824491
35,4,26,3.4542649496888
35,4,28,3.2828322026705
35,4,30,3.10960932035736
35,4,32,2.93606741717597
35,4,34,2.76357374230452
35,4,36,2.59337565100653
35,4,38,2.42658899635905
35,4,40,2.26419084016572
35,4,42,2.10701622396291
35,4,44,1.95575861506859
35,4,46,1.81097355167165
35,4,48,1.67308495528424
35,4,50,1.54239355632234
35,4,52,1.41908688510443
35,4,54,1.30325031088493
35,4,56,1.19487865977658
35,4,58,1.09388800263219
35,4,60,1.00012727063465
35,4,62,0.913389424712638
35,4,64,0.833421971115577
35,4,66,0.759936676698963
35,4,68,0.692618391802975
35,4,70,0.631132935018539
35,4,72,0.575134032292649
35,4,74,0.524269332931556
35,4,76,0.478185547692347
35,4,78,0.436532770115445
35,4,80,0.398968052458589
35,4,82,0.365158312985275
35,4,84,0.334782652836524
35,4,86,0.307534159098569
35,4,88,0.28312126670218
35,4,90,0.261268746088238
35,4,92,0.241718376695742
35,4,94,0.22422935874073
35,4,96,0.20857850785888
35,4,98,0.194560269325742
35,4,100,0.181986581043033
35,4,102,0.170686607539438
35,4,104,0.160506361088361
35,4,106,0.151308220855954
35,4,108,0.142970356873815
35,4,110,0.135386062642245
35,4,112,0.128462998317331
35,4,114,0.122122345670614
35,4,116,0.116297876239565
35,4,118,0.110934935181265
35,4,120,0.105989345152089
35,4,122,0.101426236913184
35,4,124,0.0972188161711784
35,4,126,0.0933470792996357
35,4,128,0.0897964939744402
35,4,130,0.0865566643433698
35,4,132,0.0836200040865785
35,4,134,0.0809804445311665
35,4,136,0.0786322087136476
35,4,138,0.076568685692174
35,4,140,0.074781442125667
35,4,142,0.0732594096653071
35,4,144,0.0719882864556584
35,4,146,0.0709501883942449
35,4,148,0.0701235801816014
35,4,150,0.0694835072054617
35,4,152,0.0690021368165622
35,4,154,0.068649601815852
35,4,156,0.0683951206618334
35,4,158,0.0682083491386578
35,4,160,0.0680608984996526
35,4,162,0.0679279371819452
35,4,164,0.0677897789376005
35,4,166,0.0676333514030735
35,4,168,0.0674534371774102
35,4,170,0.0672535853453184
35,4,172,0.0670466053641471
35,4,174,0.0668545769099014
35,4,176,0.0667083374940157
35,4,178,0.0666464426113768
35,4,180,0.0667136285396421
35,6,0,4.82413308903292
35,6,2,4.80711326228577
35,6,4,4.77185370896427
35,6,6,4.71869165976128
35,6,8,4.64821171424061
35,6,10,4.56123313331974
35,6,12,4.45879097662529
35,6,14,4.34211176813777
35,6,16,4.21258459284399
35,6,18,4.07172870108367
35,6,20,3.92115881604678
35,6,22,3.7625493970789
35,6,24,3.59759910479308
35,6,26,3.42799664552257
35,6,28,3.2553890486372
35,6,30,3.08135326061694
35,6,32,2.9073717372372
35,6,34,2.73481249411137
35,6,36,2.56491385086012
35,6,38,2.39877388915222
35,6,40,2.23734445164798
35,6,42,2.08142934656924
35,6,44,1.93168629709447
35,6,46,1.78863208858773
35,6,48,1.65265031927947
35,6,50,1.52400114828688
35,6,52,1.4028324537117
35,6,54,1.28919185669484
35,6,56,1.18303912795469
35,6,58,1.08425856483674
35,6,60,0.992671003220724
35,6,62,0.908045204686185
35,6,64,0.830108431169491
35,6,66,0.758556084157336
35,6,68,0.693060341544019
35,6,70,0.633277771860757
35,6,72,0.578855942645217
35,6,74,0.529439067788929
35,6,76,0.48467275867077
35,6,78,0.444207956845442
35,6,80,0.407704133162402
35,6,82,0.374831840570571
35,6,84,0.345274706554768
35,6,86,0.31873094706496
35,6,88,0.294914477718022
35,6,90,0.273555690621456
35,6,92,0.254401956920284
35,6,94,0.237217906533935
35,6,96,0.221785527881548
35,6,98,0.207904121981004
35,6,100,0.195390137388666
35,6,102,0.184076905221399
35,6,104,0.173814287130895
35,6,106,0.164468243706082
35,6,108,0.155920326447238
35,6,110,0.148067093227639
35,6,112,0.140819445034809
35,6,114,0.134101880721759
35,6,116,0.127851666421984
35,6,118,0.122017917089135
35,6,120,0.11656058920212
35,6,122,0.111449385924522
35,6,124,0.106662578840426
35,6,126,0.102185753754282
35,6,128,0.0980104919171255
35,6,130,0.0941330024189376
35,6,132,0.0905527263508856
35,6,134,0.0872709386276766
35,6,136,0.0842893789141399
35,6,138,0.0816089486341188
35,6,140,0.0792285161068928
35,6,142,0.0771438758467947
35,6,144,0.0753469102317432
35,6,146,0.0738250012845109
35,6,148,0.0725607364369389
35,6,150,0.0715319442381643
35,6,152,0.0707120836870654
35,6,154,0.0700709942868863
35,6,156,0.0695759935972306
35,6,158,0.069193286077182
35,6,160,0.0688896229407322
35,6,162,0.0686341295311317
35,6,164,0.0684001965293449
35,6,166,0.068167316313973
35,6,168,0.0679227379295416
35,6,170,0.067662814887262
35,6,172,0.0673939302601034
35,6,174,0.0671329032993644
35,6,176,0.0669068102994754
35,6,178,0.0667521880456871
35,6,180,0.0667136285396421
35,8,0,4.82413308903292
35,8,2,4.80609580027423
35,8,4,4.76942180595151
35,8,6,4.71450163745942
35,8,8,4.64198237702376
35,8,10,4.55275290011302
35,8,12,4.44792269880184
35,8,14,4.328795067952
35,8,16,4.19683566466557
35,8,18,4.05363762880853
35,8,20,3.90088456820785
35,8,22,3.74031276003558
35,8,24,3.57367389813069
35,8,26,3.40269962761343
35,8,28,3.22906896077654
35,8,30,3.05437947351397
35,8,32,2.88012295400512
35,8,34,2.70766593112844
35,8,36,2.53823526539309
35,8,38,2.37290875506336
35,8,40,2.21261050719481
35,8,42,2.05811065682875
35,8,44,1.91002889322394
35,8,46,1.76884117163366
35,8,48,1.63488895126465
35,8,50,1.50839030040953
35,8,52,1.38945224206872
35,8,54,1.27808377027583
35,8,56,1.17420904107453
35,8,58,1.07768032527587
35,8,60,0.988290396216606
35,8,62,0.905784109393021
35,8,64,0.829869008044501
35,8,66,0.760224856820599
35,8,68,0.69651206310991
35,8,70,0.638378991980081
35,8,72,0.585468216304376
35,8,74,0.537421769411773
35,8,76,0.493885484711471
35,8,78,0.45451251658116
35,8,80,0.418966140759003
35,8,82,0.386921931846565
35,8,84,0.358069411475466
35,8,86,0.332113254204113
35,8,88,0.308774130106121
35,8,90,0.287789253938112
35,8,92,0.268912701238052
35,8,94,0.251915542095473
35,8,96,0.236585833950106
35,8,98,0.222728505845098
35,8,100,0.210165158263807
35,8,102,0.198733795155884
35,8,104,0.188288498118553
35,8,106,0.178699047024472
35,8,108,0.169850486732536
35,8,110,0.161642635907885
35,8,112,0.153989531409582
35,8,114,0.146818800150162
35,8,116,0.1400709497424
35,8,118,0.133698569567146
35,8,120,0.12766543506696
35,8,122,0.121945510054253
35,8,124,0.116521844606687
35,8,126,0.111385369722662
35,8,128,0.106533594364045
35,8,130,0.10196921586175
35,8,132,0.0976986609102916
35,8,134,0.0937305814618021
35,8,136,0.0900743375551855
35,8,138,0.0867385071201236
35,8,140,0.0837294705199458
35,8,142,0.0810501242855051
35,8,144,0.0786987832250713
35,8,146,0.0766683318656314
35,8,148,0.0749456840050833
35,8,150,0.0735116022104828
35,8,152,0.072340916871882
35,8,154,0.0714031668464548
35,8,156,0.0706636612814821
35,8,158,0.0700849359574241
35,8,160,0.0696285490842222
35,8,162,0.0692571330317948
35,8,164,0.0689365924107589
35,8,166,0.0686383177735338
35,8,168,0.068341270365682
35,8,170,0.0680337888119136
35,8,172,0.0677149747309035
35,8,174,0.0673955315824466
35,8,176,0.0670979591673726
35,8,178,0.0668560437575589
35,8,180,0.0667136285396421
35,10,0,4.82413308903292
35,10,2,4.80509373242316
35,10,4,4.76703046250697
35,10,6,4.71038725219147
35,10,8,4.63587384573958
35,10,10,4.54444893249341
35,10,12,4.43729662414437
35,10,14,4.3157971178173
35,10,16,4.18149266675761
35,10,18,4.03605016245118
35,10,20,3.88122174562905
35,10,22,3.71880490234227
35,10,24,3.55060346381979
35,10,26,3.37839081924076
35,10,28,3.20387647808004
35,10,30,3.02867689686861
35,10,32,2.85429123067089
35,10,34,2.68208240046801
35,10,36,2.51326360197109
35,10,38,2.34889013550312
35,10,40,2.18985622383537
35,10,42,2.03689631474736
35,10,44,1.89059024284585
35,10,46,1.75137155189306
35,10,48,1.61953825191657
35,10,50,1.49526529912776
35,10,52,1.37861813359126
35,10,54,1.26956668107066
35,10,56,1.16799931279913
35,10,58,1.0737363519657
35,10,60,0.986542811477433
35,10,62,0.906140138504372
35,10,64,0.832216823442891
35,10,66,0.764437801743518
35,10,68,0.702452635367829
35,10,70,0.645902506368941
35,10,72,0.594426088939985
35,10,74,0.547664389489148
35,10,76,0.505264658420118
35,10,78,0.466883483967789
35,10,80,0.432189179262458
35,10,82,0.400863570233113
35,10,84,0.372603285277018
35,10,86,0.347120638866886
35,10,88,0.324144191272264
35,10,90,0.303419055978323
35,10,92,0.284707015668029
35,10,94,0.267786497135005
35,10,96,0.252452445455927
35,10,98,0.238516128340747
35,10,100,0.225804892913125
35,10,102,0.21416188933349
35,10,104,0.203445768719986
35,10,106,0.193530356786619
35,10,108,0.184304299526387
35,10,110,0.1756706731299
35,10,112,0.167546547145825
35,10,114,0.159862487650603
35,10,116,0.152561985893236
35,10,118,0.145600797517388
35,10,120,0.138946178056835
35,10,122,0.132576001997583
35,10,124,0.126477755376293
35,10,126,0.120647395740463
35,10,128,0.115088078438708
35,10,130,0.109808754724495
35,10,132,0.104822655063728
35,10,134,0.100145680239254
35,10,136,0.0957947330793101
35,10,138,0.0917860344259188
35,10,140,0.0881334775929403
35,10,142,0.0848470851048797
35,10,144,0.0819316388407518
35,10,146,0.0793855586260664
35,10,148,0.0772001036499611
35,10,150,0.075358964850644
35,10,152,0.0738383039737141
35,10,154,0.0726072762175579
35,10,156,0.0716290486873377
35,10,158,0.0708622973801675
35,10,160,0.0702631328433088
35,10,162,0.0697873712468752
35,10,164,0.0693930360354456
35,10,166,0.0690429483817273
35,10,168,0.0687072450962477
35,10,170,0.0683656528504916
35,10,172,0.0680093493610691
35,10,174,0.0676422565679933
35,10,176,0.0672816378570093
35,10,178,0.0669579099926745
35,10,180,0.0667136285396422
35,12,0,4.82413308903292
35,12,2,4.80410900140002
35,12,4,4.76468520831227
35,12,6,4.70635877366245
35,12,8,4.62990176213947
35,12,10,4.53634233789461
35,12,12,4.42693887597995
35,12,14,4.30314807106582
35,12,16,4.16658828013451
35,12,18,4.0189995239422
35,12,20,3.86220168423909
35,12,22,3.69805246330591
35,12,24,3.52840661843179
35,12,26,3.35507785176444
35,12,28,3.17980453649038
35,12,30,3.00422020928857
35,12,32,2.82982947545178
35,12,34,2.65798967743396
35,12,36,2.48989838984739
35,12,38,2.32658654185632
35,12,40,2.16891674562143
35,12,42,2.01758623653014
35,12,44,1.87313371211396
35,12,46,1.73594929184288
35,12,48,1.60628680540689
35,12,50,1.48427764558896
35,12,52,1.3699454843839
35,12,54,1.26322123775705
35,12,56,1.16395776563439
35,12,58,1.0719439005512
35,12,60,0.986917503484153
35,12,62,0.908577343092663
35,12,64,0.83659368101821
35,12,66,0.770617518809498
35,12,68,0.71028852065257
35,12,70,0.655241670700458
35,12,72,0.605112755530205
35,12,74,0.559542782718898
35,12,76,0.518181457580518
35,12,78,0.480689843637535
35,12,80,0.446742330204738
35,12,82,0.416028024128508
35,12,84,0.388251673597176
35,12,86,0.363134221102585
35,12,88,0.340413070928618
35,12,90,0.319842144589288
35,12,92,0.301191785874896
35,12,94,0.284248565882243
35,12,96,0.268815027788327
35,12,98,0.254709401282821
35,12,100,0.241765307557542
35,12,102,0.229831467583162
35,12,104,0.218771419087746
35,12,106,0.208463241182453
35,12,108,0.198799279948753
35,12,110,0.18968586350364
35,12,112,0.181042991098467
35,12,114,0.172803977702595
35,12,116,0.16491503331745
35,12,118,0.157334755033866
35,12,120,0.150033509696811
35,12,122,0.142992686127288
35,12,124,0.13620379835509
35,12,126,0.129667425438111
35,12,128,0.123391979370542
35,12,130,0.117392300443551
35,12,132,0.111688089237602
35,12,134,0.106302196047062
35,12,136,0.101258801593918
35,12,138,0.0965815367459258
35,12,140,0.0922916027090475
35,12,142,0.0884059656597622
35,12,144,0.0849357096832191
35,12,146,0.0818846377803479
35,12,148,0.0792482112660827
35,12,150,0.0770129120049753
35,12,152,0.0751560989254386
35,12,154,0.0736464099699463
35,12,156,0.0724447335689
35,12,158,0.0715057410452209
35,12,160,0.0707799348924958
35,12,162,0.0702161300060387
35,12,164,0.0697642484700224
35,12,166,0.0693782764032193
35,12,168,0.0690192066006475
35,12,170,0.0686577759649403
35,12,172,0.0682768041680643
35,12,174,0.0678729510424356
35,12,176,0.0674577353466945
35,12,178,0.0670576961692928
35,12,180,0.0667136285396421
35,14,0,4.82413308903292
35,14,2,4.80314350770512
35,14,4,4.76239143352088
35,14,6,4.70242617858234
35,14,8,4.62408126063474
35,14,10,4.52845343208651
35,14,12,4.41687441803865
35,14,14,4.29087645192699
35,14,16,4.15215296401923
35,14,18,4.00251597348936
35,14,20,3.84385184621826
35,14,22,3.67807710071952
35,14,24,3.50709587323528
35,14,26,3.33276049661054
35,14,28,3.1568364190189
35,14,30,2.98097240622172
35,14,32,2.80667665650243
35,14,34,2.6352991337584
35,14,36,2.46802011359417
35,14,38,2.30584465890793
35,14,40,2.14960251025573
35,14,42,1.99995270175328
35,14,44,1.85739209940539
35,14,46,1.72226700430876
35,14,48,1.59478696259206
35,14,50,1.475039968512
35,14,52,1.36300832623114
35,14,54,1.25858453827085
35,14,56,1.16158670373842
35,14,58,1.07177302772054
35,14,60,0.988855157051925
35,14,62,0.91251016135659
35,14,64,0.842391068160684
35,14,66,0.778135935134662
35,14,68,0.719375500771015
35,14,70,0.665739497806531
35,14,72,0.616861742988139
35,14,74,0.572384134334333
35,14,76,0.531959695008137
35,14,78,0.495254803408135
35,14,80,0.461950744044217
35,14,82,0.431744704881629
35,14,84,0.404350335505688
35,14,86,0.37949796778113
35,14,88,0.356934587483116
35,14,90,0.336423632253016
35,14,92,0.317744678577426
35,14,94,0.300693068545944
35,14,96,0.285079516040299
35,14,98,0.270729721791686
35,14,100,0.257484017408974
35,14,102,0.245197049991043
35,14,104,0.233737511241275
35,14,106,0.222987908049877
35,14,108,0.212844365259538
35,14,110,0.203216445761798
35,14,112,0.194026968195885
35,14,114,0.185211798389835
35,14,116,0.176719587396893
35,14,118,0.168511426697398
35,14,120,0.160560390076679
35,14,122,0.15285093212613
35,14,124,0.145378115558255
35,14,126,0.138146643893606
35,14,128,0.131169682845029
35,14,130,0.124467463070078
35,14,132,0.118065668897195
35,14,134,0.111993631933143
35,14,136,0.106282364617014
35,14,138,0.100962485968255
35,14,140,0.0960621088349531
35,14,142,0.09160477346949
35,14,144,0.0876075246571199
35,14,146,0.0840792372833273
35,14,148,0.0810192966707658
35,14,150,0.0784167340864636
35,14,152,0.076249903838814
35,14,154,0.074486766288662
35,14,156,0.0730858115139389
35,14,158,0.0719976226132414
35,14,160,0.0711670376703327
35,14,162,0.0705358277140066
35,14,164,0.0700457674504378
35,14,166,0.0696419391583168
35,14,168,0.0692760809496262
35,14,170,0.0689097714244317
35,14,172,0.0685172359765788
35,14,174,0.0680875673943341
35,14,176,0.0676261758587722
35,14,178,0.067155320851783
35,14,180,0.0667136285396421
35,16,0,4.82413308903292
35,16,2,4.80219910432379
35,16,4,4.76015437291509
35,16,6,4.69859912429472
35,16,8,4.6184269369965
35,16,10,4.52080171491893
35,16,12,4.40712705654999
35,16,14,4.27900921177018
35,16,16,4.13821510376296
35,16,18,3.98662709767071
35,16,20,3.82619630877213
35,16,22,3.65889625351002
35,16,24,3.4866785567204
35,16,26,3.3114322458877
35,16,28,3.13494790345162
35,16,30,2.95888763221197
35,16,32,2.78476144146701
35,16,34,2.61391030856166
35,16,36,2.44749583647823
35,16,38,2.2864961337807
35,16,40,2.13170730412785
35,16,42,1.98374975799822
35,16,44,1.84307845220218
35,16,46,1.7099961204363
35,16,48,1.58466857319025
35,16,50,1.4671412071761
35,16,52,1.35735596086287
35,16,54,1.25516807112753
35,16,56,1.16036211481039
35,16,58,1.07266694810382
35,16,60,0.991769278383797
35,16,62,0.917325711798651
35,16,64,0.848973212344546
35,16,66,0.786337982889772
35,16,68,0.729042835796144
35,16,70,0.676713161674078
35,16,72,0.628981631356508
35,16,74,0.585491780706951
35,16,76,0.545900632797258
35,16,78,0.509880509597659
35,16,80,0.477120177671944
35,16,82,0.447325461211309
35,16,84,0.420219442487269
35,16,86,0.395542355551787
35,16,88,0.373051264565521
35,16,90,0.352519604048779
35,16,92,0.33373664497698
35,16,94,0.316506938177334
35,16,96,0.300649775001207
35,16,98,0.285998694738908
35,16,100,0.272401058646881
35,16,102,0.259717701677408
35,16,104,0.247822664932985
35,16,106,0.236603004413275
35,16,108,0.225958664706689
35,16,110,0.215802399863863
35,16,112,0.206059717793282
35,16,114,0.196668819224931
35,16,116,0.18758049776157
35,16,118,0.178757964032592
35,16,120,0.170176554822485
35,16,122,0.161823287677774
35,16,124,0.153696223359182
35,16,126,0.145803603051329
35,16,128,0.138162734852333
35,16,130,0.130798614973334
35,16,132,0.123742283282894
35,16,134,0.117028930022031
35,16,136,0.110695790011712
35,16,138,0.10477988140464
35,16,140,0.099315666561402
35,16,142,0.0943327312384882
35,16,144,0.0898535930964351
35,16,146,0.0858917597350992
35,16,148,0.082450158437622
35,16,150,0.0795200533821792
35,16,152,0.0770805506825206
35,16,154,0.075098767366426
35,16,156,0.073530708151237
35,16,158,0.0723228551751453
35,16,160,0.0714144328255094
35,16,162,0.0707402650424481
35,16,164,0.0702340988112079
35,16,166,0.0698322279458689
35,16,168,0.0694772186311352
35,16,170,0.0691215152813121
35,16,172,0.068730694544294
35,16,174,0.0682861387088831
35,16,176,0.0677869186961907
35,16,178,0.0672507116812407
35,16,180,0.0667136285396421
35,18,0,4.82413308903292
35,18,2,4.80127759154805
35,18,4,4.75797909067816
35,18,6,4.69488692376093
35,18,8,4.61295281955545
35,18,10,4.51340585032576
35,18,12,4.39771944929984
35,18,14,4.26757179637917
35,18,16,4.12480117576017
35,18,18,3.97135812295702
35,18,20,3.80925628982395
35,18,22,3.64052395638637
35,18,24,3.46715800822643
35,18,26,3.29108198750345
35,18,28,3.11410953232742
35,18,30,2.93791416746044
35,18,32,2.76400602733634
35,18,34,2.59371570915888
35,18,36,2.42818509627842
35,18,38,2.26836468249006
35,18,40,2.11501668234495
35,18,42,1.9687230398396
35,18,44,1.82989734964518
35,18,46,1.69879967679727
35,18,48,1.57555329306424
35,18,50,1.4601624284794
35,18,52,1.35253025076573
35,18,54,1.25247641973574
35,18,56,1.1597537056799
35,18,58,1.07406329987831
35,18,60,0.995068573841069
35,18,62,0.922407156468636
35,18,64,0.855701292179741
35,18,66,0.794566517340409
35,18,68,0.738618747741321
35,18,70,0.687479908164956
35,18,72,0.640782258636004
35,18,74,0.598171583397226
35,18,76,0.559309410627273
35,18,78,0.523874425849701
35,18,80,0.491563231999533
35,18,82,0.462090595984701
35,18,84,0.435189306711459
35,18,86,0.410609754002918
35,18,88,0.388119322396345
35,18,90,0.367501678972559
35,18,92,0.348556020459768
35,18,94,0.331096332013202
35,18,96,0.314950698328699
35,18,98,0.299960697043378
35,18,100,0.285980894592217
35,18,102,0.27287845567565
35,18,104,0.260532869090682
35,18,106,0.248835784739
35,18,108,0.237690949036448
35,18,110,0.227014218650958
35,18,112,0.216733625509989
35,18,114,0.206789459461054
35,18,116,0.197134329071216
35,18,118,0.187733156167344
35,18,120,0.178563056319794
35,18,122,0.169613056125682
35,18,124,0.160883599474204
35,18,126,0.152385799582042
35,18,128,0.144140401977113
35,18,130,0.136176436085328
35,18,132,0.128529549630143
35,18,134,0.121240040279179
35,18,136,0.114350621993474
35,18,138,0.107903988006007
35,18,140,0.101940256507339
35,18,142,0.0964944068770514
35,18,144,0.0915938314829482
35,18,146,0.087256138601591
35,18,148,0.0834873441752302
35,18,150,0.0802805827700268
35,18,152,0.0776154508351474
35,18,154,0.0754580685907832
35,18,156,0.0737619117922038
35,18,158,0.0724694230955888
35,18,160,0.0715143671517795
35,18,162,0.0708248465287577
35,18,164,0.0703268498705912
35,18,166,0.0699481620675322
35,18,168,0.069622431259689
35,18,170,0.069293161706348
35,18,172,0.0689173872404925
35,18,174,0.0684687792789301
35,18,176,0.0679399578834735
35,18,178,0.0673438052635852
35,18,180,0.0667136285396421
35,20,0,4.82413308903292
35,20,2,4.80038071198454
35,20,4,4.75587046580846
35,20,6,4.69129852186706
35,20,8,4.60767234265023
35,20,10,4.50628364982957
35,20,12,4.38867311989791
35,20,14,4.25658822076797
35,20,16,4.11193592301669
35,20,18,3.95673224389551
35,20,20,3.79305069329876
35,20,22,3.62297167982287
35,20,24,3.44853480318663
35,20,26,3.27169571826831
35,20,28,3.09428892675675
35,20,30,2.91799746284716
35,20,32,2.74433002141176
35,20,34,2.57460566297834
35,20,36,2.40994584909867
35,20,38,2.25127323807251
35,20,40,2.09931642080525
35,20,42,1.95461960786916
35,20,44,1.8175561917165
35,20,46,1.68834509579283
35,20,48,1.56706887333399
35,20,50,1.45369261819531
35,20,52,1.34808288239445
35,20,54,1.25002594500379
35,20,56,1.15924493132638
35,20,58,1.07541542929118
35,20,60,0.9981793840168
35,20,62,0.927157166711876
35,20,64,0.861957808247792
35,20,66,0.802187460651365
35,20,68,0.747456202721335
35,20,70,0.697383341241015
35,20,72,0.651601379616599
35,20,74,0.609758834136179
35,20,76,0.571522077221003
35,20,78,0.536576379548136
35,20,80,0.504626310913177
35,20,82,0.475395644927435
35,20,84,0.448626896476109
35,20,86,0.424080604325087
35,20,88,0.401534455075992
35,20,90,0.380782329304192
35,20,92,0.361633336442098
35,20,94,0.343910891899679
35,20,96,0.32745187803227
35,20,98,0.31210591976802
35,20,100,0.297734795826465
35,20,102,0.284211997292078
35,20,104,0.271422436637446
35,20,106,0.259262301920328
35,20,108,0.247639042650483
35,20,110,0.236471465650794
35,20,112,0.225689911138945
35,20,114,0.215236471375682
35,20,116,0.205065206858093
35,20,118,0.195142308636962
35,20,120,0.185446150515433
35,20,122,0.175967172375832
35,20,124,0.166707536483871
35,20,126,0.157680503116495
35,20,128,0.148909480901957
35,20,130,0.140426721237459
35,20,132,0.132271645057853
35,20,134,0.12448881356167
35,20,136,0.117125581179197
35,20,138,0.11022949743885
35,20,140,0.103845552306705
35,20,142,0.0980133845686349
35,20,144,0.092764592342123
35,20,146,0.0881202965031053
35,20,148,0.0840891098566875
35,20,150,0.0806656561934764
35,20,152,0.0778297637993188
35,20,154,0.0755464283236564
35,20,156,0.0737666018141285
35,20,158,0.0724288204885675
35,20,160,0.0714616360997156
35,20,162,0.0707867672944761
35,20,164,0.0703228407829908
35,20,166,0.0699895497699778
35,20,168,0.0697120210794671
35,20,170,0.0694251547042718
35,20,172,0.0690776821033592
35,20,174,0.06863568448687
35,20,176,0.0680853216067275
35,20,178,0.0674345470157653
35,20,180,0.0667136285396421
35,22,0,4.82413308903292
35,22,2,4.79951014576409
35,22,4,4.75383317819991
35,22,6,4.68784247301548
35,22,8,4.60259832206095
35,22,10,4.49945205876224
35,22,12,4.38000847546
35,22,14,4.24608114796805
35,22,16,4.09964253490188
35,22,18,3.94277095500461
35,22,20,3.7775966564356
35,22,22,3.60624916844323
35,22,24,3.43080797025411
35,22,26,3.25325823833612
35,22,28,3.07545306575473
35,22,30,2.8990831181005
35,22,32,2.72565423535092
35,22,34,2.55647304390327
35,22,36,2.39264023986613
35,22,38,2.23505086862666
35,22,40,2.08440067304372
35,22,42,1.94119742030803
35,22,44,1.80577604374142
35,22,46,1.6783164415308
35,22,48,1.55886284545994
35,22,50,1.4473437921861
35,22,52,1.34359187998474
35,22,54,1.24736265882514
35,22,56,1.1583521672663
35,22,58,1.07621278525666
35,22,60,1.00056721010837
35,22,62,0.931020479466299
35,22,64,0.867170058440433
35,22,66,0.808614078718631
35,22,68,0.754957867353219
35,22,70,0.705818934796484
35,22,72,0.660830608792298
35,22,74,0.619644506069657
35,22,76,0.581932030354203
35,22,78,0.547385075573606
35,22,80,0.51571609941392
35,22,82,0.486657716291163
35,22,84,0.45996194164406
35,22,86,0.435399202192469
35,22,88,0.412757210111247
35,22,90,0.391839783370422
35,22,92,0.372465680023285
35,22,94,0.354467501061763
35,22,96,0.337690704556733
35,22,98,0.321992763017538
35,22,100,0.307242486028562
35,22,102,0.293319520996606
35,22,104,0.280114036000819
35,22,106,0.26752658002212
35,22,108,0.255468107035557
35,22,110,0.243860141456978
35,22,112,0.232635053249046
35,22,114,0.221736401774603
35,22,116,0.211119298589677
35,22,118,0.200750731348043
35,22,120,0.19060978459373
35,22,122,0.180687689355861
35,22,124,0.170987633128758
35,22,126,0.161524265997665
35,22,128,0.152322848176664
35,22,130,0.143417999561399
35,22,132,0.134852033086055
35,22,134,0.126672880116739
35,22,136,0.11893164652182
35,22,138,0.111679870453873
35,22,140,0.10496658469762
35,22,142,0.0988353147635564
35,22,144,0.093321165769856
35,22,146,0.0884481639069299
35,22,148,0.0842270199544541
35,22,150,0.0806534719320291
35,22,152,0.0777073416654638
35,22,154,0.0753524071260954
35,22,156,0.0735371510790153
35,22,158,0.0721963996951738
35,22,160,0.0712538153812649
35,22,162,0.0706251590137649
35,22,164,0.070222190425705
35,22,166,0.0699570342351662
35,22,168,0.0697468023332972
35,22,170,0.069518235805059
35,22,172,0.0692121091310177
35,22,174,0.0687871300208599
35,22,176,0.0682230714492945
35,22,178,0.0675228909709445
35,22,180,0.0667136285396422
35,24,0,4.82413308903292
35,24,2,4.7986675059679
35,24,4,4.75187169541096
35,24,6,4.68452691995881
35,24,8,4.59774293216031
35,24,10,4.49292714441404
35,24,12,4.37174482591165
35,24,14,4.23607196823851
35,24,16,4.08794282468435
35,24,18,3.92949437559749
35,24,20,3.76291008192209
35,24,22,3.59036525156111
35,24,24,3.41397616180231
35,24,26,3.23575477238176
35,24,28,3.05757045600425
35,24,30,2.88111970267266
35,24,32,2.70790426127089
35,24,34,2.53921770600605
35,24,36,2.37613999103132
35,24,38,2.2195392100452
35,24,40,2.07007952493931
35,24,42,1.92823407414832
35,24,44,1.79430161316407
35,24,46,1.66842566502235
35,24,48,1.55061505068952
35,24,50,1.44076480897446
35,24,52,1.33867668364343
35,24,54,1.24407853444
35,24,56,1.1566422044127
35,24,58,1.07599953771251
35,24,60,1.00175638295468
35,24,62,0.933504533820375
35,24,64,0.870831650027568
35,24,66,0.81332926937796
35,24,68,0.760599067855189
35,24,70,0.712257552972575
35,24,72,0.667939389221607
35,24,74,0.627299556896092
35,24,76,0.590014539757466
35,24,78,0.555782725511484
35,24,80,0.524324187957964
35,24,82,0.495380002577658
35,24,84,0.468711229460105
35,24,86,0.444097679744668
35,24,88,0.421336564757752
35,24,90,0.400241111171172
35,24,92,0.380639210984435
35,24,94,0.362372162001116
35,24,96,0.345293542655947
35,24,98,0.329268254383219
35,24,100,0.314171754949162
35,24,102,0.299889496998948
35,24,104,0.286316577167693
35,24,106,0.273357592160561
35,24,108,0.260926688958632
35,24,110,0.248947786590532
35,24,112,0.237354936706088
35,24,114,0.226092779668571
35,24,116,0.215117042444666
35,24,118,0.204395014861679
35,24,120,0.193905932706536
35,24,122,0.183641190748572
35,24,124,0.173604307282702
35,24,126,0.163810565405462
35,24,128,0.154286265968539
35,24,130,0.145067543644012
35,24,132,0.136198720853749
35,24,134,0.127730203797781
35,24,136,0.119715958966483
35,24,138,0.112210645018937
35,24,140,0.105266510750001
35,24,142,0.0989302016364596
35,24,144,0.0932396417129909
35,24,146,0.0882211712809325
35,24,148,0.0838871220764495
35,24,150,0.0802339991289223
35,24,152,0.0772414131379767
35,24,154,0.0748718706497775
35,24,156,0.0730714845391622
35,24,158,0.0717716178029004
35,24,160,0.0708914229539143
35,24,162,0.0703411903812609
35,24,164,0.0700263740546272
35,24,166,0.0698521231201379
35,24,168,0.0697281137588188
35,24,170,0.0695734474122283
35,24,172,0.0693213596945554
35,24,174,0.0689234703989439
35,24,176,0.0683533014217972
35,24,178,0.0676087995437788
35,24,180,0.0667136285396422
35,26,0,4.82413308903292
35,26,2,4.79785433428454
35,26,4,4.74999026014252
35,26,6,4.68135957383348
35,26,8,4.5931176845181
35,26,10,4.4867240853406
35,26,12,4.36390040317056
35,26,14,4.22658087527141
35,26,16,4.07685739870831
35,26,18,3.91692155725729
35,26,20,3.7490061385714
35,26,22,3.57532860123111
35,26,24,3.39803874191371
35,26,26,3.21917246701705
35,26,28,3.0406131231123
35,26,30,2.86406132774738
35,26,32,2.69101371122606
35,26,34,2.5227504742572
35,26,36,2.36033122266074
35,26,38,2.20459818566933
35,26,40,2.05618567418278
35,26,42,1.9155344932987
35,26,44,1.78290998289919
35,26,46,1.65842240646742
35,26,48,1.54204852215192
35,26,50,1.43365332994474
35,26,52,1.3330111738715
35,26,54,1.23982557004285
35,26,56,1.15374731576321
35,26,58,1.07439060131079
35,26,60,1.00134698825101
35,26,62,0.934197233523075
35,26,64,0.872521027125637
35,26,66,0.815904775047773
35,26,68,0.763947601341591
35,26,70,0.716265767629017
35,26,72,0.672495718632928
35,26,74,0.632295961995027
35,26,76,0.595347982704919
35,26,78,0.561356379409307
35,26,80,0.530048393675586
35,26,82,0.501172985469108
35,26,84,0.474499589797387
35,26,86,0.449816671490158
35,26,88,0.426930177979323
35,26,90,0.405661974070172
35,26,92,0.385848328237977
35,26,94,0.367338506981703
35,26,96,0.349993522134121
35,26,98,0.333685065572869
35,26,100,0.318294656219223
35,26,102,0.30371301520521
35,26,104,0.289839676255468
35,26,106,0.276582829293054
35,26,108,0.263859385714669
35,26,110,0.251595243472776
35,26,112,0.239725718994761
35,26,114,0.228196101227258
35,26,116,0.216962271147586
35,26,118,0.20599131865895
35,26,120,0.195262078899217
35,26,122,0.184765502910695
35,26,124,0.17450477476148
35,26,126,0.164495090004567
35,26,128,0.154763020044661
35,26,130,0.145345404366919
35,26,132,0.136287737819875
35,26,134,0.127642052529109
35,26,136,0.119464331860727
35,26,138,0.111811534491587
35,26,140,0.104738346603963
35,26,142,0.0982938155550485
35,26,144,0.0925180451213643
35,26,146,0.087439147180025
35,26,148,0.0830706451505012
35,26,150,0.0794095098818045
35,26,152,0.0764349798372366
35,26,154,0.0741082769160314
35,26,156,0.0723732807778172
35,26,158,0.0711581723836663
35,26,160,0.0703780057274694
35,26,162,0.0699381186136648
35,26,164,0.0697382507225056
35,26,166,0.0696772005661367
35,26,168,0.069657821684427
35,26,170,0.0695921315845361
35,26,172,0.0694062839977295
35,26,174,0.0690451367856849
35,26,176,0.0684761367875976
35,26,178,0.067692243257144
35,26,180,0.0667136285396422
35,28,0,4.82413308903292
35,28,2,4.79707209691103
35,28,4,4.74819287844381
35,28,6,4.67834769535065
35,28,8,4.58873340770578
35,28,10,4.48085716109478
35,28,12,4.35649237856069
35,28,14,4.2176269361789
35,28,16,4.06640581150236
35,28,18,3.90507076450475
35,28,20,3.73589971570597
35,28,22,3.56114841558308
35,28,24,3.3829967598326
35,28,26,3.20350171985376
35,28,28,3.02455836411601
35,28,30,2.84786989014904
35,28,32,2.67492701833547
35,28,34,2.50699656438817
35,28,36,2.34511854637983
35,28,38,2.19011082200752
35,28,40,2.04258000680468
35,28,42,1.90293729574945
35,28,44,1.77141778963617
35,28,46,1.64810199608779
35,28,48,1.53293831093426
35,28,50,1.42576546523852
35,28,52,1.32633412425273
35,28,54,1.23432702808419
35,28,56,1.1493772552961
35,28,58,1.07108436021613
35,28,60,0.999028276919164
35,28,62,0.932780995904301
35,28,64,0.871916104374872
35,28,66,0.81601634055639
35,28,68,0.764679350443963
35,28,70,0.717521855880402
35,28,72,0.674182449908929
35,28,74,0.63432323247113
35,28,76,0.597630489718831
35,28,78,0.563814605876779
35,28,80,0.53260937958829
35,28,82,0.503770898393272
35,28,84,0.477076106450306
35,28,86,0.452321182553266
35,28,88,0.429319828412731
35,28,90,0.407901551396118
35,28,92,0.387910011618176
35,28,94,0.369201490479888
35,28,96,0.351643526378868
35,28,98,0.335113753153776
35,28,100,0.31949896757395
35,28,102,0.304694443459237
35,28,104,0.290603501381225
35,28,106,0.277137333917242
35,28,108,0.26421507671081
35,28,110,0.251764104854974
35,28,112,0.239720522253782
35,28,114,0.228029798774219
35,28,116,0.216647496622543
35,28,118,0.205540014254699
35,28,120,0.194685264396928
35,28,122,0.184073193849601
35,28,124,0.173706048315667
35,28,126,0.163598287208905
35,28,128,0.153776062736697
35,28,130,0.144276195532911
35,28,132,0.135144606009828
35,28,134,0.126434195686875
35,28,136,0.118202214182347
35,28,138,0.110507192324692
35,28,140,0.103405565998505
35,28,142,0.0969481543659837
35,28,144,0.0911766854713025
35,28,146,0.0861205780779779
35,28,148,0.081794188356605
35,28,150,0.078194713001174
35,28,152,0.075300907823691
35,28,154,0.0730727360867992
35,28,156,0.0714520084012065
35,28,158,0.0703640211223162
35,28,160,0.0697201476076015
35,28,162,0.069421289928436
35,28,164,0.0693620592801729
35,28,166,0.0694355210499243
35,28,168,0.0695383134251279
35,28,170,0.0695759241292545
35,28,172,0.0694678865468239
35,28,174,0.0691526340975071
35,28,176,0.0685917326870472
35,28,178,0.0677732004319175
35,28,180,0.0667136285396422
35,30,0,4.82413308903292
35,30,2,4.79632218071046
35,30,4,4.74648330866438
35,30,6,4.67549807710559
35,30,8,4.58460022806592
35,30,10,4.47533974170595
35,30,12,4.34953687694924
35,30,14,4.20922815234817
35,30,16,4.05660670170476
35,30,18,3.89395972028992
35,30,20,3.7236058183061
35,30,22,3.54783500833128
35,30,24,3.36885378176369
35,30,26,3.18873730302894
35,30,28,3.00939021176756
35,30,30,2.83251692406956
35,30,32,2.65960171847991
35,30,34,2.49189833143078
35,30,36,2.33042831089131
35,30,38,2.17598701404224
35,30,40,2.02915589765138
35,30,42,1.89031963750032
35,30,44,1.75968661305857
35,30,46,1.63731138487824
35,30,48,1.5231179498887
35,30,50,1.41692275821773
35,30,52,1.31845669083973
35,30,54,1.22738541083854
35,30,56,1.1433276980076
35,30,58,1.06587154769518
35,30,60,0.994587955680887
35,30,62,0.929042420634188
35,30,64,0.868804276240456
35,30,66,0.813454019940252
35,30,68,0.762588838757607
35,30,70,0.715826549363225
35,30,72,0.672808173474942
35,30,74,0.633199364517329
35,30,76,0.596690890061429
35,30,78,0.562998359219247
35,30,80,0.53186136659057
35,30,82,0.503042205813215
35,30,84,0.476324287164706
35,30,86,0.451510375656442
35,30,88,0.428420749106834
35,30,90,0.40689136007843
35,30,92,0.386772071481064
35,30,94,0.367925023117171
35,30,96,0.350223175390132
35,30,98,0.333549066602869
35,30,100,0.317793811419063
35,30,102,0.302856359724505
35,30,104,0.28864302682761
35,30,106,0.275067297172288
35,30,108,0.262049894038145
35,30,110,0.24951909671724
35,30,112,0.237411274216846
35,30,114,0.225671590747104
35,30,116,0.214254823555458
35,30,118,0.203126218902584
35,30,120,0.19226229837785
35,30,122,0.181651516930801
35,30,124,0.171294667808715
35,30,126,0.161204929970185
35,30,128,0.15140746223695
35,30,130,0.141938466701222
35,30,132,0.132843672150476
35,30,134,0.124176225818333
35,30,136,0.115994026627249
35,30,138,0.108356581940926
35,30,140,0.101321518253893
35,30,142,0.0949409190941092
35,30,144,0.089257695558306
35,30,146,0.0843022119548099
35,30,148,0.0800893881492345
35,30,150,0.0766164806965453
35,30,152,0.0738617084254043
35,30,154,0.0717838388013416
35,30,156,0.0703227947361992
35,30,158,0.0694012837287599
35,30,160,0.0689273978958861
35,30,162,0.0687980884284593
35,30,164,0.0689033826493546
35,30,166,0.0691311849241822
35,30,168,0.0693724809157312
35,30,170,0.0695267439910583
35,30,172,0.0695073196342871
35,30,174,0.0692465374049212
35,30,176,0.0687002725663099
35,30,178,0.0678516568416535
35,30,180,0.0667136285396422
35,32,0,4.82413308903292
35,32,2,4.79560588963809
35,32,4,4.74486505116942
35,32,6,4.67281702697156
35,32,8,4.58072755123588
35,32,10,4.47018427630207
35,32,12,4.34304898627297
35,32,14,4.20140150862332
35,32,16,4.04747790441651
35,32,18,3.8836058092598
35,32,20,3.71213989223933
35,32,22,3.53540028902245
35,32,24,3.35561655960971
35,32,26,3.17487925254343
35,32,28,2.99510057343265
35,32,30,2.81798501370038
35,32,32,2.64501015474758
35,32,34,2.47741727711516
35,32,36,2.31621091621179
35,32,38,2.16216614317768
35,32,40,2.01584212263336
35,32,42,1.87760040452672
35,32,44,1.74762642910808
35,32,46,1.6259528382993
35,32,48,1.51248336571152
35,32,50,1.40701629373594
35,32,52,1.30926669494323
35,32,54,1.21888689682901
35,32,56,1.1354848097553
35,32,58,1.05863992935498
35,32,60,0.987916963121809
35,32,62,0.922877136603388
35,32,64,0.863087310327245
35,32,66,0.808127088583211
35,32,68,0.757594130293186
35,32,70,0.711107885173973
35,32,72,0.668311979493933
35,32,74,0.628875468493568
35,32,76,0.592493159794536
35,32,78,0.558885195989955
35,32,80,0.527796066652733
35,32,82,0.498993201342608
35,32,84,0.472265276642262
35,32,86,0.447420352388174
35,32,88,0.424283935498579
35,32,90,0.402697054425466
35,32,92,0.382514413438427
35,32,94,0.363602683735311
35,32,96,0.345838977691524
35,32,98,0.329109543199203
35,32,100,0.313308706673611
35,32,102,0.298338085467565
35,32,104,0.284106082602851
35,32,106,0.270527668330996
35,32,108,0.257524443532131
35,32,110,0.245024968913921
35,32,112,0.232965331142091
35,32,114,0.221289902468963
35,32,116,0.209952234550781
35,32,118,0.198916010822387
35,32,120,0.188155966356452
35,32,122,0.177658671330529
35,32,124,0.16742306613273
35,32,126,0.157460634949696
35,32,128,0.147795112428101
35,32,130,0.138461636197645
35,32,132,0.129505287310612
35,32,134,0.12097900037432
35,32,136,0.1129408732398
35,32,138,0.105450958956478
35,32,140,0.0985676753935336
35,32,142,0.0923440147309776
35,32,144,0.0868237701349831
35,32,146,0.0820380153910669
35,32,148,0.0780020718729631
35,32,150,0.0747131752596723
35,32,152,0.0721490139945837
35,32,154,0.0702672573703912
35,32,156,0.0690061299726961
35,32,158,0.0682860283327041
35,32,160,0.0680121215187015
35,32,162,0.0680778343325047
35,32,164,0.0683690809371046
35,32,166,0.068769095974468
35,32,168,0.0691636947590811
35,32,170,0.0694467780275815
35,32,172,0.0695258748803371
35,32,174,0.0693274876518417
35,32,176,0.0688019664189352
35,32,178,0.0679276053342265
35,32,180,0.0667136285396422
35,34,0,4.82413308903292
35,34,2,4.79492444144667
35,34,4,4.74334133883543
35,34,6,4.67031035255106
35,34,8,4.57712404424525
35,34,10,4.46540228035727
35,34,12,4.33704276132678
35,34,14,4.19416300870696
35,34,16,4.0390365364269
35,34,18,3.87402623324698
35,34,20,3.70151807141277
35,34,22,3.52385812264951
35,34,24,3.34329552149552
35,34,26,3.16193350402394
35,34,28,2.98169002067738
35,34,30,2.80426873820213
35,34,32,2.63114057151199
35,34,34,2.46353527872779
35,34,36,2.30244215532442
35,34,38,2.1486185030174
35,34,40,2.00260433472036
35,34,42,1.86474170160735
35,34,44,1.7351970726723
35,34,46,1.61398533409266
35,34,48,1.50099417498686
35,34,50,1.3960078585704
35,34,52,1.29872961794514
35,34,54,1.20880214414082
35,34,56,1.12582583715645
35,34,58,1.04937466112644
35,34,60,0.979009579843402
35,34,62,0.914289649912975
35,34,64,0.854780919429732
35,34,66,0.800063325150384
35,34,68,0.749735805953923
35,34,70,0.703419859882054
35,34,72,0.66076177055123
35,34,74,0.6214337197085
35,34,76,0.585133988845861
35,34,78,0.551586436061551
35,34,80,0.520539416167828
35,34,82,0.491764293385335
35,34,84,0.46505367754106
35,34,86,0.44021949701637
35,34,88,0.417091005158312
35,34,90,0.395512801750892
35,34,92,0.375342937621726
35,34,94,0.356451158599065
35,34,96,0.338717334772926
35,34,98,0.32203011214982
35,34,100,0.306285815978165
35,34,102,0.291387627784076
35,34,104,0.277245050914954
35,34,106,0.263773671506587
35,34,108,0.250895212646618
35,34,110,0.238537868580552
35,34,112,0.226636892771989
35,34,114,0.215135398467495
35,34,116,0.203985313515597
35,34,118,0.193148413421015
35,34,120,0.182597339374988
35,34,122,0.172316493183046
35,34,124,0.162302690892078
35,34,126,0.152565453956332
35,34,128,0.143126823303
35,34,130,0.134020599466882
35,34,132,0.125290941913266
35,34,134,0.116990302258145
35,34,136,0.109176717183553
35,34,138,0.101910543570822
35,34,140,0.0952507753601769
35,34,142,0.089251132536304
35,34,144,0.0839561509405572
35,34,146,0.0793975217263356
35,34,148,0.0755909275780611
35,34,150,0.0725335985125184
35,34,152,0.0702027656407675
35,34,154,0.068555132227573
35,34,156,0.0675274154868854
35,34,158,0.0670379483016428
35,34,160,0.0669892749668378
35,34,162,0.0672716339753364
35,34,164,0.0677671948278489
35,34,166,0.0683549017925676
35,34,168,0.0689157691033669
35,34,170,0.0693384613680624
35,34,172,0.0695249729166406
35,34,174,0.069396186724058
35,34,176,0.0688970488507129
35,34,178,0.0680010454227428
35,34,180,0.0667136285396421
35,36,0,4.82413308903292
35,36,2,4.79427896468105
35,36,4,4.74191512834301
35,36,6,4.66798334666575
35,36,8,4.57379761804185
35,36,10,4.46100432114663
35,36,12,4.33153122091906
35,36,14,4.18752769515368
35,36,16,4.03129905166492
35,36,18,3.86523811503405
35,36,20,3.69175734137975
35,36,22,3.51322456153618
35,36,24,3.33190507544572
35,36,26,3.14991226508217
35,36,28,2.96916821917593
35,36,30,2.79137513909117
35,36,32,2.61799758998107
35,36,34,2.45025503461883
35,36,36,2.28912358356735
35,36,38,2.13534554027349
35,36,40,1.98944511974511
35,36,42,1.85174866439173
35,36,44,1.72240774758201
35,36,46,1.60142371431929
35,36,48,1.48867242665203
35,36,50,1.38392822836982
35,36,52,1.28688639334661
35,36,54,1.19718355513395
35,36,56,1.11441581939111
35,36,58,1.03815442897329
35,36,60,0.967958982529839
35,36,62,0.903388303476191
35,36,64,0.844009121619583
35,36,66,0.789402770005477
35,36,68,0.739170120298784
35,36,70,0.69293498632983
35,36,72,0.650346221620636
35,36,74,0.611078726152211
35,36,76,0.574833562867277
35,36,78,0.541337367232035
35,36,80,0.510341214861346
35,36,82,0.481619093614353
35,36,84,0.45496610831258
35,36,86,0.430196528784179
35,36,88,0.407141775658785
35,36,90,0.385648423507043
35,36,92,0.365576287729006
35,36,94,0.346796650130557
35,36,96,0.329190668340656
35,36,98,0.312648005918771
35,36,100,0.297065712828359
35,36,102,0.282347379406194
35,36,104,0.268402580413969
35,36,106,0.255146618519554
35,36,108,0.242500567919419
35,36,110,0.230391608168988
35,36,112,0.218753625219905
35,36,114,0.207528041074801
35,36,116,0.196664815696036
35,36,118,0.18612354570755
35,36,120,0.175874565452798
35,36,122,0.165899939127674
35,36,124,0.156194220467846
35,36,126,0.146764851551958
35,36,128,0.137632077317117
35,36,130,0.128828269487787
35,36,132,0.120396583913719
35,36,134,0.11238891845659
35,36,136,0.104863192411286
35,36,138,0.0978800289191752
35,36,140,0.0914989831165746
35,36,142,0.0857745138865419
35,36,144,0.0807519388306628
35,36,146,0.0764636341679475
35,36,148,0.0729257395784507
35,36,150,0.0701356015934914
35,36,152,0.0680701407513444
35,36,154,0.066685263676464
35,36,156,0.0659163703568337
35,36,158,0.0656799389532299
35,36,160,0.0658761141048472
35,36,162,0.0663921854068441
35,36,164,0.067106821511174
35,36,166,0.0678949182157947
35,36,168,0.0686329179881875
35,36,170,0.0692044536523468
35,36,172,0.069506151334494
35,36,174,0.0694533919103134
35,36,176,0.0689857769805916
35,36,178,0.0680719828482261
35,36,180,0.0667136285396421
35,38,0,4.82413308903292
35,38,2,4.79367049597136
35,38,4,4.74058909228379
35,38,6,4.66584077387574
35,38,8,4.57075541034045
35,38,10,4.45700000109878
35,38,12,4.32652633774771
35,38,14,4.18150965283605
35,38,16,4.02428126518311
35,38,18,3.85725854811325
35,38,20,3.6828756166811
35,38,22,3.50351794671913
35,38,24,3.3214637240927
35,38,26,3.13883412389325
35,38,28,2.95755400184157
35,38,30,2.77932371821871
35,38,32,2.60560208109732
35,38,34,2.43759975274992
35,38,36,2.27628195574353
35,38,38,2.12237896761207
35,38,40,1.97640270885483
35,38,42,1.83866769462832
35,38,44,1.70931470965296
35,38,46,1.5883357454639
35,38,48,1.47559897460608
35,38,50,1.37087279591974
35,38,52,1.27384824257014
35,38,54,1.18415928091002
35,38,56,1.10140073178856
35,38,58,1.02514371109775
35,38,60,0.954948612777294
35,38,62,0.890375748288024
35,38,64,0.830993816842013
35,38,66,0.776386416384996
35,38,68,0.726156822308608
35,38,70,0.679931264313804
35,38,72,0.637360926006063
35,38,74,0.598122879943691
35,38,76,0.561920155354781
35,38,78,0.528481118234897
35,38,80,0.497558325154772
35,38,82,0.468926993609288
35,38,84,0.442383213674375
35,38,86,0.417742008531791
35,38,88,0.394835335421392
35,38,90,0.373510104070491
35,38,92,0.353626276836334
35,38,94,0.335055103782244
35,38,96,0.317677536658223
35,38,98,0.301382858081997
35,38,100,0.286067555755338
35,38,102,0.271634465776198
35,38,104,0.257992203352301
35,38,106,0.245054892727316
35,38,108,0.232742200117919
35,38,110,0.220979663227787
35,38,112,0.209699297945186
35,38,114,0.198840446960772
35,38,116,0.188350816531609
35,38,118,0.178187627303274
35,38,120,0.168318784458092
35,38,122,0.158723953595395
35,38,124,0.149395414319499
35,38,126,0.14033855648297
35,38,128,0.131571887347406
35,38,130,0.123126434028982
35,38,132,0.115044455910436
35,38,134,0.107377426089089
35,38,136,0.100183297288407
35,38,138,0.0935231317433333
35,38,140,0.0874572401652957
35,38,142,0.0820410344164193
35,38,144,0.0773208440204164
35,38,146,0.0733299710927158
35,38,148,0.0700852569944943
35,38,150,0.0675844058214582
35,38,152,0.0658042577028505
35,38,154,0.0647001357999333
35,38,156,0.0642063148146195
35,38,158,0.0642375868137004
35,38,160,0.0646918420701653
35,38,162,0.0654535446980156
35,38,164,0.0663979661552241
35,38,166,0.0673960394951541
35,38,168,0.0683197040075289
35,38,170,0.0690476115411808
35,38,172,0.0694710510556806
35,38,174,0.0694999098101078
35,38,176,0.069068428192565
35,38,178,0.0681404291167814
35,38,180,0.0667136285396421
35,40,0,4.82413308903292
35,40,2,4.79309997763306
35,40,4,4.73936561209856
35,40,6,4.6638868580299
35,40,8,4.56800376873013
35,40,10,4.45339793885099
35,40,12,4.32203902061016
35,40,14,4.17612199528652
35,40,16,4.0179983449439
35,40,18,3.85010459182236
35,40,20,3.6748917319056
35,40,22,3.49475888024851
35,40,24,3.31199399453165
35,40,26,3.12872390256172
35,40,28,2.94687510050255
35,40,30,2.76814599127501
35,40,32,2.59399047372024
35,40,34,2.42561213706011
35,40,36,2.26396780677841
35,40,38,2.1097788497341
35,40,40,1.96354847887712
35,40,42,1.82558328420037
35,40,44,1.69601732698813
35,40,46,1.57483733323458
35,40,48,1.46190777291273
35,40,50,1.35699488191974
35,40,52,1.25978894686708
35,40,54,1.16992441096541
35,40,56,1.08699756118377
35,40,58,1.01058171826921
35,40,60,0.940239972714017
35,40,62,0.875535595299043
35,40,64,0.816040306167851
35,40,66,0.761340617817575
35,40,68,0.71104248095119
35,40,70,0.664774463030793
35,40,72,0.622189681773818
35,40,74,0.582966702871754
35,40,76,0.546809595100562
35,40,78,0.513447318236649
35,40,80,0.482632600789774
35,40,82,0.454140446190603
35,40,84,0.427766388217721
35,40,86,0.403324599512178
35,40,88,0.380645941347223
35,40,90,0.359576028685582
35,40,92,0.339973372184699
35,40,94,0.321707648316081
35,40,96,0.304658140124935
35,40,98,0.288712384181162
35,40,100,0.27376505359122
35,40,102,0.259717102001985
35,40,104,0.246475188625568
35,40,106,0.233951398632472
35,40,108,0.222063265948256
35,40,110,0.210734095758471
35,40,112,0.19989357127752
35,40,114,0.189478613295063
35,40,116,0.179434441875534
35,40,118,0.169715768149221
35,40,120,0.160288021883687
35,40,122,0.151128499654726
35,40,124,0.142227301758859
35,40,126,0.133587916737678
35,40,128,0.12522731376917
35,40,130,0.117175418014796
35,40,132,0.109473874041104
35,40,134,0.102174047771561
35,40,136,0.0953342760592088
35,40,138,0.0890164405410995
35,40,140,0.0832820123684552
35,40,142,0.0781877785265867
35,40,144,0.0737815100632455
35,40,146,0.0700978598361797
35,40,148,0.067154777037422
35,40,150,0.0649506962398971
35,40,152,0.0634627031360506
35,40,154,0.0626458051144446
35,40,156,0.0624333533734785
35,40,158,0.0627385867814161
35,40,160,0.0634572072520863
35,40,162,0.0644708591694636
35,40,164,0.0656513725928831
35,40,166,0.0668656362199241
35,40,168,0.06798098032328
35,40,170,0.0688709579727178
35,40,172,0.0694214013164844
35,40,174,0.0695365897520609
35,40,176,0.0691452977553616
35,40,178,0.0682064010141211
35,40,180,0.066713628539642
35,42,0,4.82413308903293
35,42,2,4.79256825558136
35,42,4,4.73824677186421
35,42,6,4.66212527085979
35,42,8,4.56554823402044
35,42,10,4.4502057479298
35,42,12,4.31807908882333
35,42,14,4.1713768338384
35,42,16,4.01246477162316
35,42,18,3.84379321283849
35,42,20,3.66782534901908
35,42,22,3.48697007374326
35,42,24,3.30352219317118
35,42,26,3.11961227193743
35,42,28,2.93716756251551
35,42,30,2.75788463648209
35,42,32,2.58321355515373
35,42,34,2.41435275076099
35,42,36,2.25225328215114
35,42,38,2.09763080139058
35,42,40,1.95098341728408
35,42,42,1.8126136481641
35,42,44,1.68265278665458
35,42,46,1.56108621527004
35,42,48,1.44777847576618
35,42,50,1.34249717386657
35,42,52,1.24493506838809
35,42,54,1.15472993213165
35,42,56,1.07148197129917
35,42,58,0.994768747321626
35,42,60,0.924157661403329
35,42,62,0.85921614249426
35,42,64,0.799519730054503
35,42,66,0.744658270480251
35,42,68,0.694240456549158
35,42,70,0.647896937896355
35,42,72,0.605282221416915
35,42,74,0.566075566591901
35,42,76,0.529981064124768
35,42,78,0.496727068327987
35,42,80,0.466065135313861
35,42,82,0.437768600824601
35,42,84,0.411630913933698
35,42,86,0.387463826237394
35,42,88,0.365095520865053
35,42,90,0.344368751961206
35,42,92,0.325139053453753
35,42,94,0.307273066041675
35,42,96,0.290647023390225
35,42,98,0.275145432318244
35,42,100,0.260659976917745
35,42,102,0.247088672487028
35,42,104,0.234335291142894
35,42,106,0.222309076138959
35,42,108,0.210924755338471
35,42,110,0.200102855103669
35,42,112,0.189770303379019
35,42,114,0.179861294597358
35,42,116,0.170318369343177
35,42,118,0.161093639212053
35,42,120,0.152150063492621
35,42,122,0.143462661424118
35,42,124,0.135019524805598
35,42,126,0.126822484097429
35,42,128,0.118887280420772
35,42,130,0.111243109174739
35,42,132,0.103931430456196
35,42,134,0.097003987481342
35,42,136,0.0905200349080063
35,42,138,0.0845428499166596
35,42,140,0.0791356732383252
35,42,142,0.0743572962792061
35,42,144,0.0702575646294139
35,42,146,0.0668730989399945
35,42,148,0.0642235353571385
35,42,150,0.0623085574687079
35,42,152,0.0611059331477648
35,42,154,0.0605706909103703
35,42,156,0.0606354834639842
35,42,158,0.0612121046873253
35,42,160,0.0621940627575616
35,42,162,0.0634600746590206
35,42,164,0.0648783374304207
35,42,166,0.0663114433314609
35,42,168,0.0676218272202663
35,42,170,0.0686776487123192
35,42,172,0.0693590034834166
35,42,174,0.069564316795197
35,42,176,0.0692166963284978
35,42,178,0.0682699201004923
35,42,180,0.066713628539642
35,44,0,4.82413308903293
35,44,2,4.79207607756641
35,44,4,4.73723435294742
35,44,6,4.66055912164171
35,44,8,4.56339352385094
35,44,10,4.44743001309776
35,44,12,4.31465523898789
35,44,14,4.16728522999159
35,44,16,4.00769426754097
35,44,18,3.83834117550181
35,44,20,3.66169678585227
35,44,22,3.48017608204065
35,44,24,3.29607800045512
35,44,26,3.11153515149758
35,44,28,2.92847488802918
35,44,30,2.74859229028776
35,44,32,2.57333483654973
35,44,34,2.4038978549734
35,44,36,2.24122934800687
35,44,38,2.0860424646869
35,44,40,1.93883376272812
35,44,42,1.79990542764952
35,44,44,1.66938976473435
35,44,46,1.54727451102357
35,44,48,1.43342778967679
35,44,50,1.32762181431319
35,44,52,1.22955472075919
35,44,54,1.13887014104524
35,44,56,1.0551743306193
35,44,58,0.978050812265367
35,44,60,0.907072611554052
35,44,62,0.841812234142479
35,44,64,0.781849581551835
35,44,66,0.726778025996122
35,44,68,0.676208872590108
35,44,70,0.629774433951099
35,44,72,0.587129931776168
35,44,74,0.547954425274316
35,44,76,0.511950949304658
35,44,78,0.478846026985983
35,44,80,0.448388703217991
35,44,82,0.420349227542528
35,44,84,0.394517497489978
35,44,86,0.370701357357423
35,44,88,0.34872483257465
35,44,90,0.328426366717297
35,44,92,0.309657117042536
35,44,94,0.292279355266259
35,44,96,0.276165013143425
35,44,98,0.2611944070515
35,44,100,0.247255171813369
35,44,102,0.234241430836452
35,44,104,0.222053226516353
35,44,106,0.210596230847411
35,44,108,0.199781750324551
35,44,110,0.189527030571031
35,44,112,0.179755853910174
35,44,114,0.170399406861057
35,44,116,0.161397374312568
35,44,118,0.152699193603265
35,44,120,0.144265376372559
35,44,122,0.13606878115564
35,44,124,0.128095698356919
35,44,126,0.120346595119107
35,44,128,0.112836364571637
35,44,130,0.105593935506545
35,44,132,0.0986611271733362
35,44,134,0.0920906803309584
35,44,136,0.0859434582779349
35,44,138,0.0802848858665028
35,44,140,0.0751807733399783
35,44,142,0.0706927459426132
35,44,144,0.0668735594321037
35,44,146,0.0637626164040529
35,44,148,0.0613820018683713
35,44,150,0.0597333263087714
35,44,152,0.0587956034856971
35,44,154,0.0585243070451798
35,44,156,0.0588516574939771
35,44,158,0.059688104227088
35,44,160,0.0609248997876419
35,44,162,0.0624376246104875
35,44,164,0.0640905121999372
35,44,166,0.0657414407963233
35,44,168,0.067247484518802
35,44,170,0.0684709368012155
35,44,172,0.0692857139423977
35,44,174,0.0695840043926884
35,44,176,0.0692829473747192
35,44,178,0.0683310121891837
35,44,180,0.0667136285396419
35,46,0,4.82413308903293
35,46,2,4.79162409173509
35,46,4,4.73632982954361
35,46,6,4.65919094796306
35,46,8,4.56154351663334
35,46,10,4.44507626452213
35,46,12,4.31177500447881
35,46,14,4.16385713190044
35,46,16,4.00369969665197
35,46,18,3.83376488477622
35,46,20,3.65652677268463
35,46,22,3.47440293376282
35,46,24,3.28969392449501
35,46,26,3.10453292350565
35,46,28,2.92084693087933
35,46,30,2.74033005104658
35,46,32,2.56442856700631
35,46,34,2.39433683471435
35,46,36,2.23100252695208
35,46,38,2.07513945182454
35,46,40,1.92724605384476
35,46,42,1.78762774841607
35,46,44,1.65642140523835
35,46,46,1.53362054056871
35,46,48,1.41910006230359
35,46,50,1.31263970181301
35,46,52,1.21394553723252
35,46,54,1.12266924842359
35,46,56,1.03842493614373
35,46,58,0.960803485732987
35,46,60,0.889384562003591
35,46,62,0.823746392880712
35,46,64,0.763473541668891
35,46,66,0.708162888555854
35,46,68,0.657428047287973
35,46,70,0.610902437902017
35,46,72,0.568241224807473
35,46,74,0.529122314112029
35,46,76,0.493246586706097
35,46,78,0.460337525455842
35,46,80,0.430140376655897
35,46,82,0.402420968174019
35,46,84,0.376964289868248
35,46,86,0.353572926208023
35,46,88,0.332065416890274
35,46,90,0.312274608878665
35,46,92,0.294046052911441
35,46,94,0.277236489218399
35,46,96,0.261712460916208
35,46,98,0.247349089094685
35,46,100,0.234029040551873
35,46,102,0.221641716870556
35,46,104,0.210082691256619
35,46,106,0.199253416337774
35,46,108,0.189061220927882
35,46,110,0.179419605594745
35,46,112,0.170248834875647
35,46,114,0.161476807623996
35,46,116,0.15304016619169
35,46,118,0.144885580574897
35,46,120,0.136971116714011
35,46,122,0.129267571178867
35,46,124,0.121759630688846
35,46,126,0.114446698188007
35,46,128,0.107343221683746
35,46,130,0.100478371651136
35,46,132,0.0938949403873298
35,46,134,0.0876473833602833
35,46,136,0.0817989869142142
35,46,138,0.076418224285478
35,46,140,0.0715744453820213
35,46,142,0.0673331254203702
35,46,144,0.0637509623475598
35,46,146,0.0608711526400369
35,46,148,0.0587191818467484
35,46,150,0.0572994369727709
35,46,152,0.0565928851867478
35,46,154,0.0565559761548944
35,46,156,0.0571208272465457
35,46,158,0.0581966580278282
35,46,160,0.0596723679356055
35,46,162,0.0614201091773487
35,46,164,0.0632996984466433
35,46,166,0.0651637296719801
35,46,168,0.0668632812503417
35,46,170,0.0682541355530073
35,46,172,0.0692034263208882
35,46,174,0.0695965868032444
35,46,176,0.0693443845000482
35,46,178,0.0683897068119022
35,46,180,0.0667136285396417
35,48,0,4.82413308903293
35,48,2,4.79121284552393
35,48,4,4.7355343651198
35,48,6,4.65802270764057
35,48,8,4.56000123593812
35,48,10,4.44314895003122
35,48,12,4.30944470827478
35,48,14,4.16110129630961
35,48,16,4.00049293825408
35,48,18,3.83008018680016
35,48,20,3.65233614555879
35,48,22,3.46967767300881
35,48,24,3.2844046358466
35,48,26,3.09864949475094
35,48,28,2.91433861113337
35,48,30,2.73316575764277
35,48,32,2.55657748700716
35,48,34,2.38576933179705
35,48,36,2.22169131362977
35,48,38,2.06506094784161
35,48,40,1.91638182751083
35,48,42,1.77596592919111
35,48,44,1.64395796133497
35,48,46,1.52036033147369
35,48,48,1.40505759904726
35,48,50,1.2978395737017
35,48,52,1.19842248935883
35,48,54,1.10646791719683
35,48,56,1.02159926887907
35,48,58,0.943415884374588
35,48,60,0.871504800348432
35,48,62,0.805450361658455
35,48,64,0.744841877190333
35,48,66,0.689279539111735
35,48,68,0.638378827773453
35,48,70,0.59177361788415
35,48,72,0.549118188961838
35,48,74,0.510088327048189
35,48,76,0.474381687015453
35,48,78,0.441717566623546
35,48,80,0.411836225510104
35,48,82,0.384497864996627
35,48,84,0.35948136832904
35,48,86,0.336582886048597
35,48,88,0.315614337886032
35,48,90,0.296401891126408
35,48,92,0.278784465975728
35,48,94,0.26261231114247
35,48,96,0.247745687558767
35,48,98,0.234053694668851
35,48,100,0.221413271578142
35,48,102,0.20970840395906
35,48,104,0.198829566135837
35,48,106,0.188673425253549
35,48,108,0.179142829816992
35,48,110,0.17014709710714
35,48,112,0.16160260212424
35,48,114,0.153433654143887
35,48,116,0.145573625570153
35,48,118,0.13796627207604
35,48,120,0.130567154437435
35,48,122,0.123345043350916
35,48,124,0.116283162182097
35,48,126,0.109380103093534
35,48,128,0.102650243815782
35,48,130,0.0961234997225453
35,48,132,0.0898442721600664
35,48,134,0.0838695006543201
35,48,136,0.0782657925571945
35,48,138,0.0731056846177908
35,48,140,0.068463179357479
35,48,142,0.0644087847670471
35,48,144,0.0610043570514008
35,48,146,0.0582980916408961
35,48,148,0.0563200187930367
35,48,150,0.0550783328714815
35,48,152,0.0545568210730961
35,48,154,0.0547135668100969
35,48,156,0.0554809994352756
35,48,158,0.0567672626925795
35,48,160,0.0584587955641485
35,48,162,0.0604239726846127
35,48,164,0.0625176407638984
35,48,166,0.0645864063837553
35,48,168,0.0664745640539084
35,48,170,0.0680305807743523
35,48,172,0.0691140533144055
35,48,174,0.0696030113393516
35,48,176,0.0694013487435459
35,48,178,0.0684460366743979
35,48,180,0.0667136285396415
35,50,0,4.82413308903293
35,50,2,4.7908427848869
35,50,4,4.73484880978049
35,50,6,4.65705577184919
35,50,8,4.55876883547871
35,50,10,4.44165140582561
35,50,12,4.30766940994788
35,50,14,4.1590251976399
35,50,16,3.9980847376899
35,50,18,3.82730213291076
35,50,20,3.64914548627493
35,50,22,3.46602782812086
35,50,24,3.28024620783079
35,50,26,3.09393124170123
35,50,28,2.90900849004787
35,50,30,2.72717211272955
35,50,32,2.54987041419651
35,50,34,2.37830220573135
35,50,36,2.21342242432367
35,50,38,2.05595516605875
35,50,40,1.90641220317778
35,50,42,1.765115125876
35,50,44,1.63221944002605
35,50,46,1.50773921546905
35,50,48,1.39157117514267
35,50,50,1.28351740966999
35,50,52,1.18330617120892
35,50,54,1.09061042997122
35,50,56,1.00506406072398
35,50,58,0.926275664944472
35,50,60,0.853840131463318
35,50,62,0.787348101025676
35,50,64,0.726393535593859
35,50,66,0.670579608454108
35,50,68,0.619523132369936
35,50,70,0.572857735015975
35,50,72,0.530235977367066
35,50,74,0.491330594160987
35,50,76,0.455835017695214
35,50,78,0.423463328139279
35,50,80,0.393949755923892
35,50,82,0.367047845052731
35,50,84,0.342529370698393
35,50,86,0.320183090459021
35,50,88,0.29981339639976
35,50,90,0.281238924675252
35,50,92,0.264291171252888
35,50,94,0.248813156061197
35,50,96,0.234658173673426
35,50,98,0.221688666142857
35,50,100,0.209775252391543
35,50,102,0.198795947983041
35,50,104,0.188635608360072
35,50,106,0.179185626717287
35,50,108,0.170343913520362
35,50,110,0.162015177174265
35,50,112,0.154111513499533
35,50,114,0.146553294793318
35,50,116,0.139270327111224
35,50,118,0.132203217479123
35,50,120,0.125304862388446
35,50,122,0.118541937514955
35,50,124,0.111896239527927
35,50,126,0.105365708392393
35,50,128,0.098964947479662
35,50,130,0.0927250637562518
35,50,132,0.0866926750785189
35,50,134,0.0809279781155715
35,50,136,0.0755018378889249
35,50,138,0.0704919442465788
35,50,140,0.0659781741671585
35,50,142,0.0620373909879606
35,50,144,0.0587379900739897
35,50,146,0.0561345528639368
35,50,148,0.0542629879294208
35,50,150,0.0531365137769177
35,50,152,0.0527427752407386
35,50,154,0.0530422921387505
35,50,156,0.053968330084737
35,50,158,0.0554281770557411
35,50,160,0.0573057231315867
35,50,162,0.0594651876806059
35,50,164,0.061755822762531
35,50,166,0.0640174380382917
35,50,168,0.0660866257647781
35,50,170,0.0678035928970109
35,50,172,0.0690195083947616
35,50,174,0.0696042305438789
35,50,176,0.069454185839471
35,50,178,0.0685000371057772
35,50,180,0.0667136285396412
35,52,0,4.82413308903293
35,52,2,4.79051425386084
35,52,4,4.73427369857569
35,52,6,4.6562909195301
35,52,8,4.55784758488322
35,52,10,4.44058582610363
35,52,12,4.30645284781744
35,52,14,4.15763492624196
35,52,16,3.99648453780721
35,52,18,3.82544471372485
35,52,20,3.64697471992466
35,52,22,3.4634808245528
35,52,24,3.27725528793181
35,52,26,3.09042587588211
35,52,28,2.90491725871229
35,52,30,2.72242471984917
35,52,32,2.54439975256617
35,52,34,2.37204643955456
35,52,36,2.20632702757051
35,52,38,2.04797483754655
35,52,40,1.89751257325871
35,52,42,1.75527417457301
35,52,44,1.6214285604456
35,52,46,1.49600387643018
35,52,48,1.37891116004809
35,52,50,1.26996663184767
35,52,52,1.16891208704045
35,52,54,1.07543308862851
35,52,56,0.989174842524797
35,52,58,0.909755769076961
35,52,60,0.836778878407445
35,52,62,0.769841115944862
35,52,64,0.708540876911202
35,52,66,0.652483901392879
35,52,68,0.60128776100352
35,52,70,0.55458513884462
35,52,72,0.512026090059392
35,52,74,0.473279453258188
35,52,76,0.438033565129571
35,52,78,0.405996412691418
35,52,80,0.376895340532632
35,52,82,0.350476414460424
35,52,84,0.326503528483227
35,52,86,0.304757329240531
35,52,88,0.285034021012066
35,52,90,0.26714410543076
35,52,92,0.250911103056471
35,52,94,0.236170299022605
35,52,96,0.222767551909387
35,52,98,0.210558203543108
35,52,100,0.199406127117059
35,52,102,0.189182951238693
35,52,104,0.179767497404116
35,52,106,0.171045466994543
35,52,108,0.162909410071466
35,52,110,0.155259000877078
35,52,112,0.148001632977918
35,52,114,0.141053329642675
35,52,116,0.134339942013034
35,52,118,0.127798579303255
35,52,120,0.121379182957799
35,52,122,0.115046122784496
35,52,124,0.108779661050828
35,52,126,0.102577104844845
35,52,128,0.0964534527348485
35,52,130,0.0904413439893952
35,52,132,0.0845901415804126
35,52,134,0.0789640263093586
35,52,136,0.0736390483104567
35,52,138,0.0686991700228726
35,52,140,0.0642314338396558
35,52,142,0.0603204870484194
35,52,144,0.0570427832856508
35,52,146,0.0544608403277063
35,52,148,0.0526179577969685
35,52,150,0.0515337792952292
35,52,152,0.0512010223858797
35,52,154,0.0515836050182056
35,52,156,0.0526162832837511
35,52,158,0.0542058016311856
35,52,160,0.0562334616404213
35,52,162,0.0585589534500292
35,52,164,0.0610252707909968
35,52,166,0.0634645415282537
35,52,168,0.0657046356427397
35,52,170,0.0675764397026774
35,52,172,0.0689216876771454
35,52,174,0.0696011943871237
35,52,176,0.0695032434747694
35,52,178,0.0685517455049816
35,52,180,0.0667136285396409
35,54,0,4.82413308903292
35,54,2,4.79022749447015
35,54,4,4.73380925076996
35,54,6,4.65572833315584
35,54,8,4.55723785647791
35,54,10,4.43995323214059
35,54,12,4.30579737742525
35,54,14,4.15693507808717
35,54,16,3.9957002953081
35,54,18,3.82452057032302
35,54,20,3.64584268133238
35,54,22,3.46206335929811
35,54,24,3.27546822594553
35,54,26,3.08818126581781
35,54,28,2.90212619009101
35,54,30,2.71900010043783
35,54,32,2.54025901038696
35,54,34,2.3671140983378
35,54,36,2.20053708900229
35,54,38,2.04127289629881
35,54,40,1.8898575925756
35,54,42,1.7466398604541
35,54,44,1.61180428930251
35,54,46,1.48539515193252
35,54,48,1.3673395970596
35,54,50,1.25746948656185
35,54,52,1.15554137092253
35,54,54,1.06125431849359
35,54,56,0.974265489579511
35,54,58,0.894203476056352
35,54,60,0.820679516400628
35,54,62,0.753296751643615
35,54,64,0.691657717412605
35,54,66,0.635370277903969
35,54,68,0.584052205350542
35,54,70,0.537334598049036
35,54,72,0.494864314834429
35,54,74,0.456305586502135
35,54,76,0.421340946724624
35,54,78,0.389671607518841
35,54,80,0.361017387917768
35,54,82,0.335116289555128
35,54,84,0.31172379961354
35,54,86,0.290611990161626
35,54,88,0.271568473414479
35,54,90,0.254395264952143
35,54,92,0.238907601425832
35,54,94,0.224932755700288
35,54,96,0.21230889054933
35,54,98,0.200883991636898
35,54,100,0.190514921117103
35,54,102,0.181066634136796
35,54,104,0.172411601001018
35,54,106,0.164429476770572
35,54,108,0.157007056475769
35,54,110,0.150038546772511
35,54,112,0.143426172630801
35,54,114,0.137081119672883
35,54,116,0.130924788673535
35,54,118,0.124890308810408
35,54,120,0.118924221762614
35,54,122,0.112988212082124
35,54,124,0.107060723980406
35,54,126,0.101138275440429
35,54,128,0.095236262773558
35,54,130,0.0893890478983184
35,54,132,0.0836491414745064
35,54,134,0.0780853405366483
35,54,136,0.0727797495451166
35,54,138,0.0678237052412126
35,54,140,0.0633127307462295
35,54,142,0.0593407516933564
35,54,144,0.0559939030610589
35,54,146,0.0533443255795009
35,54,148,0.0514443830511765
35,54,150,0.0503217194380856
35,54,152,0.0499755168568726
35,54,154,0.0503742203171073
35,54,156,0.0514548768982997
35,54,158,0.0531241154151425
35,54,160,0.0552606873161356
35,54,162,0.0577194162703811
35,54,164,0.0603363699189894
35,54,166,0.0629350690392836
35,54,168,0.0653335726266014
35,54,170,0.0673523003001478
35,54,172,0.0688224522169403
35,54,174,0.0695948425751981
35,54,176,0.0695488685647511
35,54,178,0.0686012007879128
35,54,180,0.0667136285396404
35,56,0,4.82413308903292
35,56,2,4.78998264697149
35,56,4,4.733455370091
35,56,6,4.65536759593777
35,56,8,4.55693911333513
35,56,10,4.43975344142849
35,56,12,4.30570390761088
35,56,14,4.15692863834844
35,56,16,3.99573828634863
35,56,18,3.82454068981428
35,56,20,3.64576666189247
35,56,22,3.46180075415674
35,56,24,3.2749201837779
35,56,26,3.08724425008008
35,56,28,2.90069560079991
35,56,30,2.71697375101485
35,56,32,2.5375404032643
35,56,34,2.36361543480415
35,56,36,2.19618194467476
35,56,38,2.03599849568195
35,56,40,1.88361662493167
35,56,42,1.73940179386625
35,56,44,1.60355615865582
35,56,46,1.47614181742998
35,56,48,1.35710349070823
35,56,50,1.2462898830246
35,56,52,1.1434732349689
35,56,54,1.04836679328468
35,56,56,0.960640097971272
35,56,58,0.879932111143938
35,56,60,0.805862298035992
35,56,62,0.738039823128904
35,56,64,0.67607105152524
35,56,66,0.619565554349802
35,56,68,0.568140813141265
35,56,70,0.521425806601982
35,56,72,0.479063647221542
35,56,74,0.440713417645125
35,56,76,0.406051338851189
35,56,78,0.3747713852497
35,56,80,0.346585446303521
35,56,82,0.321223120532902
35,56,84,0.29843121594546
35,56,86,0.277973021110042
35,56,88,0.259627403277181
35,56,90,0.24318778411734
35,56,92,0.228461039733365
35,56,94,0.215266369479325
35,56,96,0.203434177574466
35,56,98,0.192805012216769
35,56,100,0.183228608411256
35,56,102,0.174563082400999
35,56,104,0.166674326606667
35,56,106,0.159435653345498
35,56,108,0.152727732167792
35,56,110,0.146438858199772
35,56,112,0.140465576247336
35,56,114,0.134713666654357
35,56,116,0.129099473533937
35,56,118,0.123551524227016
35,56,120,0.118012351888914
35,56,122,0.11244039334397
35,56,124,0.10681179544731
35,56,126,0.101121930012841
35,56,128,0.0953863956311433
35,56,130,0.0896412803719075
35,56,132,0.0839424777429147
35,56,134,0.0783638929017176
35,56,136,0.0729944476309663
35,56,138,0.0679338878019884
35,56,140,0.063287508468685
35,56,142,0.0591600278221204
35,56,144,0.0556489475871329
35,56,146,0.0528378188220953
35,56,148,0.0507898751251212
35,56,150,0.0495424913084212
35,56,152,0.0491028731068005
35,56,154,0.0494452891082962
35,56,156,0.0505100341921231
35,56,158,0.0522041839140548
35,56,160,0.0544040822431625
35,56,162,0.0569594179041693
35,56,164,0.059698696273096
35,56,166,0.0624359023596341
35,56,168,0.0649781629070065
35,56,170,0.0671342309772398
35,56,172,0.068723610995159
35,56,174,0.0695860970577919
35,56,176,0.0695914045694153
35,56,178,0.0686484428386714
35,56,180,0.0667136285396399
35,58,0,4.82413308903293
35,58,2,4.78977975043794
35,58,4,4.73321164597563
35,58,6,4.65520769056765
35,58,8,4.55694989886264
35,58,10,4.43998503753636
35,58,12,4.30617183555527
35,58,14,4.15761686144017
35,58,16,3.99660290585647
35,58,18,3.82551409256815
35,58,20,3.64676194805311
35,58,22,3.4627163043939
35,58,24,3.27564425022677
35,58,26,3.08765947309524
35,58,28,2.90068336408775
35,58,30,2.71641829321371
35,58,32,2.53633260729195
35,58,34,2.36165622014968
35,58,36,2.19338519448842
35,58,38,2.03229346121901
35,58,40,1.87894976475716
35,58,42,1.73373802342677
35,58,44,1.5968795059638
35,58,46,1.46845550103531
35,58,48,1.34842945527857
35,58,50,1.23666784445669
35,58,52,1.13295930016773
35,58,54,1.03703172916456
35,58,56,0.948567329809233
35,58,58,0.867215532371964
35,58,60,0.792603972273865
35,58,62,0.724347655186461
35,58,64,0.662056497709622
35,58,66,0.605341434157181
35,58,68,0.553819274734693
35,58,70,0.507116487809331
35,58,72,0.464872062561003
35,58,74,0.426739590533346
35,58,76,0.392388687099407
35,58,78,0.36150585761595
35,58,80,0.333794898614977
35,58,82,0.308976912031973
35,58,84,0.286790000279151
35,58,86,0.266988701917506
35,58,88,0.249343221687593
35,58,90,0.233638504616387
35,58,92,0.219673201687983
35,58,94,0.207258573970485
35,58,96,0.196217382888162
35,58,98,0.186382816180837
35,58,100,0.177597501536571
35,58,102,0.169712662291953
35,58,104,0.16258747115326
35,58,106,0.156088657596975
35,58,108,0.1500904212901
35,58,110,0.144474696263412
35,58,112,0.139131797434658
35,58,114,0.13396146138121
35,58,116,0.128874266415153
35,58,118,0.123793383152196
35,58,120,0.118656567028817
35,58,122,0.113418260995616
35,58,124,0.108051633659335
35,58,126,0.102550340537861
35,58,128,0.096929769904991
35,58,130,0.0912275263816538
35,58,132,0.0855029208698859
35,58,134,0.0798352788085347
35,58,136,0.0743209513063334
35,58,138,0.0690690127478221
35,58,140,0.0641957466722862
35,58,142,0.059818147389914
35,58,144,0.0560467829064044
35,58,146,0.0529784589977051
35,58,148,0.0506891799389609
35,58,150,0.049227908197792
35,58,152,0.0486115802112155
35,58,154,0.0488217435721947
35,58,156,0.0498030561710298
35,58,158,0.0514637496141776
35,58,160,0.053678029052055
35,58,162,0.0562902778635676
35,58,164,0.0591208692864255
35,58,166,0.0619733581235954
35,58,168,0.064642822984504
35,58,170,0.0669251334987653
35,58,172,0.068626904833981
35,58,174,0.069575854818874
35,58,176,0.0696311888721721
35,58,178,0.0686935119683244
35,58,180,0.0667136285396392
35,60,0,4.82413308903293
35,60,2,4.78961874368126
35,60,4,4.73307735582958
35,60,6,4.6552469995892
35,60,8,4.55726782822957
35,60,10,4.44064534139035
35,60,12,4.30719898221728
35,60,14,4.15899915013722
35,60,16,3.99829646501955
35,60,18,3.8274475182103
35,60,20,3.64884136214514
35,60,22,3.46483063815219
35,60,24,3.27767058185854
35,60,26,3.08946827159011
35,60,28,2.90214350951168
35,60,30,2.71740176029962
35,60,32,2.53671871424968
35,60,34,2.3613353599639
35,60,36,2.19226198262456
35,60,38,2.03028925210448
35,60,40,1.87600450948639
35,60,42,1.72981146214553
35,60,44,1.5919517092798
35,60,46,1.46252679443554
35,60,48,1.34151977787953
35,60,50,1.228815607689
35,60,52,1.12421982273293
35,60,54,1.02747533163486
35,60,56,0.938277175656974
35,60,58,0.85628530227881
35,60,60,0.781135455645391
35,60,62,0.712448337300088
35,60,64,0.649837213278359
35,60,66,0.592914148724673
35,60,68,0.541295044654859
35,60,70,0.494603638039115
35,60,72,0.45247460954962
35,60,74,0.414555925574138
35,60,76,0.380510524062864
35,60,78,0.350017438421029
35,60,80,0.322772440488913
35,60,82,0.298488272855686
35,60,84,0.276894532329959
35,60,86,0.257737260224194
35,60,88,0.24077829103363
35,60,90,0.225794408911818
35,60,92,0.212576360859642
35,60,94,0.200927776527612
35,60,96,0.19066404671376
35,60,98,0.181611215675794
35,60,100,0.173604945802638
35,60,102,0.166489616384385
35,60,104,0.160117620366929
35,60,106,0.15434892305915
35,60,108,0.149050943572283
35,60,110,0.14409881198793
35,60,112,0.139376041549754
35,60,114,0.134775634419335
35,60,116,0.130201611030935
35,60,118,0.125570916857973
35,60,120,0.120815617542227
35,60,122,0.115885246223667
35,60,124,0.110749119405099
35,60,126,0.105398395094421
35,60,128,0.0998476157333632
35,60,130,0.0941354655097448
35,60,132,0.0883244835932296
35,60,134,0.0824995165228175
35,60,136,0.0767647663464264
35,60,138,0.071239393991246
35,60,140,0.0660517627209582
35,60,142,0.0613325426148017
35,60,144,0.0572070282049146
35,60,146,0.0537871303935629
35,60,148,0.0511635742700753
35,60,150,0.0493988544200941
35,60,152,0.0485214637769718
35,60,154,0.0485218247759393
35,60,156,0.0493502250382786
35,60,158,0.0509169132148216
35,60,160,0.0530943659370987
35,60,162,0.0557216139011261
35,60,164,0.0586104268150175
35,60,166,0.0615531058015329
35,60,168,0.0643316092284395
35,60,170,0.0667277263583797
35,60,172,0.0685339914616084
35,60,174,0.0695649810279509
35,60,176,0.0696685502417134
35,60,178,0.0687364483845492
35,60,180,0.0667136285396384
35,62,0,4.82413308903292
35,62,2,4.78949946650953
35,62,4,4.73305146831634
35,62,6,4.65548330749858
35,62,8,4.55788958193693
35,62,10,4.44173038469727
35,62,12,4.30878152961327
35,62,14,4.16107293638237
35,62,16,4.00081899127676
35,62,18,3.83034511711042
35,62,20,3.65201481543532
35,62,22,3.46816110041092
35,62,24,3.28102558837404
35,62,26,3.0927076351701
35,62,28,2.9051249380935
35,62,30,2.71998605402387
35,62,32,2.53877442699411
35,62,34,2.36274283630269
35,62,36,2.19291670685597
35,62,38,2.0301044712684
35,62,40,1.87491311682368
35,62,42,1.7277671506878
35,62,44,1.58892942655098
35,62,46,1.45852254795797
35,62,48,1.33654985677724
35,62,50,1.22291529781503
35,62,52,1.11744170125835
35,62,54,1.01988723195308
35,62,56,0.929959914957021
35,62,58,0.847330262509517
35,62,60,0.771642104178474
35,62,62,0.702521766787017
35,62,64,0.639585771385098
35,62,66,0.582447218034064
35,62,68,0.530721021476389
35,62,70,0.484028146603328
35,62,72,0.441998975544827
35,62,74,0.404275920663756
35,62,76,0.370515381345894
35,62,78,0.340389128172997
35,62,80,0.313585186295966
35,62,82,0.289808280704004
35,62,84,0.268779899521592
35,62,86,0.250238027252316
35,62,88,0.233936597771549
35,62,90,0.219644716583249
35,62,92,0.207145703138398
35,62,94,0.19623600660155
35,62,96,0.18672405206026
35,62,98,0.178429078448869
35,62,100,0.171180033941696
35,62,102,0.164814598639512
35,62,104,0.159178407204653
35,62,106,0.154124544649798
35,62,108,0.149513385499834
35,62,110,0.145212838625523
35,62,112,0.141099045768604
35,62,114,0.137057559887496
35,62,116,0.132984999129604
35,62,118,0.128791133405708
35,62,120,0.124401314210799
35,62,122,0.119759106893748
35,62,124,0.114828931990671
35,62,126,0.109598474045697
35,62,128,0.104080579387194
35,62,130,0.0983143461255973
35,62,132,0.0923651174154974
35,62,134,0.0863231284480741
35,62,136,0.0803006314251442
35,62,138,0.0744274293916872
35,62,140,0.068844882660605
35,62,142,0.0636985988557753
35,62,144,0.0591301632436384
35,62,146,0.0552683916173851
35,62,148,0.0522206756813122
35,62,150,0.0500650266359437
35,62,152,0.0488433993553344
35,62,154,0.0485567989508925
35,62,156,0.0491625446200843
35,62,158,0.0505739109334861
35,62,160,0.0526622063599542
35,62,162,0.0552612040111246
35,62,164,0.0581737254042377
35,62,166,0.0611800998928922
35,62,168,0.0640481747794427
35,62,170,0.0665445194182208
35,62,172,0.0684464319191461
35,62,174,0.069554302622223
35,62,176,0.0697038063965062
35,62,178,0.0687772916754018
35,62,180,0.0667136285396375
35,64,0,4.82413308903293
35,64,2,4.78942166131637
35,64,4,4.73313264768808
35,64,6,4.65591380467299
35,64,8,4.55881090184754
35,64,10,4.44323488624549
35,64,12,4.31091396138453
35,64,14,4.16383356632508
35,64,16,4.00416803492383
35,64,18,3.83420815357712
35,64,20,3.65628888225556
35,64,22,3.47272117344437
35,64,24,3.28573117780769
35,64,26,3.0974092597755
35,64,28,2.90967027471054
35,64,30,2.72422559566159
35,64,32,2.54256651944016
35,64,34,2.36595799860622
35,64,36,2.19544117468709
35,64,38,2.03184293336217
35,64,40,1.8757906430308
35,64,42,1.7277303352259
35,64,44,1.58794679161563
35,64,46,1.45658427073298
35,64,48,1.33366689698913
35,64,50,1.21911801330892
35,64,52,1.11277804571998
35,64,54,1.01442063203627
35,64,56,0.923766923936233
35,64,58,0.840498084458037
35,64,60,0.764266076911496
35,64,62,0.694702883775551
35,64,64,0.631428312940669
35,64,66,0.574056550709124
35,64,68,0.522201612267755
35,64,70,0.47548182564863
35,64,72,0.433523468033802
35,64,74,0.395963656107409
35,64,76,0.362452576588465
35,64,78,0.332655129977533
35,64,80,0.306252050299763
35,64,82,0.282940556260375
35,64,84,0.262434584567233
35,64,86,0.244464653927159
35,64,88,0.228777408056371
35,64,90,0.215134887633798
35,64,92,0.203313584164497
35,64,94,0.193103332921682
35,64,96,0.184306107202703
35,64,98,0.176734781715888
35,64,100,0.170211938552008
35,64,102,0.164568794260979
35,64,104,0.159644330210553
35,64,106,0.155284709565021
35,64,108,0.151343061569314
35,64,110,0.147679705863314
35,64,112,0.144162874740425
35,64,114,0.140669968213753
35,64,116,0.137089344501094
35,64,118,0.133322606888439
35,64,120,0.12928729780823
35,64,122,0.12491985475878
35,64,124,0.120178624466744
35,64,126,0.11504667724542
35,64,128,0.109534120082319
35,64,130,0.103679582707181
35,64,132,0.0975505537175642
35,64,134,0.0912422802953402
35,64,136,0.0848750187223358
35,64,138,0.078589533046413
35,64,140,0.0725408797702615
35,64,142,0.0668906756493327
35,64,144,0.0617982070777646
35,64,146,0.0574108836552223
35,64,148,0.0538546458322135
35,64,150,0.0512249908346167
35,64,152,0.0495792727970861
35,64,154,0.0489308615824115
35,64,156,0.0492456191792564
35,64,158,0.0504409901777268
35,64,160,0.0523878258349483
35,64,162,0.0549148920131537
35,64,164,0.0578158672811306
35,64,166,0.0608585273954557
35,64,168,0.0637957344493962
35,64,170,0.0663777922880331
35,64,172,0.0683656784721833
35,64,174,0.0695446023815678
35,64,176,0.0697372616898759
35,64,178,0.0688160803103352
35,64,180,0.0667136285396365
35,66,0,4.82413308903293
35,66,2,4.78938497499689
35,66,4,4.73331925916949
35,66,6,4.65653509322566
35,66,8,4.5600265899913
35,66,10,4.44515223181379
35,66,12,4.31358900806568
35,66,14,4.16727419201885
35,66,16,4.00833848615254
35,66,18,3.83903472634627
35,66,20,3.66166640288096
35,66,22,3.47851994371175
35,66,24,3.29180407368261
35,66,26,3.10359870790234
35,66,28,2.91581487247656
35,66,30,2.73016618538761
35,66,32,2.54815157254858
35,66,34,2.37104820925945
35,66,36,2.19991320283911
35,66,38,2.03559227343671
35,66,40,1.87873362601637
35,66,42,1.72980529869975
35,66,44,1.58911447415211
35,66,46,1.45682750452327
35,66,48,1.33298968556205
35,66,50,1.21754409026928
35,66,52,1.11034901567968
35,66,54,1.01119379666965
35,66,56,0.919812894621196
35,66,58,0.835898278570805
35,66,60,0.759110187864051
35,66,62,0.68908640570267
35,66,64,0.62545018998062
35,66,66,0.567817008537023
35,66,68,0.515800216416184
35,66,70,0.469015797678639
35,66,72,0.427086277285422
35,66,74,0.389643892018713
35,66,76,0.356333094835948
35,66,78,0.326812455303489
35,66,80,0.300756010123225
35,66,82,0.277854112202397
35,66,84,0.257813823961348
35,66,86,0.240358900259152
35,66,88,0.225229408049573
35,66,90,0.21218103328747
35,66,92,0.200984130357463
35,66,94,0.191422575093956
35,66,96,0.183292489008341
35,66,98,0.176400909289891
35,66,100,0.170564486044882
35,66,102,0.165608294449249
35,66,104,0.161364854144676
35,66,106,0.157673450167737
35,66,108,0.154379847563547
35,66,110,0.151336483991005
35,66,112,0.148403209393178
35,66,114,0.145448617636045
35,66,116,0.142351980789904
35,66,118,0.139005752101382
35,66,120,0.135318549513182
35,66,122,0.131218470204996
35,66,124,0.126656522225795
35,66,126,0.121609897908094
35,66,128,0.116084763084696
35,66,130,0.110118204897835
35,66,132,0.103778977971572
35,66,134,0.0971667213657983
35,66,136,0.0904093916109108
35,66,138,0.0836587703825188
35,66,140,0.0770840535795959
35,66,142,0.0708637002707172
35,66,144,0.0651758983164415
35,66,146,0.060188167976633
35,66,148,0.0560467541988768
35,66,150,0.0528665340114209
35,66,152,0.0507221751970379
35,66,154,0.0496412228169036
35,66,156,0.0495996678489887
35,66,158,0.0505203829753081
35,66,160,0.0522746162640778
35,66,162,0.0546865375733206
35,66,164,0.0575406549266313
35,66,166,0.060591771226251
35,66,168,0.0635770380733155
35,66,170,0.0662295767072559
35,66,172,0.0682930641569927
35,66,174,0.0695366135489318
35,66,176,0.0697692049319188
35,66,178,0.068852851161455
35,66,180,0.0667136285396354
35,68,0,4.82413308903293
35,68,2,4.78938896118405
35,68,4,4.73360937540219
35,68,6,4.65734319488198
35,68,8,4.56153051045689
35,68,10,4.44747445840256
35,68,12,4.31679759840989
35,68,14,4.17138567204797
35,68,16,4.01332240598315
35,68,18,3.84481951123887
35,68,20,3.66814612155805
35,68,22,3.48556162301392
35,68,24,3.29925521300062
35,68,26,3.11129468472368
35,68,28,2.92358597722244
35,68,30,2.73784407520563
35,68,32,2.55557498611583
35,68,34,2.37806783494302
35,68,36,2.20639563862439
35,68,38,2.04142305758319
35,68,40,1.88381935188415
35,68,42,1.73407485560036
35,68,44,1.59251947874799
35,68,46,1.45934200471888
35,68,48,1.33460923150194
35,68,50,1.21828427543438
35,68,52,1.11024359552662
35,68,54,1.01029249310496
35,68,56,0.918178992140158
35,68,58,0.83360611243425
35,68,60,0.75624261659814
35,68,62,0.685732349908561
35,68,64,0.621702307410863
35,68,66,0.563769562154165
35,68,68,0.511547178236431
35,68,70,0.464649217154159
35,68,72,0.422694929296955
35,68,74,0.385312206686682
35,68,76,0.352140359693713
35,68,78,0.322832270208936
35,68,80,0.297055966825676
35,68,82,0.274495663856705
35,68,84,0.254852305139781
35,68,86,0.237843655141498
35,68,88,0.223203983415754
35,68,90,0.210683393611972
35,68,92,0.200046854619948
35,68,94,0.191072998790148
35,68,96,0.183552760196759
35,68,98,0.177287934283487
35,68,100,0.172089748496024
35,68,102,0.16777754101278
35,68,104,0.164177650529832
35,68,106,0.161122623030308
35,68,108,0.158450840067549
35,68,110,0.156006665572336
35,68,112,0.153641192711376
35,68,114,0.151213647148201
35,68,116,0.148593466883594
35,68,118,0.145663031178115
35,68,120,0.142320952602477
35,68,122,0.138485779362311
35,68,124,0.134099883965413
35,68,126,0.129133245334612
35,68,128,0.12358677274518
35,68,130,0.117494780862993
35,68,132,0.11092621530369
35,68,134,0.103984255992543
35,68,136,0.0968039968352029
35,68,138,0.0895480159901465
35,68,140,0.0823998067340729
35,68,142,0.0755552234680309
35,68,144,0.069212293742043
35,68,146,0.0635599338132323
35,68,148,0.0587662591373714
35,68,150,0.0549672812566907
35,68,152,0.0522568134390471
35,68,154,0.0506783625812855
35,68,156,0.0502196681291915
35,68,158,0.0508103738570517
35,68,160,0.052323106456837
35,68,162,0.054578010337249
35,68,164,0.0573505733665442
35,68,166,0.0603823898684671
35,68,168,0.0633943525631825
35,68,170,0.0661016431017078
35,68,172,0.0682297940566176
35,68,174,0.0695310150386522
35,68,176,0.0697999073625926
35,68,178,0.0688876390478305
35,68,180,0.0667136285396343
35,70,0,4.82413308903293
35,70,2,4.78943308279829
35,70,4,4.73400078395445
35,70,6,4.65833356096626
35,70,8,4.56331559467097
35,70,10,4.45019224347386
35,70,12,4.3205288180492
35,70,14,4.17615648316467
35,70,16,4.01910887414849
35,70,18,3.85155353010499
35,70,20,3.67572236477644
35,70,22,3.49384512966202
35,70,24,3.30808923081321
35,70,26,3.12050843479628
35,70,28,2.93300205415146
35,70,30,2.74728525279831
35,70,32,2.56487025633746
35,70,34,2.38705756304888
35,70,36,2.21493576788476
35,70,38,2.04938834114468
35,70,40,1.89110562652253
35,70,42,1.74060040248406
35,70,44,1.59822554032112
35,70,46,1.46419254506204
35,70,48,1.33859004065889
35,70,50,1.22140152672278
35,70,52,1.11252196918612
35,70,54,1.0117729801018
35,70,56,0.918916488850665
35,70,58,0.833666910611475
35,70,60,0.755701883900652
35,70,62,0.68467168483556
35,70,64,0.620207439313627
35,70,66,0.561928252694644
35,70,68,0.509447365861849
35,70,70,0.462377431445346
35,70,72,0.42033498796007
35,70,74,0.382944194940541
35,70,76,0.349839880206091
35,70,78,0.320669941799448
35,70,80,0.295097142025007
35,70,82,0.272800329149886
35,70,84,0.253475123312852
35,70,86,0.236834106536306
35,70,88,0.222606561990561
35,70,90,0.210537814415219
35,70,92,0.200388231532159
35,70,94,0.191931955119451
35,70,96,0.18495543989875
35,70,98,0.179255888210023
35,70,100,0.174639678161802
35,70,102,0.17092089189034
35,70,104,0.167920057785271
35,70,106,0.165463224756224
35,70,108,0.163381486201776
35,70,110,0.16151106440241
35,70,112,0.159694050561898
35,70,114,0.157779869732635
35,70,116,0.155627501865206
35,70,118,0.153108439527597
35,70,120,0.150110300021079
35,70,122,0.146540936959854
35,70,124,0.142332818211624
35,70,126,0.137447359944796
35,70,128,0.131878838963859
35,70,130,0.125657457589308
35,70,132,0.118851117577823
35,70,134,0.11156548154366
35,70,136,0.103941968891815
35,70,138,0.0961534507636767
35,70,140,0.0883975712658948
35,70,142,0.0808878197855726
35,70,144,0.0738426943140595
35,70,146,0.0674735060316805
35,70,148,0.0619715560742394
35,70,150,0.0574955426707359
35,70,152,0.0541601120515491
35,70,154,0.05202643954412
35,70,156,0.0510956186044093
35,70,158,0.0513054564745948
35,70,160,0.0525310457850255
35,70,162,0.0545892267368035
35,70,164,0.0572467996325419
35,70,166,0.0602321131256437
35,70,168,0.0632494527099483
35,70,170,0.0659954913934196
35,70,172,0.0681769383664396
35,70,174,0.0695284272646972
35,70,176,0.0698296207883019
35,70,178,0.0689204763055041
35,70,180,0.0667136285396331
35,72,0,4.82413308903293
35,72,2,4.78951671490166
35,72,4,4.7344909958969
35,72,6,4.65950108458135
35,72,8,4.56537385035041
35,72,10,4.45329489984812
35,72,12,4.32476987667259
35,72,14,4.18157264480343
35,72,16,4.02568385655867
35,72,18,3.85922394939279
35,72,20,3.68438476358266
35,72,22,3.50336373339992
35,72,24,3.31830403420693
35,72,26,3.13124326003201
35,72,28,2.9440722735079
35,72,30,2.75850492713702
35,72,32,2.57605850134306
35,72,34,2.39804401360968
35,72,36,2.2255650646573
35,72,38,2.05952361047906
35,72,40,1.9006309648671
35,72,42,1.74942240918839
35,72,44,1.60627396888508
35,72,46,1.47142016295557
35,72,48,1.34497180245184
35,72,50,1.22693317488895
35,72,52,1.11721818193931
35,72,54,1.01566518627959
35,72,56,0.922050466495372
35,72,58,0.836100278894067
35,72,60,0.757501587893864
35,72,62,0.685911559982946
35,72,64,0.620965927965863
35,72,66,0.562286329538922
35,72,68,0.50948671318922
35,72,70,0.46217888965827
35,72,72,0.419977292092579
35,72,74,0.382502994696147
35,72,76,0.349387029430306
35,72,78,0.320273033580763
35,72,80,0.294819257832326
35,72,82,0.272699964545788
35,72,84,0.253606248747008
35,72,86,0.237246319403373
35,72,88,0.223345285406585
35,72,90,0.2116444989171
35,72,92,0.201900518061545
35,72,94,0.193883761184136
35,72,96,0.187376935723817
35,72,98,0.182173336044257
35,72,100,0.178075115754368
35,72,102,0.174891650548053
35,72,104,0.172438116364569
35,72,106,0.170534413351731
35,72,108,0.169004566951538
35,72,110,0.167676731355184
35,72,112,0.16638390535578
35,72,114,0.164965444098644
35,72,116,0.163269410638104
35,72,118,0.161155757640308
35,72,120,0.158500262422638
35,72,122,0.155199059981016
35,72,124,0.151173533093236
35,72,126,0.146375232738372
35,72,128,0.140790424937602
35,72,130,0.134443802432541
35,72,132,0.127400872837753
35,72,134,0.119768549763246
35,72,136,0.111693538074585
35,72,138,0.103358222626095
35,72,140,0.0949739389499217
35,72,142,0.0867717147202632
35,72,144,0.0789908052264991
35,72,146,0.0718655813959231
35,72,148,0.0656115384276829
35,72,150,0.0604113503133628
35,72,152,0.0564019782090632
35,72,154,0.0536638347142899
35,72,156,0.0522129083410126
35,72,158,0.0519965711673676
35,72,160,0.0528935464288049
35,72,162,0.0547182270182326
35,72,164,0.0572292382021717
35,72,166,0.0601418534895324
35,72,168,0.0631436205819101
35,72,170,0.0659123460501845
35,72,172,0.0681354272729797
35,72,174,0.069529408610041
35,72,176,0.069858575892176
35,72,178,0.0689513923856411
35,72,180,0.0667136285396319
35,74,0,4.82413308903293
35,74,2,4.78963914784668
35,74,4,4.73507725544066
35,74,6,4.66084011505398
35,74,8,4.56769637439286
35,74,10,4.45677037685815
35,74,12,4.32950608479518
35,74,14,4.18761765810909
35,74,16,4.03303009453532
35,74,18,3.86781391091284
35,74,20,3.69411802249763
35,74,22,3.51410476596747
35,74,24,3.32989046592919
35,74,26,3.14349415615948
35,74,28,2.95679614777644
35,74,30,2.77150720159213
35,74,32,2.58914821126231
35,74,34,2.41103961142772
35,74,36,2.23829923246852
35,74,38,2.07184704035031
35,74,40,1.91241510903175
35,74,42,1.76056123811148
35,74,44,1.61668480447832
35,74,46,1.48104367730755
35,74,48,1.35377128971795
35,74,50,1.23489321575906
35,74,52,1.12434282659818
35,74,54,1.02197578322711
35,74,56,0.927583261313269
35,74,58,0.840903899494648
35,74,60,0.76163452159421
35,74,62,0.689439713698744
35,74,64,0.623960346799813
35,74,66,0.564821131969837
35,74,68,0.511637283832112
35,74,70,0.464020353943539
35,74,72,0.421583281837625
35,74,74,0.383944699877629
35,74,76,0.350732519796814
35,74,78,0.321586824199738
35,74,80,0.296162085232867
35,74,82,0.274128734692971
35,74,84,0.255174114495121
35,74,86,0.239002843134324
35,74,88,0.225336642086399
35,74,90,0.213913675657136
35,74,92,0.204487468368128
35,74,94,0.196825475402386
35,74,96,0.190707393773266
35,74,98,0.185923314500306
35,74,100,0.182271828772609
35,74,102,0.179558213175024
35,74,104,0.177592829501313
35,74,106,0.17618988201953
35,74,108,0.175166677400906
35,74,110,0.17434352762645
35,74,112,0.173544421587082
35,74,114,0.172598564376356
35,74,116,0.171342842419348
35,74,118,0.169625216411897
35,74,120,0.16730897274138
35,74,122,0.164277679674366
35,74,124,0.160440601484658
35,74,126,0.155738228767632
35,74,128,0.150147495845479
35,74,130,0.143686187821549
35,74,132,0.136416002920618
35,74,134,0.128443742217444
35,74,136,0.119920158306932
35,74,138,0.111036112066164
35,74,140,0.102015861211353
35,74,142,0.0931075269936771
35,74,144,0.0845710392401412
35,74,146,0.0766641211643689
35,74,148,0.0696271155068378
35,74,150,0.0636676432366459
35,74,152,0.058946199272644
35,74,154,0.0555638081046718
35,74,156,0.0535527783431486
35,74,158,0.0528714140085456
35,74,160,0.0534032783993072
35,74,162,0.0549612891464104
35,74,164,0.0572965806452871
35,74,166,0.0601117322804906
35,74,168,0.0630776531802936
35,74,170,0.0658531552727266
35,74,172,0.0681060476345164
35,74,174,0.0695344525476209
35,74,176,0.0698869807260628
35,74,178,0.0689804134830545
35,74,180,0.0667136285396308
35,76,0,4.82413308903293
35,76,2,4.78979959070898
35,76,4,4.73575655062994
35,76,6,4.66234447470786
35,76,8,4.57027336994634
35,76,10,4.46060526830504
35,76,12,4.33472084107237
35,76,14,4.19427246087645
35,76,16,4.04112701756744
35,76,18,3.87730239663382
35,76,20,3.70490173645642
35,76,22,3.52604939753538
35,76,24,3.34283205563671
35,76,26,3.1572475620573
35,76,28,2.97116330956979
35,76,30,2.78628491662378
35,76,32,2.60413519580368
35,76,34,2.42604268017697
35,76,36,2.25313848571966
35,76,38,2.08636000010922
35,76,40,1.92645979140408
35,76,42,1.77401818916643
35,76,44,1.62945816042478
35,76,46,1.49306133724017
35,76,48,1.36498431042976
35,76,50,1.24527455317112
35,76,52,1.13388555724554
35,76,54,1.03069094209223
35,76,56,0.93549742943606
35,76,58,0.848056666777408
35,76,60,0.768075937869921
35,76,62,0.695227825450989
35,76,64,0.629158899036152
35,76,66,0.569497495803536
35,76,68,0.515860651389539
35,76,70,0.467860224204138
35,76,72,0.425108244643502
35,76,74,0.387221511105905
35,76,76,0.353825448831298
35,76,78,0.324557245431001
35,76,80,0.299068278260423
35,76,82,0.277025852992116
35,76,84,0.258114279276602
35,76,86,0.242035317687951
35,76,88,0.228508041809441
35,76,90,0.217268170035272
35,76,92,0.208066933291979
35,76,94,0.200669557346636
35,76,96,0.194853451603853
35,76,98,0.190406210143482
35,76,100,0.187123544856815
35,76,102,0.184807284229215
35,76,104,0.183263583513193
35,76,106,0.182301501191487
35,76,108,0.181732100721979
35,76,110,0.181368233149439
35,76,112,0.181025142569719
35,76,114,0.18052200994866
35,76,116,0.179684509112481
35,76,118,0.17834839036469
35,76,120,0.176364032060255
35,76,122,0.173601810438633
35,76,124,0.169958037373669
35,76,126,0.165361111468959
35,76,128,0.159777429876738
35,76,130,0.15321652841261
35,76,132,0.145734869385597
35,76,134,0.137437693311022
35,76,136,0.128478403444858
35,76,138,0.119055067655891
35,76,140,0.109403800857184
35,76,142,0.0997890253119558
35,76,144,0.09049087918979
35,76,146,0.0817903313953907
35,76,148,0.0739528328060456
35,76,150,0.0672115583755954
35,76,152,0.061751441180644
35,76,154,0.0576952454660676
35,76,156,0.0550928590001823
35,76,158,0.0539148065776467
35,76,160,0.0540507104955085
35,76,162,0.0553130754852235
35,76,164,0.0574463871958015
35,76,166,0.0601411194068638
35,76,168,0.0630518778404492
35,76,170,0.0658185941340829
35,76,172,0.0680894414184037
35,76,174,0.0695439854127885
35,76,176,0.0699150193900794
35,76,178,0.069007562197119
35,76,180,0.0667136285396296
35,78,0,4.82413308903293
35,78,2,4.78999717499121
35,78,4,4.73652562507572
35,78,6,4.66400747801358
35,78,8,4.57309416786974
35,78,10,4.4647848276992
35,78,12,4.34039563098655
35,78,14,4.20151539955965
35,78,16,4.04995068092087
35,78,18,3.88766412866544
35,78,20,3.7167102561681
35,78,22,3.5391724778187
35,78,24,3.35710485490298
35,78,26,3.17248121412769
35,78,28,2.98715341694595
35,78,30,2.80281964182157
35,78,32,2.62100270060236
35,78,34,2.44303771979729
35,78,36,2.27006802134356
35,78,38,2.10304774684291
35,78,40,1.94274966846622
35,78,42,1.78977668387891
35,78,44,1.64457565684695
35,78,46,1.50745249345765
35,78,48,1.37858759506706
35,78,50,1.2580510712018
35,78,52,1.14581730735047
35,78,54,1.04177865265926
35,78,56,0.945758118143487
35,78,58,0.857521060267479
35,78,60,0.776785874344155
35,78,62,0.703233745400051
35,78,64,0.636517509178764
35,78,66,0.576269670073697
35,78,68,0.522109611780596
35,78,70,0.47365002453826
35,78,72,0.430502562699031
35,78,74,0.392282739522211
35,78,76,0.358614063058389
35,78,78,0.329131417692815
35,78,80,0.303483699860705
35,78,82,0.281335722989099
35,78,84,0.262369415204476
35,78,86,0.246284343223653
35,78,88,0.232797606733148
35,78,90,0.221643159255326
35,78,92,0.212570623948908
35,78,94,0.205343686040112
35,78,96,0.199738157674422
35,78,98,0.19553982585417
35,78,100,0.192542209488747
35,78,102,0.190544366787035
35,78,104,0.189348908166815
35,78,106,0.188760380924619
35,78,108,0.188584197949689
35,78,110,0.188626281154476
35,78,112,0.188693578094848
35,78,114,0.188595584482748
35,78,116,0.188146963307045
35,78,118,0.187171291261065
35,78,120,0.185505884721195
35,78,122,0.183007562232587
35,78,124,0.17955909249118
35,78,126,0.175075963246179
35,78,128,0.169512997454762
35,78,130,0.162870251087168
35,78,132,0.155197566586864
35,78,134,0.146597141706576
35,78,136,0.137223517997745
35,78,138,0.127280505169941
35,78,140,0.117014738871404
35,78,142,0.106705813773979
35,78,144,0.0966532254196545
35,78,146,0.0871606683964383
35,78,148,0.078518543394399
35,78,150,0.070985786436369
35,78,152,0.0647723161457357
35,78,154,0.0600234715575605
35,78,156,0.0568077666219667
35,78,158,0.0551091148284337
35,78,160,0.0548243895783325
35,78,162,0.055766807548933
35,78,164,0.0576751875413542
35,78,166,0.0602286853188316
35,78,168,0.0630661747132852
35,78,170,0.0658090714096653
35,78,172,0.0680861058184779
35,78,174,0.0695583648170886
35,78,176,0.0699428509034057
35,78,178,0.0690328572268582
35,78,180,0.0667136285396286
35,80,0,4.82413308903293
35,80,2,4.79023095858477
35,80,4,4.73738099071201
35,80,6,4.6658219531502
35,80,8,4.5761472527641
35,80,10,4.46929299120271
35,80,12,4.34651003760385
35,80,14,4.20932221927446
35,80,16,4.0594737290404
35,80,18,3.89886950497443
35,80,20,3.72951260141519
35,80,22,3.55344243950431
35,80,24,3.37267735068308
35,80,26,3.18916409628219
35,80,28,3.00473617135888
35,80,30,2.82108179594261
35,80,32,2.63972166342068
35,80,34,2.46199582998474
35,80,36,2.2890586349646
35,80,38,2.12188025138721
35,80,40,1.96125336375142
35,80,42,1.80780352108916
35,80,44,1.66200187319137
35,80,46,1.52417922028694
35,80,48,1.39454055052848
35,80,50,1.27317947362737
35,80,52,1.16009216190856
35,80,54,1.05519057118763
35,80,56,0.958314830888935
35,80,58,0.869244769382936
35,80,60,0.787710583779115
35,80,62,0.713402681915276
35,80,64,0.645980726408432
35,80,66,0.585081903604112
35,80,68,0.530328429689683
35,80,70,0.4813342960294
35,80,72,0.437711248297705
35,80,74,0.399073990344867
35,80,76,0.365044604122735
35,80,78,0.335256181035106
35,80,80,0.309355667053563
35,80,82,0.287005933064159
35,80,84,0.267887092464161
35,80,86,0.251697099467319
35,80,88,0.238151673579302
35,80,90,0.226983608173391
35,80,92,0.21794153411178
35,80,94,0.210788223104493
35,80,96,0.205298530157764
35,80,98,0.201257090091353
35,80,100,0.198455899493443
35,80,102,0.196691932035957
35,80,104,0.195764950694368
35,80,106,0.195475693431078
35,80,108,0.195624617042432
35,80,110,0.196011384333945
35,80,112,0.196435269395165
35,80,114,0.196696631207354
35,80,116,0.196599564135238
35,80,118,0.195955772834156
35,80,120,0.194589637963704
35,80,122,0.192344339117122
35,80,124,0.189088786496141
35,80,126,0.184724990136407
35,80,128,0.179195375223061
35,80,130,0.172489447481377
35,80,132,0.164649139111917
35,80,134,0.155772139169867
35,80,136,0.14601254706826
35,80,138,0.135578294434051
35,80,140,0.124724962741659
35,80,142,0.113745877147035
35,80,144,0.102958665890304
35,80,146,0.0926888147228227
35,80,148,0.0832510840125708
35,80,150,0.0749299546177912
35,80,152,0.0679604893025813
35,80,154,0.0625111066652501
35,80,156,0.0586697418866469
35,80,158,0.0564347049293167
35,80,160,0.0557112500224868
35,80,162,0.0563144636687446
35,80,164,0.0579785977854434
35,80,166,0.0603724635074153
35,80,168,0.0631200055294257
35,80,170,0.065824739769105
35,80,172,0.0680963949472998
35,80,174,0.0695778786837703
35,80,176,0.0699706082679258
35,80,178,0.0690563131017581
35,80,180,0.0667136285396276
35,82,0,4.82413308903293
35,82,2,4.7904999299747
35,82,4,4.73831894155018
35,82,6,4.66778026599754
35,82,8,4.57942029371908
35,82,10,4.47411240861855
35,82,12,4.35304176496818
35,82,14,4.21766607249299
35,82,16,4.06966538532631
35,82,18,3.91088457085091
35,82,20,3.74327242108868
35,82,22,3.56882126071706
35,82,24,3.38951045089753
35,82,26,3.20725647508833
35,82,28,3.0238714326828
35,82,30,2.84103087346529
35,82,32,2.6602510823026
35,82,34,2.48287524542557
35,82,36,2.3100674412917
35,82,38,2.1428131122208
35,82,40,1.98192457218184
35,82,42,1.82805015642279
35,82,44,1.68168577527442
35,82,46,1.5431878513326
35,82,48,1.41278685560165
35,82,50,1.29060088276092
35,82,52,1.1766488981327
35,82,54,1.07086343918546
35,82,56,0.973102660962187
35,82,58,0.883161682051817
35,82,60,0.800783223352124
35,82,62,0.725667544820327
35,82,64,0.657481684191525
35,82,66,0.595867993419099
35,82,68,0.540451958712471
35,82,70,0.490849282042477
35,82,72,0.4466721977691
35,82,74,0.407534998274736
35,82,76,0.373058746934567
35,82,78,0.342875164680357
35,82,80,0.316629686851728
35,82,82,0.293983699025527
35,82,84,0.27461597328211
35,82,86,0.258223339376602
35,82,88,0.244520638292162
35,82,90,0.233240018689465
35,82,92,0.22412965007025
35,82,94,0.216951940394655
35,82,96,0.211481360777439
35,82,98,0.207501995936284
35,82,100,0.204804956185263
35,82,102,0.203185804436705
35,82,104,0.202442168823663
35,82,106,0.202371726478673
35,82,108,0.202770754340051
35,82,110,0.203433445636709
35,82,112,0.204152182506849
35,82,114,0.204718932436719
35,82,116,0.20492789549039
35,82,118,0.204579468027006
35,82,120,0.203485505554812
35,82,122,0.201475763434451
35,82,124,0.198405272965446
35,82,126,0.194162278904081
35,82,128,0.188676233117797
35,82,130,0.181925221624095
35,82,132,0.17394211491797
35,82,134,0.164818691494727
35,82,136,0.154707007941906
35,82,138,0.143817388298696
35,82,140,0.132412586460952
35,82,142,0.120797935163542
35,82,144,0.109307619786843
35,82,146,0.0982875802615599
35,82,148,0.0880759155100621
35,82,150,0.0789820016869832
35,82,152,0.0712657959699118
35,82,154,0.0651189439889104
35,82,156,0.0606493132544935
35,82,158,0.0578704238207849
35,82,160,0.0566969449270964
35,82,162,0.0569469941227312
35,82,164,0.0583514502898287
35,82,166,0.0605699217239548
35,82,168,0.0632124477403851
35,82,170,0.0658655089436347
35,82,172,0.0681205229727641
35,82,174,0.0696027448768567
35,82,176,0.0699983977243353
35,82,178,0.069077939949619
35,82,180,0.0667136285396269
35,84,0,4.82413308903293
35,84,2,4.79080301267146
35,84,4,4.73933556840094
35,84,6,4.66987434656119
35,84,8,4.58290017988163
35,84,10,4.47922448269914
35,84,12,4.35996667457036
35,84,14,4.22651754692039
35,84,16,4.08049146855183
35,84,18,3.92367102570351
35,84,20,3.75794799819126
35,84,22,3.58526448259545
35,84,24,3.40755753513746
35,84,26,3.22671000911747
35,84,28,3.04450941563548
35,84,30,2.86261575680568
35,84,32,2.68253846961985
35,84,34,2.50562195204184
35,84,36,2.33303866456269
35,84,38,2.16578852158352
35,84,40,2.00470319141084
35,84,42,1.85045397595129
35,84,44,1.7035620962707
35,84,46,1.56441042193728
35,84,48,1.43325591011522
35,84,50,1.31024223407823
35,84,52,1.19541226072143
35,84,54,1.08872017382076
35,84,56,0.990043133734834
35,84,58,0.899192420270841
35,84,60,0.81592403198747
35,84,62,0.739948721635066
35,84,64,0.670941442399044
35,84,66,0.608550170145908
35,84,68,0.552404057990258
35,84,70,0.502120874248807
35,84,72,0.45731367458702
35,84,74,0.417596663995976
35,84,76,0.382590213436735
35,84,78,0.351925008404243
35,84,80,0.32524532103128
35,84,82,0.30221141254041
35,84,84,0.282501087999607
35,84,86,0.265810439937819
35,84,88,0.251853831286033
35,84,90,0.240363181505401
35,84,92,0.23108663306593
35,84,94,0.223786689191738
35,84,96,0.218237928526196
35,84,98,0.214224418462749
35,84,100,0.211536966385954
35,84,102,0.209970366553959
35,84,104,0.209320818811798
35,84,106,0.209383712048091
35,84,108,0.209951977865011
35,84,110,0.210815225211418
35,84,112,0.21175986108738
35,84,114,0.212570381957649
35,84,116,0.213031981451565
35,84,118,0.212934559212987
35,84,120,0.212078131699495
35,84,122,0.210279538731077
35,84,124,0.207380212918774
35,84,126,0.20325463948105
35,84,128,0.197818991874103
35,84,130,0.191039298263535
35,84,132,0.182938392202681
35,84,134,0.173600846480721
35,84,136,0.163175099801863
35,84,138,0.151872076193111
35,84,140,0.139959774863288
35,84,142,0.1277535725289
35,84,144,0.115602318663665
35,84,146,0.103870692500613
35,84,148,0.0929186938718495
35,84,150,0.083079515253499
35,84,152,0.0746373438147448
35,84,154,0.0678068269482314
35,84,156,0.0627159690536121
35,84,158,0.0593940924219835
35,84,160,0.0577661906135245
35,84,162,0.057654548130941
35,84,164,0.0587879329498006
35,84,166,0.0608180399710747
35,84,168,0.0633422330483693
35,84,170,0.0659310614364494
35,84,172,0.0681585685472716
35,84,174,0.0696331113880032
35,84,176,0.0700262981984943
35,84,178,0.069097743302523
35,84,180,0.0667136285396263
35,86,0,4.82413308903293
35,86,2,4.7911390698527
35,86,4,4.74042677452715
35,86,6,4.67209571781412
35,86,8,4.5865730609136
35,86,10,4.48460941697168
35,86,12,4.36725883520509
35,86,14,4.23584471285144
35,86,16,4.09191443591844
35,86,18,3.93718626441386
35,86,20,3.77349229763771
35,86,22,3.60272127764008
35,86,24,3.42676456318006
35,86,26,3.24746792146789
35,86,28,3.06659095232984
35,86,30,2.88577509450966
35,86,32,2.70652036824578
35,86,34,2.53017035738372
35,86,36,2.3579044707811
35,86,38,2.19073625665347
35,86,40,2.02951645735865
35,86,42,1.87493954955716
35,86,44,1.7275526700484
35,86,46,1.58776603472695
35,86,48,1.45586417712956
35,86,50,1.33201753425284
35,86,52,1.21629407252052
35,86,54,1.10867076842378
35,86,56,1.00904483732774
35,86,58,0.917244646713261
35,86,60,0.833040266016438
35,86,62,0.756153604098448
35,86,64,0.68626807602309
35,86,66,0.623037730081612
35,86,68,0.566095758462703
35,86,70,0.515062313063753
35,86,72,0.469551552372795
35,86,74,0.429177855562217
35,86,76,0.393561154617855
35,86,78,0.362331352858992
35,86,80,0.335131816991219
35,86,82,0.311621948543128
35,86,84,0.291478858239317
35,86,86,0.274398183082783
35,86,88,0.260094100630239
35,86,90,0.248298608493459
35,86,92,0.238760150110761
35,86,94,0.231241681066428
35,86,96,0.225518284438005
35,86,98,0.221374459387963
35,86,100,0.218601224705659
35,86,102,0.216993197960707
35,86,104,0.216345830418351
35,86,106,0.216452996214426
35,86,108,0.217105149023786
35,86,110,0.218088267355358
35,86,112,0.21918380682116
35,86,114,0.22016986004995
35,86,116,0.220823688195229
35,86,118,0.22092572868284
35,86,120,0.220265099729952
35,86,122,0.218646513125834
35,86,124,0.21589837558737
35,86,126,0.211881712085501
35,86,128,0.206499392307975
35,86,130,0.19970499830753
35,86,132,0.191510555166471
35,86,134,0.181992276933795
35,86,136,0.171293476700709
35,86,138,0.159623868992635
35,86,140,0.14725466498211
35,86,142,0.134509127386733
35,86,144,0.121748601631017
35,86,146,0.109354449432516
35,86,148,0.0977067448162122
35,86,150,0.0871610057133398
35,86,152,0.0780245772111715
35,86,154,0.0705345072757422
35,86,156,0.0648388229361503
35,86,158,0.0609829998814649
35,86,160,0.0589031160913184
35,86,162,0.0584267071124479
35,86,164,0.0592817343890358
35,86,166,0.0611133932432287
35,86,168,0.0635077892799645
35,86,170,0.0660208703088415
35,86,172,0.0682104803605609
35,86,174,0.069669057038912
35,86,176,0.0700543609341183
35,86,178,0.0691157239417577
35,86,180,0.066713628539626
35,88,0,4.82413308903293
35,88,2,4.79150690919665
35,88,4,4.74158829218416
35,88,6,4.67443552691958
35,88,8,4.59042439236386
35,88,10,4.49024627220256
35,88,12,4.37489058640797
35,88,14,4.24561319013267
35,88,16,4.1038934525236
35,88,18,3.95138345222628
35,88,20,3.78985305443094
35,88,22,3.62113456431994
35,88,24,3.44707023399635
35,88,26,3.26946522474223
35,88,28,3.09004780647768
35,88,30,2.91043772723744
35,88,32,2.7321229085526
35,88,34,2.55644399198371
35,88,36,2.38458581865179
35,88,38,2.21757467550235
35,88,40,2.05628006991204
35,88,42,1.90141986028196
35,88,44,1.75356772796025
35,88,46,1.61316217897441
35,88,48,1.48051647336205
35,88,50,1.35582906690247
35,88,52,1.23919429820138
35,88,54,1.13061315760436
35,88,56,1.03000403589638
35,88,58,0.937213378099372
35,88,60,0.852026171254432
35,88,62,0.774176185303476
35,88,64,0.703355871992887
35,88,66,0.639225814689783
35,88,68,0.581423616160761
35,88,70,0.529572113432168
35,88,72,0.48328681873444
35,88,74,0.442182501910944
35,88,76,0.405878850570443
35,88,78,0.374005167534576
35,88,80,0.346204088816335
35,88,82,0.322134327921056
35,88,84,0.301472472689266
35,88,86,0.283913878774109
35,88,88,0.26917271926877
35,88,90,0.256981263511587
35,88,92,0.247088470544138
35,88,94,0.239257995077158
35,88,96,0.233265717107708
35,88,98,0.228896921309898
35,88,100,0.225943269399203
35,88,102,0.224199727716661
35,88,104,0.22346163247748
35,88,106,0.223522094864503
35,88,108,0.22416996495019
35,88,110,0.225188583993742
35,88,112,0.226355554960288
35,88,114,0.227443746662317
35,88,116,0.228223713189269
35,88,118,0.228467653242229
35,88,120,0.227954950837664
35,88,122,0.226479228873217
35,88,124,0.223856712495233
35,88,126,0.219935546041171
35,88,128,0.214605545785037
35,88,130,0.20780771537757
35,88,132,0.199542720137228
35,88,134,0.189877431081467
35,88,136,0.178948630974706
35,88,138,0.166963041308862
35,88,140,0.154192993671832
35,88,142,0.140967334717149
35,88,144,0.127657512128417
35,88,146,0.114659217126291
35,88,148,0.102370421380943
35,88,150,0.0911670959643338
35,88,152,0.0813782842641879
35,88,154,0.0732624668264723
35,88,156,0.0669872586531664
35,88,158,0.0626143879575615
35,88,160,0.0600916095060351
35,88,162,0.0592527187257936
35,88,164,0.0598261915799071
35,88,166,0.0614522369723285
35,88,168,0.0637072845291444
35,88,170,0.0661342185523044
35,88,172,0.0682760836346718
35,88,174,0.0697105926518235
35,88,176,0.0700826093064102
35,88,178,0.0691318777823004
35,88,180,0.0667136285396259
35,90,0,4.82413308903293
35,90,2,4.7919052878875
35,90,4,4.74281569999776
35,90,6,4.67688457878047
35,90,8,4.59443898593747
35,90,10,4.4961130315472
35,90,12,4.38283261554999
35,90,14,4.25578623470333
35,90,16,4.11638448684039
35,90,18,3.96621163198108
35,90,20,3.80697289968604
35,90,22,3.64044116344978
35,90,24,3.4684061881944
35,90,26,3.29262898836512
35,90,28,3.11480302584896
35,90,30,2.93652314503473
35,90,32,2.75926238731735
35,90,34,2.5843562216746
35,90,36,2.41299331013559
35,90,38,2.24621170235017
35,90,40,2.08489930021143
35,90,42,1.92979751178664
35,90,44,1.7815071760654
35,90,46,1.64049603987198
35,90,48,1.50710726722984
35,90,50,1.38156863257871
35,90,52,1.26400217796947
35,90,54,1.15443419711504
35,90,56,1.0528054505995
35,90,58,0.958981526262531
35,90,60,0.872763248335366
35,90,62,0.793897019386784
35,90,64,0.722084959580489
35,90,66,0.656994694391136
35,90,68,0.59826863814013
35,90,70,0.545532627358798
35,90,72,0.498403774054413
35,90,74,0.456497432255025
35,90,76,0.419433199022075
35,90,78,0.386839900720288
35,90,80,0.358359544366263
35,90,82,0.3336502405822
35,90,84,0.312388127997685
35,90,86,0.2942683485046
35,90,88,0.279005138832009
35,90,90,0.266331117218227
35,90,92,0.255995855601482
35,90,94,0.247763838975261
35,90,96,0.241411925581858
35,90,98,0.236726435459306
35,90,100,0.23350001112932
35,90,102,0.231528412965628
35,90,104,0.230607432338847
35,90,106,0.230530126476914
35,90,108,0.231084597672949
35,90,110,0.232052552664949
35,90,112,0.233208881543443
35,90,114,0.234322484680671
35,90,116,0.235158546008086
35,90,118,0.235482396983089
35,90,120,0.23506503440498
35,90,122,0.233690245506749
35,90,124,0.231163157065265
35,90,126,0.227319867074714
35,90,128,0.222037647733159
35,90,130,0.215245041703142
35,90,132,0.206931028680732
35,90,134,0.197152338106163
35,90,136,0.186037949106886
35,90,138,0.173789871124386
35,90,140,0.160679453162743
35,90,142,0.147038731959322
35,90,144,0.133246692931246
35,90,146,0.119710761402442
35,90,148,0.106844329721348
35,90,150,0.0950416103774988
35,90,152,0.084651530140717
35,90,154,0.0759526882222362
35,90,156,0.0691315415236067
35,90,158,0.0642659154839752
35,90,160,0.0613156540691074
35,90,162,0.0601217264552046
35,90,164,0.0604144364932851
35,90,166,0.0618305931595606
35,90,168,0.063938672491183
35,90,170,0.0662702195462884
35,90,172,0.0683550873714856
35,90,174,0.0697576626366525
35,90,176,0.0701110388099442
35,90,178,0.0691461957972458
35,90,180,0.066713628539626
35,92,0,4.82413308903293
35,92,2,4.7923329177727
35,92,4,4.7441044411231
35,92,6,4.67943337183961
35,92,8,4.5986010646009
35,92,10,4.50218667435704
35,92,12,4.39105404855912
35,92,14,4.26632484455708
35,92,16,4.129340431678
35,92,18,3.98161586241544
35,92,20,3.82478952199879
35,92,22,3.66057199206521
35,92,24,3.49069724732942
35,92,26,3.31687863897674
35,92,28,3.14077132086821
35,92,30,2.96394196112459
35,92,32,2.78784585180191
35,92,34,2.61381095339693
35,92,36,2.44302802422722
35,92,38,2.27654578919053
35,92,40,2.11527007295396
35,92,42,1.95996591698099
35,92,44,1.81126186895242
35,92,46,1.66965583050583
35,92,48,1.53552203725494
35,92,50,1.40911889865548
35,92,52,1.29059753228925
35,92,54,1.18001088653469
35,92,56,1.07732336443606
35,92,58,0.982420851471689
35,92,60,0.895121023785347
35,92,62,0.815183783078869
35,92,64,0.742321638901659
35,92,66,0.676209844337615
35,92,68,0.616496089666901
35,92,70,0.562809570350455
35,92,72,0.514769268601833
35,92,74,0.47199131871559
35,92,76,0.434095361673981
35,92,78,0.400709831004422
35,92,80,0.371476146636384
35,92,82,0.346051824628717
35,92,84,0.324112536990743
35,92,86,0.305353177111939
35,92,88,0.289488002965949
35,92,90,0.276249943236396
35,92,92,0.265389162161129
35,92,94,0.256670988713478
35,92,96,0.249873326209369
35,92,98,0.244783670798292
35,92,100,0.241195882400573
35,92,102,0.238906869737832
35,92,104,0.237713371659532
35,92,106,0.237409038602984
35,92,108,0.237782038372437
35,92,110,0.238613426132899
35,92,112,0.239676525329821
35,92,114,0.240737559223154
35,92,116,0.241557746613573
35,92,118,0.241897025151705
35,92,120,0.241519487387739
35,92,122,0.240200506403006
35,92,124,0.237735390368188
35,92,126,0.233949243500427
35,92,128,0.228707534111811
35,92,130,0.221926693221086
35,92,132,0.213583908695681
35,92,134,0.203725162802758
35,92,136,0.192470509530726
35,92,138,0.180015624711123
35,92,140,0.166628804227792
35,92,142,0.152642841728172
35,92,144,0.138441582885992
35,92,146,0.124441408981308
35,92,148,0.111068413282908
35,92,150,0.0987325504553676
35,92,152,0.0878005033714048
35,92,154,0.0785693616577087
35,92,156,0.0712433855075016
35,92,158,0.0659160938810688
35,92,160,0.0625596465830142
35,92,162,0.0610229898473651
35,92,164,0.0610395385517423
35,92,166,0.0622443352451359
35,92,168,0.0641997379301606
35,92,170,0.066427838102637
35,92,172,0.0684470921598728
35,92,174,0.0698101469407069
35,92,176,0.0701396172130442
35,92,178,0.0691586639823322
35,92,180,0.0667136285396263
35,94,0,4.82413308903293
35,94,2,4.79278847065038
35,94,4,4.74544984212127
35,94,6,4.6820721360348
35,94,8,4.60289432241797
35,94,10,4.50844325854117
35,94,12,4.39952255413648
35,94,14,4.27718788485239
35,94,16,4.14271125000237
35,94,18,3.99753738624472
35,94,20,3.8432358617953
35,94,22,3.68145229089379
35,94,24,3.513861684194
35,94,26,3.34212628568383
35,94,28,3.16785945865075
35,94,30,2.99259638919454
35,94,32,2.81777167418778
35,94,34,2.64470331885986
35,94,36,2.47458231894448
35,94,38,2.30846684128265
35,94,40,2.14728001597543
35,94,42,1.99181046737345
35,94,44,1.84271488964734
35,94,46,1.70052216855318
35,94,48,1.5656387277923
35,94,50,1.43835491306929
35,94,52,1.31885231015641
35,94,54,1.20721192692242
35,94,56,1.10342316318468
35,94,58,1.00739346023642
35,94,60,0.918958478457993
35,94,62,0.837892609125991
35,94,64,0.763919594601579
35,94,66,0.696723014843534
35,94,68,0.635956399348054
35,94,70,0.581252740947277
35,94,72,0.532233218207787
35,94,74,0.488514972240693
35,94,76,0.44971782714189
35,94,78,0.415469887011337
35,94,80,0.3854119833478
35,94,82,0.359200982379202
35,94,84,0.336511991407175
35,94,86,0.317039526314501
35,94,88,0.300497719605175
35,94,90,0.286619660922537
35,94,92,0.275155971515116
35,94,94,0.265872722359716
35,94,96,0.258548814337177
35,94,98,0.252972949480064
35,94,100,0.248940335935584
35,94,102,0.246249286363178
35,94,104,0.244697889690958
35,94,106,0.244080958248206
35,94,108,0.244187474014705
35,94,110,0.244798775770694
35,94,112,0.245687738988373
35,94,114,0.246619197270279
35,94,116,0.24735183246286
35,94,118,0.247641714821934
35,94,120,0.247247600224666
35,94,122,0.245937985675992
35,94,124,0.243499787394037
35,94,126,0.239748341662199
35,94,128,0.234538246297422
35,94,130,0.227774374175292
35,94,132,0.219422219050967
35,94,134,0.209516601277643
35,94,136,0.198167692368352
35,94,138,0.185563337147123
35,94,140,0.171966780241565
35,94,142,0.157709150763281
35,94,144,0.143176423345594
35,94,146,0.128791037804867
35,94,148,0.114988889445694
35,94,150,0.102192947993808
35,94,152,0.0907852645549085
35,94,154,0.0810795173459412
35,94,156,0.0732964663768317
35,94,158,0.0675446857726307
35,94,160,0.0638086923889893
35,94,162,0.0619460909320732
35,94,164,0.0616946398933954
35,94,166,0.0626892698794504
35,94,168,0.0644881412671654
35,94,170,0.0666059116104262
35,94,172,0.0685515983505815
35,94,174,0.0698678633056243
35,94,176,0.0701682848700553
35,94,178,0.0691692633605145
35,94,180,0.0667136285396267
35,96,0,4.82413308903293
35,96,2,4.79327058366462
35,96,4,4.74684713248348
35,96,6,4.68479087279179
35,96,8,4.60730198896694
35,96,10,4.51485801130696
35,96,12,4.40820446123875
35,96,14,4.2883322318036
35,96,16,4.15644414494218
35,96,18,4.0139138267896
35,96,20,3.86224033653742
35,96,22,3.70300188202757
35,96,24,3.53781151904456
35,96,26,3.36827706315699
35,96,28,3.19596666331622
35,96,30,3.02238071288607
35,96,32,2.84893010322965
35,96,34,2.67692032167193
35,96,36,2.50754058681462
35,96,38,2.34185709268368
35,96,40,2.1808094656381
35,96,42,2.02520967565303
35,96,44,1.87574283379391
35,96,46,1.73296950320232
35,96,48,1.59732931636739
35,96,50,1.46914580619916
35,96,52,1.34863241609615
35,96,54,1.23589966004166
35,96,56,1.13096337063963
35,96,58,1.03375391723218
35,96,60,0.94412621400179
35,96,62,0.861870282692306
35,96,64,0.786722095578802
35,96,66,0.718374406360892
35,96,68,0.656487280466934
35,96,70,0.600698059416269
35,96,72,0.550630531960636
35,96,74,0.505903132360356
35,96,76,0.466136037983876
35,96,78,0.430957089743316
35,96,80,0.400006506042265
35,96,82,0.372940401492959
35,96,84,0.349433154459105
35,96,86,0.32917869239268
35,96,88,0.311890781744238
35,96,90,0.297302421377007
35,96,92,0.285164446756687
35,96,94,0.275243458747106
35,96,96,0.267319197597294
35,96,98,0.261181491387539
35,96,100,0.256626920098061
35,96,102,0.25345535223879
35,96,104,0.251466530506704
35,96,106,0.250456905153703
35,96,108,0.250216936534971
35,96,110,0.25052910843708
35,96,112,0.251166906952225
35,96,114,0.251895020652798
35,96,116,0.252471000832951
35,96,118,0.252648579784566
35,96,120,0.252182775346279
35,96,122,0.25083680787117
35,96,124,0.248390720657293
35,96,126,0.244651430058249
35,96,128,0.239463745132888
35,96,130,0.232721702518717
35,96,132,0.22437937943349
35,96,134,0.214460200138686
35,96,136,0.203063665331055
35,96,138,0.190368435957184
35,96,140,0.176630814897951
35,96,142,0.162177905359934
35,96,144,0.147395084436098
35,96,146,0.132707898951194
35,96,148,0.11855903562545
35,96,150,0.105381589331036
35,96,152,0.0935703893507322
35,96,154,0.0834535751176041
35,96,156,0.0752668730642218
35,96,158,0.0691330599273516
35,96,160,0.0650488713554698
35,96,162,0.0628811228595494
35,96,164,0.0623730807415284
35,96,166,0.0631612139073827
35,96,168,0.0648014613419948
35,96,170,0.0668031708182326
35,96,172,0.0686680144124147
35,96,174,0.0699305697761635
35,96,176,0.0701969551822917
35,96,178,0.0691779700263281
35,96,180,0.0667136285396274
35,98,0,4.82413308903293
35,98,2,4.7937778647856
35,98,4,4.7482914647263
35,98,6,4.68757939691695
35,98,8,4.61180689814439
35,98,10,4.5214054280325
35,98,12,4.41706488950771
35,98,14,4.29971293490176
35,98,16,4.17048375328084
35,98,18,4.03067941201875
35,98,20,3.88172709497788
35,98,22,3.72513545401993
35,98,24,3.56245283769695
35,98,26,3.39522948690943
35,98,28,3.22498501506063
35,98,30,3.05318173795158
35,98,32,2.88120378154554
35,98,34,2.71034143443691
35,98,36,2.54177994872142
35,98,38,2.37659191550093
35,98,40,2.21573241109727
35,98,42,2.0600362746317
35,98,44,1.91021708198427
35,98,46,1.76686757759257
35,98,48,1.63046147993215
35,98,50,1.50135667068746
35,98,52,1.37979980852884
35,98,54,1.26593238485332
35,98,56,1.15979817700901
35,98,58,1.06135197341761
35,98,60,0.97046936265334
35,98,62,0.886957309301011
35,98,64,0.810565192684368
35,98,66,0.740995964528816
35,98,68,0.677917087978586
35,98,70,0.620970949432938
35,98,72,0.569784480658135
35,98,74,0.523977785026903
35,98,76,0.48317162219644
35,98,78,0.446993664635626
35,98,80,0.415083493045651
35,98,82,0.387096343242594
35,98,84,0.362705653252718
35,98,86,0.34160448620854
35,98,88,0.323505923100741
35,98,90,0.30814253121331
35,98,92,0.295265021249219
35,98,94,0.284640211017292
35,98,96,0.276048418317627
35,98,98,0.269280412290853
35,98,100,0.264134062491871
35,98,102,0.260410839188838
35,98,104,0.257912336952819
35,98,106,0.256437015621766
35,98,108,0.25577737624454
35,98,110,0.255717811531964
35,98,112,0.256033386408893
35,98,114,0.256489809203835
35,98,116,0.256844841846344
35,98,118,0.256851361980601
35,98,120,0.25626222550534
35,98,122,0.254836980592532
35,98,124,0.252350352263461
35,98,126,0.248602252528442
35,98,128,0.243428882312435
35,98,130,0.236714290996704
35,98,132,0.228401566359859
35,98,134,0.2185026660632
35,98,136,0.207105798962093
35,98,138,0.194379248178515
35,98,140,0.180570622241582
35,98,142,0.166000741834357
35,98,144,0.151051721344318
35,98,146,0.136149273786044
35,98,148,0.121739823706667
35,98,150,0.108263606421707
35,98,152,0.0961254997680201
35,98,154,0.0856658045811199
35,98,156,0.0771334908282998
35,98,158,0.0706644969363344
35,98,160,0.0662674703721565
35,98,162,0.0638188573427151
35,98,164,0.0630685125084455
35,98,166,0.0636560650571415
35,98,168,0.0651372354857223
35,98,170,0.0670182598238132
35,98,172,0.0687956652927004
35,98,174,0.0699979674067375
35,98,176,0.0702255151980551
35,98,178,0.0691847552295927
35,98,180,0.0667136285396282
35,100,0,4.82413308903293
35,100,2,4.79430889835022
35,100,4,4.74977793497516
35,100,6,4.69042738023107
35,100,8,4.61639156111777
35,100,10,4.52805937895295
35,100,12,4.426067892241
35,100,14,4.311283396942
35,100,16,4.1847723617316
35,100,18,4.04776522501978
35,100,20,3.90161629903834
35,100,22,3.74776287233299
35,100,24,3.58768612851091
35,100,26,3.42287581656335
35,100,28,3.25479984223401
35,100,30,3.08487921939363
35,100,32,2.91446821853763
35,100,34,2.74483913309706
35,100,36,2.5771708702993
35,100,38,2.41254054358563
35,100,40,2.25191735435473
35,100,42,2.09615824531733
35,100,44,1.94600502857505
35,100,46,1.80208289041222
35,100,48,1.66490031876559
35,100,50,1.53485057286427
35,100,52,1.41221481803957
35,100,54,1.2971669947429
35,100,56,1.18978039907097
35,100,58,1.09003584444941
35,100,60,0.997831170548645
35,100,62,0.912991781376691
35,100,64,0.835281839313351
35,100,66,0.764415719233868
35,100,68,0.70006933542602
35,100,70,0.641890988729321
35,100,72,0.589511435130578
35,100,74,0.542552942168467
35,100,76,0.500637168592657
35,100,78,0.463391769634756
35,100,80,0.430455690410573
35,100,82,0.401483160518294
35,100,84,0.376146442556788
35,100,86,0.354137416158688
35,100,88,0.335168098371947
35,100,90,0.318970212732364
35,100,92,0.305293925489746
35,100,94,0.293905870692968
35,100,96,0.284586588648489
35,100,98,0.277127506815147
35,100,100,0.271327600199345
35,100,102,0.266989880853695
35,100,104,0.26391788344674
35,100,106,0.2619123353966
35,100,108,0.260768223990449
35,100,110,0.260272496300285
35,100,112,0.260202646399996
35,100,114,0.260326453124866
35,100,116,0.260403124282719
35,100,118,0.260186073351036
35,100,120,0.259427496161845
35,100,122,0.257884823103665
35,100,124,0.25532899468259
35,100,126,0.25155434638848
35,100,128,0.246389699191115
35,100,130,0.239710046994416
35,100,132,0.231448030515359
35,100,134,0.221604212428047
35,100,136,0.210255049246816
35,100,138,0.197557420414408
35,100,140,0.183748650655128
35,100,142,0.169141166571945
35,100,144,0.154111269119523
35,100,146,0.139081969948988
35,100,148,0.124500402703705
35,100,150,0.110810932076698
35,100,152,0.0984256795644758
35,100,154,0.0876946909934501
35,100,156,0.078878311387112
35,100,158,0.0721244412418771
35,100,160,0.0674531786984418
35,100,162,0.0647508880904275
35,100,164,0.0637749966314104
35,100,166,0.0641698650308057
35,100,168,0.0654929961422105
35,100,170,0.0672497548826461
35,100,172,0.0689338006181613
35,100,174,0.0700697031139823
35,100,176,0.070253826341944
35,100,178,0.0691895854978269
35,100,180,0.0667136285396291
35,102,0,4.82413308903293
35,102,2,4.79486225063911
35,102,4,4.75130160394703
35,102,6,4.69332439676525
35,102,8,4.62103824314468
35,102,10,4.53479322327334
35,102,12,4.43517661141461
35,102,14,4.32299557126905
35,102,16,4.19925014530409
35,102,18,4.0650994800793
35,102,20,3.92182443230454
35,102,22,3.77078951382771
35,102,24,3.61340663645718
35,102,26,3.45110242449675
35,102,28,3.28529010258228
35,102,30,3.11734625792689
35,102,32,2.94859221072011
35,102,34,2.78027935682796
35,102,36,2.6135776846507
35,102,38,2.44956668873919
35,102,40,2.28922805720849
35,102,42,2.13343973698308
35,102,44,1.98297122036849
35,102,46,1.83848009941316
35,102,48,1.70051006920209
35,102,50,1.56949061467891
35,102,52,1.44573859178184
35,102,54,1.32946182900443
35,102,56,1.2207647532604
35,102,58,1.11965590897543
35,102,60,1.02605711368965
35,102,62,0.939813893587505
35,102,64,0.860706777954014
35,102,66,0.788463005644946
35,102,68,0.722768206811925
35,102,70,0.663277663031711
35,102,72,0.609626810215615
35,102,74,0.561440722223348
35,102,76,0.518342390630191
35,102,78,0.479959690703522
35,102,80,0.445930990296309
35,102,82,0.415909413960711
35,102,84,0.389565817810778
35,102,86,0.366590561702442
35,102,88,0.34669418547793
35,102,90,0.32960710745054
35,102,92,0.315078468546779
35,102,94,0.302874247303007
35,102,96,0.292774771883178
35,102,98,0.284571757811291
35,102,100,0.278065006105451
35,102,102,0.273058907242087
35,102,104,0.269358912363819
35,102,106,0.266768153921216
35,102,108,0.265084421963011
35,102,110,0.264097726809161
35,102,112,0.263588699848741
35,102,114,0.263328096497953
35,102,116,0.263077662762943
35,102,118,0.262592602680324
35,102,120,0.261625831625943
35,102,122,0.259934114688611
35,102,124,0.25728606691895
35,102,126,0.253471833849808
35,102,128,0.248314081749505
35,102,130,0.241679719081869
35,102,132,0.233491561505671
35,102,134,0.223738966382962
35,102,136,0.21248632764484
35,102,138,0.199878268236455
35,102,140,0.186140423354473
35,102,142,0.171574894520933
35,102,144,0.156549781478325
35,102,146,0.141482658756484
35,102,148,0.12681842988847
35,102,150,0.113002617868065
35,102,152,0.100451771111554
35,102,154,0.0895232035970907
35,102,156,0.0804866666310436
35,102,158,0.0735006963338306
35,102,160,0.0685962434203216
35,102,162,0.0656697480443252
35,102,164,0.0644870875348166
35,102,166,0.0646988539198517
35,102,168,0.065866303390583
35,102,170,0.0674961816954982
35,102,172,0.0690816025886258
35,102,174,0.0701453726271316
35,102,176,0.0702817252637129
35,102,178,0.0691924227965702
35,102,180,0.0667136285396302
35,104,0,4.82413308903293
35,104,2,4.79543647546441
35,104,4,4.75285751823768
35,104,6,4.6962599693198
35,104,8,4.62572904393404
35,104,10,4.54157993025212
35,104,12,4.44435344418508
35,104,14,4.33480017558945
35,104,16,4.2138554270859
35,104,18,4.08260782373094
35,104,20,3.942264634573
35,104,22,3.79411662479009
35,104,24,3.63950473369819
35,104,26,3.4797901689568
35,104,28,3.31632875189389
35,104,30,3.15044966239109
35,104,32,2.98343820340249
35,104,34,2.81652188337406
35,104,36,2.65085900554017
35,104,38,2.48752902592522
35,104,40,2.32752414183457
35,104,42,2.17174183404319
35,104,44,2.02097834592266
35,104,46,1.87592329161815
35,104,48,1.7371557123381
35,104,50,1.6051419344452
35,104,52,1.48023553277154
35,104,54,1.36267958765523
35,104,56,1.25261127154883
35,104,58,1.15006863852404
35,104,60,1.05499934175809
35,104,62,0.967270887749446
35,104,64,0.886681961501668
35,104,66,0.812974326811063
35,104,68,0.745844816667938
35,104,70,0.68495697306753
35,104,72,0.629951963478282
35,104,74,0.580458482629606
35,104,76,0.53610143381794
35,104,78,0.496509265956837
35,104,80,0.46131991559843
35,104,82,0.43018536378146
35,104,84,0.402774864436611
35,104,86,0.378776934450533
35,104,88,0.357900216826303
35,104,90,0.339873339974577
35,104,92,0.324443900784998
35,104,94,0.311376699680891
35,104,96,0.300451355185641
35,104,98,0.291459426171892
35,104,100,0.284201174011066
35,104,102,0.278482105759463
35,104,104,0.274109454004719
35,104,106,0.270888768818554
35,104,108,0.268620821100685
35,104,110,0.267099041921944
35,104,112,0.266107745459248
35,104,114,0.265421398674805
35,104,116,0.264805202859109
35,104,118,0.264017233679673
35,104,120,0.262812340575121
35,104,122,0.260947927238543
35,104,124,0.258191618684084
35,104,126,0.254330666603604
35,104,128,0.249182757870591
35,104,130,0.242607681625051
35,104,132,0.234519095511251
35,104,134,0.22489543491672
35,104,136,0.213788859166885
35,104,138,0.201331056758265
35,104,140,0.187734767685353
35,104,142,0.173290048327326
35,104,144,0.158354615310386
35,104,146,0.143338054984536
35,104,148,0.128680250524903
35,104,150,0.114825014055567
35,104,152,0.102190552432853
35,104,154,0.0911389646767144
35,104,156,0.081947383937122
35,104,158,0.0747835611184467
35,104,160,0.0696885831834202
35,104,162,0.0665689988754517
35,104,164,0.0651998985268515
35,104,166,0.0652395151098318
35,104,168,0.0662547728447411
35,104,170,0.0677560308897407
35,104,172,0.0692381934350705
35,104,174,0.0702245234923686
35,104,176,0.0703090247971546
35,104,178,0.0691932247266536
35,104,180,0.0667136285396313
35,106,0,4.82413308903293
35,106,2,4.79603011974313
35,106,4,4.75444073181344
35,106,6,4.6992236171685
35,106,8,4.63044598118266
35,106,10,4.5483922067319
35,106,12,4.45356022021707
35,106,14,4.34664692163487
35,106,16,4.22852495877582
35,106,18,4.10021366030404
35,106,20,3.96284706232207
35,106,22,3.81764170279812
35,106,24,3.66586630738776
35,106,26,3.50881477250953
35,106,28,3.34778310055927
35,106,30,3.18405027736584
35,106,32,3.01886259040307
35,106,34,2.85342061215655
35,106,36,2.68886801685739
35,106,38,2.52628152417412
35,106,40,2.36666150975232
35,106,42,2.21092311960016
35,106,44,2.05988800756368
35,106,46,1.91427703182014
35,106,48,1.77470436755909
35,106,50,1.64167351075217
35,106,52,1.51557557287045
35,106,54,1.3966901225117
35,106,56,1.28518864763657
35,106,58,1.18114052230572
35,106,60,1.08452119078207
35,106,62,0.995222148459308
35,106,64,0.913062213584361
35,106,66,0.837799548369373
35,106,68,0.769143898537578
35,106,70,0.706768567897988
35,106,72,0.65032171821744
35,106,74,0.599436673102355
35,106,76,0.553740997510007
35,106,78,0.512864213519026
35,106,80,0.476444092098319
35,106,82,0.444131526204925
35,106,84,0.415594041141305
35,106,86,0.390518033989392
35,106,88,0.368609856693341
35,106,90,0.349595869431117
35,106,92,0.333221595221465
35,106,94,0.31925010634245
35,106,96,0.307459771083683
35,106,98,0.297641488318876
35,106,100,0.289595539615166
35,106,102,0.283128195733507
35,106,104,0.278048227310664
35,106,106,0.274163488231323
35,106,108,0.271277763616018
35,106,110,0.269188100174003
35,106,112,0.267682861295223
35,106,114,0.266540767756665
35,106,116,0.265531191187255
35,106,118,0.264415954529132
35,106,120,0.262952854487124
35,106,122,0.260901048894409
35,106,124,0.258028342441413
35,106,126,0.254120255997257
35,106,128,0.248990581216357
35,106,130,0.242492912702546
35,106,132,0.234532430952404
35,106,134,0.225077003674296
35,106,136,0.214166509600313
35,106,138,0.20191919949572
35,106,140,0.188533925039416
35,106,142,0.174287213405942
35,106,144,0.159524458562203
35,106,146,0.144644938166711
35,106,148,0.130080926076543
35,106,150,0.116271811608433
35,106,152,0.103634794370512
35,106,154,0.0925343190176824
35,106,156,0.083252862476517
35,106,158,0.0759659066348043
35,106,160,0.0707238592799811
35,106,162,0.0674432918458065
35,106,164,0.0659091498620971
35,106,166,0.0657886100882445
35,106,168,0.0666560985370694
35,106,170,0.068027771468088
35,106,172,0.0694026423347237
35,106,174,0.0703066580925204
35,106,176,0.0703355150198757
35,106,178,0.0691919447573077
35,106,180,0.0667136285396325
35,108,0,4.82413308903293
35,108,2,4.79664172902992
35,108,4,4.7560463276025
35,108,6,4.70220490467189
35,108,8,4.63517107687968
35,108,10,4.55520263052693
35,108,12,4.46275838909876
35,108,14,4.35848475989083
35,108,16,4.24319422130467
35,108,18,4.11783850165908
35,108,20,3.98347927539321
35,108,22,3.84125890352442
35,108,24,3.69237316667464
35,108,26,3.53804720854761
35,108,28,3.3795151610025
35,108,30,3.21800327823914
35,108,32,3.05471595186645
35,108,34,2.8908237510174
35,108,36,2.72745262742183
35,108,38,2.56567360240235
35,108,40,2.4064925451305
35,108,42,2.25083998475556
35,108,44,2.0995612047451
35,108,46,1.95340709422303
35,108,48,1.81302634903601
35,108,50,1.67895961871355
35,108,52,1.55163609815208
35,108,54,1.43137289209632
35,108,56,1.31837727015397
35,108,58,1.21275171386707
35,108,60,1.11450146374254
35,108,62,1.02354412326226
35,108,64,0.939720779516395
35,108,66,0.862808058236876
35,108,68,0.792530539642323
35,108,70,0.728573010916786
35,108,72,0.670592109244496
35,108,74,0.618227003692977
35,108,76,0.571108863655732
35,108,78,0.528868956959117
35,108,80,0.491145305606783
35,108,82,0.45758789756409
35,108,84,0.42786250736713
35,108,86,0.401653216941549
35,108,88,0.37866375248269
35,108,90,0.358617766137166
35,108,92,0.341258195592132
35,108,94,0.326345833742088
35,108,96,0.31365723749172
35,108,98,0.302982102304907
35,108,100,0.294120229715178
35,108,102,0.286878220475121
35,108,104,0.281066037417374
35,108,106,0.276493599625242
35,108,108,0.272967592323862
35,108,110,0.27028870296282
35,108,112,0.268249519906109
35,108,114,0.266633351247409
35,108,116,0.265214231527136
35,108,118,0.263758376568169
35,108,120,0.262027313884489
35,108,122,0.259782851227703
35,108,124,0.256793943535742
35,108,126,0.25284537661299
35,108,128,0.247748006664064
35,108,130,0.241350086667854
35,108,132,0.233548988798756
35,108,134,0.224302419078673
35,108,136,0.213638044747902
35,108,138,0.201660348914534
35,108,140,0.188553523470132
35,108,142,0.174579337859948
35,108,144,0.160069195493964
35,108,146,0.145410012914227
35,108,148,0.131024110575618
35,108,150,0.11734394714238
35,108,152,0.10478319907269
35,108,154,0.0937063048510476
35,108,156,0.0843990712484596
35,108,158,0.0770431934415756
35,108,160,0.0716975040643727
35,108,162,0.0682883997837473
35,108,164,0.0666111986252462
35,108,166,0.0663432028228896
35,108,168,0.06706807052834
35,108,170,0.0683098620602802
35,108,172,0.0695739716988156
35,108,174,0.0703912366492888
35,108,176,0.0703609644053638
35,108,178,0.0691885324938624
35,108,180,0.0667136285396336
35,110,0,4.82413308903292
35,110,2,4.79726985298344
35,110,4,4.75766943907649
35,110,6,4.70519349054663
35,110,8,4.63988644593244
35,110,10,4.56198378901071
35,110,12,4.47190921702093
35,110,14,4.37026213852599
35,110,16,4.25779774485964
35,110,18,4.13540234091407
35,110,20,4.00406665053284
35,110,22,3.86485947430749
35,110,24,3.71890347214098
35,110,26,3.56735410045753
35,110,28,3.41138199155415
35,110,30,3.25215843936335
35,110,32,3.0908432343853
35,110,34,2.92857390721863
35,110,36,2.76645548537357
35,110,38,2.60555009464445
35,110,40,2.44686607336545
35,110,42,2.29134663696483
35,110,44,2.13985846025658
35,110,46,1.99318078301813
35,110,48,1.85199576178023
35,110,50,1.7168807830829
35,110,52,1.58830333706355
35,110,54,1.4666188555364
35,110,56,1.3520716825965
35,110,58,1.24479910464064
35,110,60,1.14483815110138
35,110,62,1.05213470864035
35,110,64,0.966554381435315
35,110,66,0.887894480511068
35,110,68,0.8158965302965
35,110,70,0.750258730207577
35,110,72,0.690647890020006
35,110,74,0.636710456741925
35,110,76,0.588082355558049
35,110,78,0.544397468432849
35,110,80,0.505294664128167
35,110,82,0.470423368465158
35,110,84,0.439447721853447
35,110,86,0.412049412621105
35,110,88,0.38792930116856
35,110,90,0.366807964057785
35,110,92,0.348425291980069
35,110,94,0.332539274443223
35,110,96,0.318924100218017
35,110,98,0.307367699036978
35,110,100,0.297668849264552
35,110,102,0.289633980207688
35,110,104,0.283073807661982
35,110,106,0.277799957596343
35,110,108,0.273621754964657
35,110,110,0.270343380714603
35,110,112,0.267761627037217
35,110,114,0.265664504261756
35,110,116,0.263830966694716
35,110,118,0.262032022174112
35,110,120,0.260033463615955
35,110,122,0.257600403066597
35,110,124,0.254503693836876
35,110,126,0.250528191108904
35,110,128,0.245482627311581
35,110,130,0.23921067280417
35,110,132,0.231602529255752
35,110,134,0.222606184206567
35,110,136,0.212237268913541
35,110,138,0.200586340473163
35,110,140,0.18782238701163
35,110,142,0.174191461021076
35,110,144,0.160009600503543
35,110,146,0.145649604720788
35,110,148,0.131521775019634
35,110,150,0.118049372527287
35,110,152,0.105640222312435
35,110,154,0.0946565287861313
35,110,156,0.0853854708980343
35,110,158,0.0780134311182499
35,110,160,0.0726067075451081
35,110,162,0.0691012205505209
35,110,164,0.0673030505072474
35,110,166,0.0669006736291736
35,110,168,0.0674885871213893
35,110,170,0.0686007598764606
35,110,172,0.0697511627724464
35,110,174,0.0704776801815094
35,110,176,0.0703851210593964
35,110,178,0.0691829339786621
35,110,180,0.0667136285396347
35,112,0,4.82413308903292
35,112,2,4.79791305073999
35,112,4,4.75930527170939
35,112,6,4.70817917752201
35,112,8,4.64457438662951
35,112,10,4.56870842218148
35,112,12,4.48097399180627
35,112,14,4.38192727556465
35,112,16,4.27226944757811
35,112,18,4.1528240500348
35,112,20,4.024512822737
35,112,22,3.88833221697483
35,112,24,3.74533219207386
35,112,26,3.59659813990184
35,112,28,3.44323604504357
35,112,30,3.2863603846466
35,112,32,3.1270838824564
35,112,34,2.9665080893152
35,112,36,2.80571385354569
35,112,38,2.6457510173953
35,112,40,2.48762705491447
35,112,42,2.33229477032799
35,112,44,2.18063953057032
35,112,46,2.03346675718038
35,112,48,1.89149052249386
35,112,50,1.75532407996504
35,112,52,1.62547302691415
35,112,54,1.5023315829864
35,112,56,1.38618220868702
35,112,58,1.27719852437028
35,112,60,1.17545125355345
35,112,62,1.08091672829735
35,112,64,0.993487370806301
35,112,66,0.912983506543886
35,112,68,0.839165864271968
35,112,70,0.771748166391855
35,112,72,0.710409295011415
35,112,74,0.654804621115781
35,112,76,0.604576193259396
35,112,78,0.559361587917618
35,112,80,0.518801318525405
35,112,82,0.482544779679789
35,112,84,0.450254764970074
35,112,86,0.421610641497934
35,112,88,0.396310292974198
35,112,90,0.374070958959682
35,112,92,0.354629103543569
35,112,94,0.337739445912976
35,112,96,0.323173281178021
35,112,98,0.310716215525745
35,112,100,0.300165437913867
35,112,102,0.291326653169041
35,112,104,0.284010809941832
35,112,106,0.278030772097822
35,112,108,0.27319810342053
35,112,110,0.269320161443333
35,112,112,0.266197723973447
35,112,114,0.263623397156022
35,112,116,0.261381071070753
35,112,118,0.259246690962275
35,112,120,0.256990591631668
35,112,122,0.25438159164562
35,112,124,0.251192956401194
35,112,126,0.247210210867745
35,112,128,0.242240614385806
35,112,130,0.236123907419415
35,112,132,0.228743716873425
35,112,134,0.220038783324188
35,112,136,0.210012978108298
35,112,138,0.198742943552382
35,112,140,0.186382150136095
35,112,142,0.173160251142994
35,112,144,0.159376850279435
35,112,146,0.145389187598316
35,112,148,0.131593780420328
35,112,150,0.11840269218302
35,112,152,0.106215783618457
35,112,154,0.0953909486945968
35,112,156,0.0862148626897159
35,112,158,0.0788770824146594
35,112,160,0.0734503638416433
35,112,162,0.0698797529781924
35,112,164,0.0679823539459029
35,112,166,0.0674587226886705
35,112,168,0.0679156616893708
35,112,170,0.0688989273241557
35,112,172,0.0699331605103883
35,112,174,0.0705653733995256
35,112,176,0.0704077140335865
35,112,178,0.0691750920237068
35,112,180,0.0667136285396358
35,114,0,4.82413308903293
35,114,2,4.79856989616861
35,114,4,4.76094912419757
35,114,6,4.71115196210054
35,114,8,4.64921747242128
35,114,10,4.57534956941833
35,114,12,4.48991423528147
35,114,14,4.39342844323722
35,114,16,4.28654299209257
35,114,18,4.17002180116582
35,114,20,4.04472015553579
35,114,22,3.91156398292612
35,114,24,3.7715315910015
35,114,26,3.62563853242843
35,114,28,3.47492553310967
35,114,30,3.32044883386961
35,114,32,3.16327193572029
35,114,34,3.00445763365204
35,114,36,2.84505935624986
35,114,38,2.68611114282589
35,114,40,2.52861600750004
35,114,42,2.37353287583655
35,114,44,2.22176265854327
35,114,46,2.07413429317311
35,114,48,1.93139170987412
35,114,50,1.79418265870805
35,114,52,1.66305019381221
35,114,54,1.53842737864959
35,114,56,1.42063549851439
35,114,58,1.30988578229318
35,114,60,1.2062843795986
35,114,62,1.10984013609738
35,114,64,1.02047457222656
35,114,66,0.938033401160908
35,114,68,0.862298915109356
35,114,70,0.793002613366565
35,114,72,0.729837526721357
35,114,74,0.672469796035854
35,114,76,0.620549174593256
35,114,78,0.573718233167783
35,114,80,0.53162014568171
35,114,82,0.493905016775814
35,114,84,0.460234778321091
35,114,86,0.430286729723786
35,114,88,0.403755828327659
35,114,90,0.380355853877879
35,114,92,0.359819578066026
35,114,94,0.341898070041777
35,114,96,0.326359264823435
35,114,98,0.312985916888332
35,114,100,0.301573058602543
35,114,102,0.291925084768443
35,114,104,0.283852592001072
35,114,106,0.277169115685673
35,114,108,0.271687927771893
35,114,110,0.267219084351136
35,114,112,0.263566940261848
35,114,114,0.260528374851921
35,114,116,0.257891993009488
35,114,118,0.255438571851749
35,114,120,0.252943008336559
35,114,122,0.250177978676834
35,114,124,0.2469194398806
35,114,126,0.242953982473567
35,114,128,0.23808788098014
35,114,130,0.232157490228391
35,114,132,0.225040413244348
35,114,134,0.216666640383132
35,114,136,0.207028656713731
35,114,138,0.196189368358762
35,114,140,0.184286643462892
35,114,142,0.171533331995705
35,114,144,0.15821184438102
35,114,146,0.144662740974326
35,114,148,0.131267301644927
35,114,150,0.118424672771238
35,114,152,0.10652486987282
35,114,154,0.0959195700380618
35,114,156,0.0868931693136547
35,114,158,0.0796369156325834
35,114,160,0.074228979990638
35,114,162,0.0706230468271062
35,114,164,0.0686473774807444
35,114,166,0.0680153636128236
35,114,168,0.0683474242574463
35,114,170,0.0692028363124212
35,114,172,0.0701188777168559
35,114,174,0.0706536675224921
35,114,176,0.0704284547096542
35,114,178,0.0691649465734133
35,114,180,0.0667136285396367
35,116,0,4.82413308903292
35,116,2,4.79923898298176
35,116,4,4.76259640932242
35,116,6,4.71410208412689
35,116,8,4.65379864446494
35,116,10,4.58188071907734
35,116,12,4.49869192188593
35,116,14,4.40471426331738
35,116,16,4.30055215898104
35,116,18,4.18691351150732
35,116,20,4.06459024142972
35,116,22,3.93444020384597
35,116,24,3.79737175676645
35,116,26,3.65433148018913
35,116,28,3.50629481983871
35,116,30,3.35425886202604
35,116,32,3.19923611223882
35,116,34,3.0422480772528
35,116,36,2.88431761854232
35,116,38,2.72645939525383
35,116,40,2.56966816668768
35,116,42,2.41490518992825
35,116,44,2.26308335050109
35,116,46,2.11505194639874
35,116,48,1.97158217919994
35,116,50,1.83335438824481
35,116,52,1.70094791568773
35,116,54,1.57483424798556
35,116,56,1.45537378634386
35,116,58,1.34281629750401
35,116,60,1.23730482300381
35,116,62,1.13888260536782
35,116,64,1.04750243771088
35,116,66,0.96303776226575
35,116,68,0.885294827926785
35,116,70,0.814025255605284
35,116,72,0.748938438447689
35,116,74,0.689713306558663
35,116,76,0.636009098820711
35,116,78,0.587474896185259
35,116,80,0.543757772919868
35,116,82,0.504509509303592
35,116,84,0.469391878516764
35,116,86,0.438080571599861
35,116,88,0.4102678586865
35,116,90,0.385664104719527
35,116,92,0.363998266667165
35,116,94,0.345017500273206
35,116,96,0.328486000993278
35,116,98,0.314183199163239
35,116,100,0.301901426424147
35,116,102,0.291443171312871
35,116,104,0.282618048434037
35,116,106,0.275239618729512
35,116,108,0.269122218118332
35,116,110,0.264077977154916
35,116,112,0.259914243015069
35,116,114,0.256431643286374
35,116,116,0.253423053422622
35,116,118,0.250673739637599
35,116,120,0.247962938756319
35,116,122,0.245067098082102
35,116,124,0.241764924392922
35,116,126,0.237844276634788
35,116,128,0.233110780458926
35,116,130,0.227397848736961
35,116,132,0.220577571883305
35,116,134,0.21257171433833
35,116,136,0.203361845612522
35,116,138,0.192997478463504
35,116,140,0.181601018328632
35,116,142,0.169368380191657
35,116,144,0.156564326731857
35,116,146,0.143511935748386
35,116,148,0.130576106567388
35,116,150,0.11814163216444
35,116,152,0.106587039930386
35,116,154,0.09625606272603
35,116,156,0.0874291534889349
35,116,158,0.0802978098212487
35,116,160,0.0749445503271063
35,116,162,0.0713311288340155
35,116,164,0.069296971519879
35,116,166,0.0685689076603977
35,116,168,0.0687821180970033
35,116,170,0.0695109703255573
35,116,172,0.0703071984608327
35,116,174,0.070741883012107
35,116,176,0.0704470382488535
35,116,178,0.0691524350957966
35,116,180,0.0667136285396376
35,118,0,4.82413308903292
35,118,2,4.79991892967635
35,118,4,4.76424267433566
35,118,6,4.71702007585864
35,118,8,4.65830130435046
35,118,10,4.58827596001442
35,118,12,4.50726970230797
35,118,14,4.41573401210945
35,118,16,4.31423123600555
35,118,18,4.20341731138366
35,118,20,4.08402443362367
35,118,22,3.95684546157391
35,118,24,3.82272117298912
35,118,26,3.68253071283252
35,118,28,3.53718486068368
35,118,30,3.38762119284449
35,118,32,3.23479990396486
35,118,34,3.07969900739196
35,118,36,2.92330783079733
35,118,38,2.7666181038467
35,118,40,2.61061241481937
35,118,42,2.45625030450361
35,118,44,2.3044526896454
35,118,46,2.15608560736131
35,118,48,2.01194441625073
35,118,50,1.87273957711478
35,118,52,1.73908498715483
35,118,54,1.61148959315885
35,118,56,1.49035270583305
35,118,58,1.37596312301469
35,118,60,1.26850188135821
35,118,62,1.1680482212246
35,118,64,1.07458818320101
35,118,66,0.988025161125994
35,118,68,0.908191710834784
35,118,70,0.834861944920974
35,118,72,0.767763917072459
35,118,74,0.706591499553059
35,118,76,0.65101536983269
35,118,78,0.600692835250974
35,118,80,0.555276328962002
35,118,82,0.514420500381774
35,118,84,0.477787895907129
35,118,86,0.445053280105382
35,118,88,0.415906684972758
35,118,90,0.390055297526719
35,118,92,0.367224306955475
35,118,94,0.347156835147985
35,118,96,0.329613072053457
35,118,98,0.314368733175335
35,118,100,0.301212953463651
35,118,102,0.289945732349928
35,118,104,0.280375050514744
35,118,106,0.272313791322426
35,118,108,0.265576618953669
35,118,110,0.25997699029383
35,118,112,0.255324506492294
35,118,114,0.251422839243466
35,118,116,0.248068491162125
35,118,118,0.245050662588843
35,118,120,0.242152491095244
35,118,122,0.239153896732872
35,118,124,0.235836198127975
35,118,126,0.231988556294035
35,118,128,0.227416152601459
35,118,130,0.221949818212646
35,118,132,0.215456614906652
35,118,134,0.207850639878255
35,118,136,0.199103115822527
35,118,138,0.189250664621822
35,118,140,0.178400583503546
35,118,142,0.166731980255428
35,118,144,0.154491805084763
35,118,146,0.141985153322021
35,118,148,0.129559698312501
35,118,150,0.117584717228991
35,118,152,0.106425839925786
35,118,154,0.096417307233151
35,118,156,0.0878340815782296
35,118,158,0.0808665182980863
35,118,160,0.075600400337834
35,118,162,0.0720049073905579
35,118,164,0.0699305160278399
35,118,166,0.0691179394110275
35,118,168,0.0692180917015103
35,118,170,0.0698218244036111
35,118,172,0.070496980800921
35,118,174,0.0708293122227592
35,118,176,0.0704631451018106
35,118,178,0.0691374930002703
35,118,180,0.0667136285396384
35,120,0,4.82413308903293
35,120,2,4.8006083842802
35,120,4,4.76588362074618
35,120,6,4.71989681022367
35,120,8,4.66270940639623
35,120,10,4.59451013406177
35,120,12,4.51561113083216
35,120,14,4.4264379335851
35,120,16,4.32751542179962
35,120,18,4.21945203489541
35,120,20,4.10292440997756
35,120,22,3.97866410057786
35,120,24,3.84744734403249
35,120,26,3.71008807851934
35,120,28,3.56743370453027
35,120,30,3.4203625511032
35,120,32,3.26978171618582
35,120,34,3.11662392667345
35,120,36,2.96184228364868
35,120,38,2.80640216129626
35,120,40,2.65127003036815
35,120,42,2.49739948967971
35,120,44,2.34571523245689
35,120,46,2.19709599022493
35,120,48,2.05235765445426
35,120,50,1.91223777224865
35,120,52,1.77738246742734
35,120,54,1.64833658919006
35,120,56,1.52553758183986
35,120,58,1.40931324542455
35,120,60,1.29988325703485
35,120,62,1.19736407407231
35,120,64,1.10177666056919
35,120,66,1.01305637088183
35,120,68,0.931064287795039
35,120,70,0.855599333693931
35,120,72,0.786410539707588
35,120,74,0.723208953198357
35,120,76,0.665678774136024
35,120,78,0.613487423452443
35,120,80,0.566294352028925
35,120,82,0.523758491212409
35,120,84,0.485544321225954
35,120,86,0.451326591471933
35,120,88,0.42079376730277
35,120,90,0.393650303422338
35,120,92,0.369617857542811
35,120,94,0.348435562510635
35,120,96,0.329859474172957
35,120,98,0.313661308991639
35,120,100,0.299626582743331
35,120,102,0.28755226206903
35,120,104,0.277244046111408
35,120,106,0.268513407277568
35,120,108,0.261174538712119
35,120,110,0.255041380732532
35,120,112,0.249924927374688
35,120,114,0.245631043979547
35,120,116,0.241959052525992
35,120,118,0.23870135678499
35,120,120,0.235644376743912
35,120,122,0.23257103296538
35,120,124,0.229264958878985
35,120,126,0.225516516555042
35,120,128,0.221130546871563
35,120,130,0.215935601020713
35,120,132,0.209794186708826
35,120,134,0.202613336701871
35,120,136,0.194354594858196
35,120,138,0.185042347138688
35,120,140,0.174769337294222
35,120,142,0.163698232742005
35,120,144,0.152058272240033
35,120,146,0.140136346723598
35,120,148,0.128262332462057
35,120,150,0.116789083034498
35,120,152,0.106068141203722
35,120,154,0.0964228803538546
35,120,156,0.0881213406114483
35,120,158,0.0813513968460566
35,120,160,0.0762010044732898
35,120,162,0.0726460587964331
35,120,164,0.0705478559123427
35,120,166,0.0696612848662998
35,120,168,0.0696537866108529
35,120,170,0.0701339032165974
35,120,172,0.0706870588744109
35,120,174,0.0709152219742103
35,120,176,0.0704764425748413
35,120,178,0.0691200540801809
35,120,180,0.0667136285396391
35,122,0,4.82413308903293
35,122,2,4.80130602887991
35,122,4,4.76751512338779
35,122,6,4.72272354794216
35,122,8,4.66700754887917
35,122,10,4.60055898842718
35,122,12,4.52368089497126
35,122,14,4.43677755898505
35,122,16,4.34034124239561
35,122,18,4.23493773219165
35,122,20,4.12119276969192
35,122,22,3.99978088612299
35,122,24,3.87141747944587
35,122,26,3.73685420738106
35,122,28,3.59687707806122
35,122,30,3.45230610110693
35,122,32,3.30399508765534
35,122,34,3.1528301803856
35,122,36,2.99972593027094
35,122,38,2.8456181550938
35,122,40,2.69145333268413
35,122,42,2.53817481045353
35,122,44,2.38670657252029
35,122,46,2.23793563774641
35,122,48,2.09269433444486
35,122,50,1.95174370605051
35,122,52,1.81575916600106
35,122,54,1.68531927539927
35,122,56,1.56089820806123
35,122,58,1.44286213913775
35,122,60,1.33146948469934
35,122,62,1.22687465974742
35,122,64,1.12913482878294
35,122,66,1.03821900285196
35,122,68,0.954018787008602
35,122,70,0.876360092677881
35,122,72,0.805015186752375
35,122,74,0.739714538269548
35,122,76,0.680158029655458
35,122,78,0.626025210261513
35,122,80,0.576984375514775
35,122,82,0.532700348704146
35,122,84,0.492840920327824
35,122,86,0.457081960552144
35,122,88,0.425111264098764
35,122,90,0.396631215565878
35,122,92,0.371360379448493
35,122,94,0.349034126065097
35,122,96,0.329404405487324
35,122,98,0.312238779591562
35,122,100,0.29731882044622
35,122,102,0.284437983973581
35,122,104,0.273399073228875
35,122,106,0.264011417116447
35,122,108,0.256087908482076
35,122,110,0.249442069820855
35,122,112,0.243885343614229
35,122,114,0.239224834408132
35,122,116,0.235261756457971
35,122,118,0.231790857864793
35,122,120,0.228601092135445
35,122,122,0.225477782899379
35,122,124,0.222206469321833
35,122,126,0.218578522475411
35,122,128,0.214398483825151
35,122,130,0.209492898416573
35,122,132,0.203720206403503
35,122,134,0.196981034003713
35,122,136,0.189228013368313
35,122,138,0.180474091157772
35,122,140,0.170798192294122
35,122,142,0.160347121880215
35,122,144,0.14933274144521
35,122,146,0.138023759449199
35,122,148,0.126731925838007
35,122,150,0.115792989473664
35,122,152,0.105543415147681
35,122,154,0.096294492566655
35,122,156,0.0883060181920061
35,122,158,0.0817621036641957
35,122,160,0.076751782894956
35,122,162,0.0732568983635606
35,122,164,0.0711492261089976
35,122,166,0.0701979730912078
35,122,168,0.0700877216346889
35,122,170,0.0704457174630664
35,122,172,0.0708762444239471
35,122,174,0.0709988560585724
35,122,176,0.0704865864495671
35,122,178,0.0691000509781022
35,122,180,0.0667136285396397
35,124,0,4.82413308903293
35,124,2,4.80201058390692
35,124,4,4.7691332486477
35,124,6,4.72549198318733
35,124,8,4.67118106354377
35,124,10,4.60639932693207
35,124,12,4.53144504584486
35,124,14,4.44670603100237
35,124,16,4.35264697866475
35,124,18,4.24979620194449
35,124,20,4.13873366266193
35,124,22,4.02008171057596
35,124,24,3.89449924428865
35,124,26,3.76267925949329
35,124,28,3.62534907204781
35,124,30,3.48327200045692
35,124,32,3.33724903190828
35,124,34,3.18811899960786
35,124,36,3.03675604365654
35,124,38,2.88406355386799
35,124,40,2.73096431930519
35,124,42,2.57838714824303
35,124,44,2.42725069473014
35,124,46,2.27844557482925
35,124,48,2.13281604400882
35,124,50,1.99114253116235
35,124,52,1.85412620195216
35,124,54,1.7223764890681
35,124,56,1.59640222287835
35,124,58,1.47660666729993
35,124,60,1.3632864518756
35,124,62,1.25663412208953
35,124,64,1.15674382480441
35,124,66,1.06361951223779
35,124,68,0.977184984537693
35,124,70,0.897295089176422
35,124,72,0.823747442170191
35,124,74,0.756294116899556
35,124,76,0.694652846698333
35,124,78,0.638517394788523
35,124,80,0.587566849537556
35,124,82,0.541473697257325
35,124,84,0.499910604493746
35,124,86,0.462555905043186
35,124,88,0.429097833793141
35,124,90,0.399237581360146
35,124,92,0.372691262774379
35,124,94,0.349190903064905
35,124,96,0.328484545681032
35,124,98,0.310335589375587
35,124,100,0.29452145841047
35,124,102,0.280831712317638
35,124,104,0.26906570707668
35,124,106,0.259029930943841
35,124,108,0.250535155973912
35,124,110,0.243393570194437
35,124,112,0.237416083871359
35,124,114,0.232410033369443
35,124,116,0.22817753323133
35,124,118,0.224514745223355
35,124,120,0.221212334908779
35,124,122,0.218057363809202
35,124,124,0.214836810667911
35,124,126,0.211342822591641
35,124,128,0.207379662993236
35,124,130,0.202772150319033
35,124,132,0.19737517808481
35,124,134,0.191083688883415
35,124,136,0.18384226650922
35,124,138,0.175653341270931
35,124,140,0.166582907573877
35,124,142,0.156762662768695
35,124,144,0.146387618555528
35,124,146,0.13570852499628
35,124,148,0.125018878628148
35,124,150,0.114636834761834
35,124,152,0.104882961466412
35,124,154,0.0960553904401811
35,124,156,0.0884044556799041
35,124,158,0.0821092787310872
35,124,160,0.077258882512387
35,124,162,0.0738402398985875
35,124,164,0.0717351685321317
35,124,166,0.0707271926201111
35,124,168,0.0705184740936692
35,124,170,0.0707557788605943
35,124,172,0.0710633278514424
35,124,174,0.0710794376983708
35,124,176,0.0704932226533228
35,124,178,0.0690774156718422
35,124,180,0.0667136285396401
35,126,0,4.82413308903293
35,126,2,4.80272081215954
35,126,4,4.77073427173804
35,126,6,4.7281942874569
35,126,8,4.67521610271875
35,126,10,4.6120091589552
35,126,12,4.53887122765585
35,126,14,4.45617843045077
35,126,16,4.3643731023818
35,126,18,4.26395154205354
35,126,20,4.15545345066337
35,126,22,4.03945434931751
35,126,24,3.91656158066679
35,126,26,3.78741376847338
35,126,28,3.65268294869035
35,126,30,3.51307809871823
35,126,32,3.36934854242548
35,126,34,3.2222857183298
35,126,36,3.07272204504647
35,126,38,2.92152604472177
35,126,40,2.76959341282021
35,126,42,2.61783426584101
35,126,44,2.46715727954697
35,126,46,2.31845179009752
35,126,48,2.17256913511748
35,126,50,2.03030455349699
35,126,52,1.89238085700852
35,126,54,1.75943486597797
35,126,56,1.63200730692756
35,126,58,1.51053654584526
35,126,60,1.39535621572067
35,126,62,1.28669652185707
35,126,64,1.18468879324181
35,126,66,1.08937270221156
35,126,68,1.00070549767691
35,126,70,0.9185725820188
35,126,72,0.84279879661824
35,126,74,0.773159851905446
35,126,76,0.709393430839541
35,126,78,0.651209597310473
35,126,80,0.598300242881685
35,126,82,0.550347399072026
35,126,84,0.507030323211599
35,126,86,0.468031331407341
35,126,88,0.433040401896903
35,126,90,0.401758607113492
35,126,92,0.37390045520933
35,126,94,0.349195234290074
35,126,96,0.327387458192616
35,126,98,0.308236514338096
35,126,100,0.291515614912164
35,126,102,0.277010154968711
35,126,104,0.26451558718067
35,126,106,0.253834934431086
35,126,108,0.244776079027535
35,126,110,0.237148990822983
35,126,112,0.23076308451931
35,126,114,0.225424926093035
35,126,116,0.22093653526464
35,126,118,0.217094549374843
35,126,120,0.213690516820677
35,126,122,0.210512567535094
35,126,124,0.207348656289545
35,126,126,0.203991485803472
35,126,128,0.200245087801856
35,126,130,0.195932873112854
35,126,132,0.190906764810929
35,126,134,0.185056816786043
35,126,136,0.178320516856253
35,126,138,0.170690807721763
35,126,140,0.162221763223808
35,126,142,0.153030863315639
35,126,144,0.143296944577647
35,126,146,0.133253177814019
35,126,148,0.123174836838012
35,126,150,0.113362148651309
35,126,152,0.104119108575179
35,126,154,0.0957297387450668
35,126,156,0.0884337857574169
35,126,158,0.0824042106530943
35,126,160,0.0777289479141101
35,126,162,0.0743992472545954
35,126,164,0.072306443173708
35,126,166,0.0712482439308595
35,126,168,0.0709446587493088
35,126,170,0.0710625940253907
35,126,172,0.0712470789024732
35,126,174,0.0711561719767844
35,126,176,0.070495988978422
35,126,178,0.06905207997903
35,126,180,0.0667136285396405
35,128,0,4.82413308903293
35,128,2,4.80343552253986
35,128,4,4.77231469289486
35,128,6,4.73082315132839
35,128,8,4.67909972335909
35,128,10,4.61736784490669
35,128,12,4.54592890450849
35,128,14,4.46515210310057
35,128,16,4.37546271822808
35,128,18,4.27733071596468
35,128,20,4.17126139858357
35,128,22,4.05778926645132
35,128,24,3.93747560423056
35,128,26,3.81090959006329
35,128,28,3.67871208749187
35,128,30,3.54154080951168
35,128,32,3.40009530444873
35,128,34,3.25512022505473
35,128,36,3.10740558504256
35,128,38,2.95778312730901
35,128,40,2.80711844994424
35,128,42,2.65629907739402
35,128,44,2.50621914903498
35,128,46,2.35776176748155
35,128,48,2.2117802693174
35,128,50,2.06907974194182
35,128,52,1.93040002465198
35,128,54,1.79640122962418
35,128,56,1.66765253853932
35,128,58,1.54462471525213
35,128,60,1.42768646271744
35,128,62,1.31710447424664
35,128,64,1.21304680603348
35,128,66,1.11558904042453
35,128,68,1.0247226190717
35,128,70,0.940364696150093
35,128,72,0.862368883707897
35,128,74,0.790536320957077
35,128,76,0.724626583503962
35,128,78,0.66436804483811
35,128,80,0.60946740056719
35,128,82,0.559618158134713
35,128,84,0.514507975882979
35,128,86,0.473824802473058
35,128,88,0.437261819966205
35,128,90,0.404521231952692
35,128,92,0.375316963718722
35,128,94,0.349376357000106
35,128,96,0.326440950186727
35,128,98,0.30626643883465
35,128,100,0.288621913848294
35,128,102,0.273288478294984
35,128,104,0.260057350681047
35,128,106,0.248727574251108
35,128,108,0.239103469310903
35,128,110,0.230991988593348
35,128,112,0.224200162980369
35,128,114,0.21853285377646
35,128,116,0.213791054028175
35,128,118,0.209770999452401
35,128,120,0.206264352511899
35,128,122,0.203059703523224
35,128,124,0.199945583088661
35,128,126,0.19671509477144
35,128,128,0.193172152939996
35,128,130,0.189139149876066
35,128,132,0.184465686447269
35,128,134,0.17903779680141
35,128,136,0.172786901650153
35,128,138,0.165697564676941
35,128,140,0.157813033602342
35,128,142,0.14923755187718
35,128,144,0.140134553377887
35,128,146,0.130720113960128
35,128,148,0.121251426935682
35,128,150,0.112010571173153
35,128,152,0.103284406410092
35,128,154,0.0953419978401683
35,128,156,0.0884114659311057
35,128,158,0.0826584992830752
35,128,160,0.078168887906368
35,128,162,0.0749372817137121
35,128,164,0.0728639356889205
35,128,166,0.0717604893375952
35,128,168,0.0713649051283334
35,128,170,0.071364657560157
35,128,172,0.0714262470950747
35,128,174,0.0712282482646528
35,128,176,0.0704945168488027
35,128,178,0.0690239760780851
35,128,180,0.0667136285396408
35,130,0,4.82413308903293
35,130,2,4.80415357348594
35,130,4,4.77387125239338
35,130,6,4.73337182377501
35,130,8,4.68281996732544
35,130,10,4.62245623702137
35,130,12,4.55258958271051
35,130,14,4.47358698414071
35,130,16,4.38586200862223
35,130,18,4.28986413126692
35,130,20,4.18607039279527
35,130,22,4.07498046890444
35,130,24,3.95711557727526
35,130,26,3.83302096248502
35,130,28,3.70327108427969
35,130,30,3.5684761817244
35,130,32,3.42928865398175
35,130,34,3.28640770841788
35,130,36,3.14058096029578
35,130,38,2.9926020752799
35,130,40,2.84330405528903
35,130,42,2.69354830135367
35,130,44,2.54421007093987
35,130,46,2.39616132424947
35,130,48,2.25025218879726
35,130,50,2.10729235238359
35,130,52,1.96803363137643
35,130,54,1.8331547805807
35,130,56,1.70324934958009
35,130,58,1.57881708830693
35,130,60,1.46025909925602
35,130,62,1.34787665600291
35,130,64,1.24187337920302
35,130,66,1.14236029400293
35,130,68,1.04936318984223
35,130,70,0.962831660846408
35,130,72,0.88264921331143
35,130,74,0.808643874307611
35,130,76,0.740598809533705
35,130,78,0.678262547292023
35,130,80,0.62135849861451
35,130,82,0.569593553187454
35,130,84,0.522665611241527
35,130,86,0.480269979701117
35,130,88,0.442104615280103
35,130,90,0.407874238082236
35,130,92,0.377293367970239
35,130,94,0.350088354634875
35,130,96,0.325998483498046
35,130,98,0.304776246082665
35,130,100,0.286186868010769
35,130,102,0.27000719287766
35,130,104,0.256024028048308
35,130,106,0.244032070541934
35,130,108,0.233831548486603
35,130,110,0.225225736072213
35,130,112,0.218018526290698
35,130,114,0.212012273474115
35,130,116,0.207006142728697
35,130,118,0.202795220409445
35,130,120,0.199170642218829
35,130,122,0.195920976153967
35,130,124,0.192835049423562
35,130,126,0.189706326108071
35,130,128,0.186338823142078
35,130,130,0.182554397998192
35,130,132,0.178201059905779
35,130,134,0.173161761892464
35,130,136,0.167362944433329
35,130,138,0.160781949596012
35,130,140,0.153452336833839
35,130,142,0.145466136697882
35,130,144,0.136972199704929
35,130,146,0.128170046491563
35,130,148,0.11929899866241
35,130,150,0.110622845022217
35,130,152,0.102410833164212
35,130,154,0.0949163123791562
35,130,156,0.088354819656933
35,130,158,0.0828837223874437
35,130,160,0.0785856433345645
35,130,162,0.0754577489378438
35,130,164,0.0734085638059189
35,130,166,0.0722633016668988
35,130,168,0.0717778339653443
35,130,170,0.0716604446833955
35,130,172,0.0715995620144846
35,130,174,0.0712948426714562
35,130,176,0.070488433132887
35,130,178,0.068993037043291
35,130,180,0.0667136285396411
35,132,0,4.82413308903293
35,132,2,4.80487387608095
35,132,4,4.7754009442727
35,132,6,4.73583414872544
35,132,8,4.68636593721332
35,132,10,4.62725681423469
35,132,12,4.55882702661048
35,132,14,4.48144591750535
35,132,16,4.39552067782762
35,132,18,4.3014862264519
35,132,20,4.19979768251462
35,132,22,4.09092640564065
35,132,24,3.97535995747976
35,132,26,3.85360568195779
35,132,28,3.72619701383959
35,132,30,3.59370119081469
35,132,32,3.45672681958894
35,132,34,3.31592975179871
35,132,36,3.17201594530461
35,132,38,3.0257403746158
35,132,40,2.87790154475619
35,132,42,2.72933168185425
35,132,44,2.58088315131498
35,132,46,2.43341203470694
35,132,48,2.28776004362195
35,132,50,2.14473604908415
35,132,52,2.00509846554831
35,132,54,1.8695395723293
35,132,56,1.73867261594103
35,132,58,1.61302225183663
35,132,60,1.49301858945652
35,132,62,1.37899483063999
35,132,64,1.27118826049088
35,132,66,1.16974417483414
35,132,68,1.07472221407428
35,132,70,0.986104517134842
35,132,72,0.903805103692198
35,132,74,0.827679927558823
35,132,76,0.757537107093587
35,132,78,0.693146918525183
35,132,80,0.6342512250459
35,132,82,0.580572100421322
35,132,84,0.53181948482539
35,132,86,0.487697778955222
35,132,88,0.447911338414869
35,132,90,0.412168873651962
35,132,92,0.380186792344818
35,132,94,0.351691542861906
35,132,96,0.326421031561125
35,132,98,0.304125195827691
35,132,100,0.284565821463986
35,132,102,0.267515699782234
35,132,104,0.252757228615738
35,132,106,0.240080574046448
35,132,108,0.229281526828774
35,132,110,0.220159209244199
35,132,112,0.212513813307029
35,132,114,0.206144577431537
35,132,116,0.20084823205803
35,132,118,0.196418160178932
35,132,120,0.192644519984609
35,132,122,0.18931555718824
35,132,124,0.186220287500956
35,132,126,0.183152650154452
35,132,128,0.179917119053116
35,132,130,0.176335611070928
35,132,132,0.172255358687583
35,132,134,0.167557230360881
35,132,136,0.162163806763133
35,132,138,0.15604637933651
35,132,140,0.149229957248325
35,132,142,0.14179537644678
35,132,144,0.133877721282973
35,132,146,0.125660505849645
35,132,148,0.117365414862462
35,132,150,0.109237851048058
35,132,152,0.101529037868439
35,132,154,0.0944759273454692
35,132,156,0.0882805965508331
35,132,158,0.0830911143927735
35,132,160,0.0789859616693655
35,132,162,0.075963949104937
35,132,164,0.0739411848393674
35,132,166,0.0727560130641909
35,132,168,0.072182033488948
35,132,170,0.0719484037395738
35,132,172,0.0717657335999052
35,132,174,0.0713551205491692
35,132,176,0.0704773620016622
35,132,178,0.0689591973916331
35,132,180,0.0667136285396413
35,134,0,4.82413308903293
35,134,2,4.80559539682261
35,134,4,4.77690102866901
35,134,6,4.73820459856019
35,134,8,4.6897278670508
35,134,10,4.6317538098881
35,134,12,4.56461746594337
35,134,14,4.48869496709566
35,134,16,4.40439239134431
35,134,18,4.3121360609057
35,134,20,4.21236563862122
35,134,22,4.10553090659778
35,134,24,3.9920925182596
35,134,26,3.87252639258757
35,134,28,3.74733086122107
35,134,30,3.6170352645518
35,134,32,3.48220847489307
35,134,34,3.34346582346681
35,134,36,3.20147311026397
35,134,38,3.05694674045297
35,134,40,2.91064949731563
35,134,42,2.76338196089852
35,134,44,2.61597004778575
35,134,46,2.46924952676787
35,134,48,2.32404862188131
35,134,50,2.18116993291316
35,134,52,2.04137288795221
35,134,54,1.90535781252989
35,134,56,1.77375248533392
35,134,58,1.64710178606163
35,134,60,1.5258607608161
35,134,62,1.41039116403024
35,134,64,1.30096130554603
35,134,66,1.19774885125827
35,134,68,1.10084610173333
35,134,70,1.01026720467979
35,134,72,0.925956738191493
35,134,74,0.847799123158382
35,134,76,0.775628374494794
35,134,78,0.709237771168902
35,134,80,0.64838910474185
35,134,82,0.59282124722596
35,134,84,0.542257855508526
35,134,86,0.496414097321571
35,134,88,0.455002340557604
35,134,90,0.417736792971393
35,134,92,0.38433711351835
35,134,94,0.354531041195643
35,134,96,0.328056104289662
35,134,98,0.304660484728039
35,134,100,0.284103121212276
35,134,102,0.266153143286065
35,134,104,0.250588738497292
35,134,106,0.237195567879955
35,134,108,0.225764861982401
35,134,110,0.216091350592022
35,134,112,0.207971203077183
35,134,114,0.201200180583279
35,134,116,0.19557222257715
35,134,118,0.190878703587007
35,134,120,0.186908595605528
35,134,122,0.183449751219514
35,134,124,0.180291476148504
35,134,126,0.177228482987241
35,134,128,0.174066208725943
35,134,130,0.170627339267686
35,134,132,0.166759222036753
35,134,134,0.162341676059379
35,134,136,0.157294546481406
35,134,138,0.151584220790376
35,134,140,0.145228252680685
35,134,142,0.138297250998856
35,134,144,0.130913304607228
35,134,146,0.123244438576579
35,134,148,0.115494928423113
35,134,150,0.107891716453852
35,134,152,0.100667640318764
35,134,154,0.0940426468004587
35,134,156,0.0882045625362962
35,134,158,0.0832912647496004
35,134,160,0.0793761834935052
35,134,162,0.0764589336362635
35,134,164,0.0744625064759918
35,134,166,0.0732378652293251
35,134,168,0.072576036261811
35,134,170,0.0722269489280876
35,134,172,0.0719234525507398
35,134,174,0.071408239078629
35,134,176,0.0704609268309976
35,134,178,0.0689223936389819
35,134,180,0.0667136285396415
35,136,0,4.82413308903293
35,136,2,4.80631716003816
35,136,4,4.77836904266276
35,136,6,4.74047830424998
35,136,8,4.69289718719677
35,136,10,4.63593333100694
35,136,12,4.5699397925968
35,136,14,4.49530371673933
35,136,16,4.41243520616746
35,136,18,4.3217579023799
35,136,20,4.22370252299041
35,136,22,4.11870415367457
35,136,24,4.00720353328391
35,136,26,3.88965198497703
35,136,28,3.7665191202067
35,136,30,3.63830204906084
35,136,32,3.50553461920612
35,136,34,3.36879519640562
35,136,36,3.22871168185061
35,136,38,3.08596279879175
35,136,40,2.94127511835625
35,136,42,2.79541576883471
35,136,44,2.64918122263846
35,136,46,2.50338292925351
35,136,48,2.35883082548068
35,136,50,2.21631588916961
35,136,52,2.0765929105873
35,136,54,1.94036455248057
35,136,56,1.80826758209689
35,136,58,1.68086191739834
35,136,60,1.55862286726171
35,136,62,1.44193668988562
35,136,64,1.33109936707186
35,136,66,1.22631830929451
35,136,68,1.12771657489986
35,136,70,1.03533910725044
35,136,72,0.949160461906668
35,136,74,0.869093504375606
35,136,76,0.794998598090621
35,136,78,0.72669286225145
35,136,80,0.66395915073522
35,136,82,0.606554478622792
35,136,84,0.554217695833583
35,136,86,0.506676273612841
35,136,88,0.463652126582483
35,136,90,0.424866439670451
35,136,92,0.390043505616081
35,136,94,0.358913605974381
35,136,96,0.331214988309746
35,136,98,0.306695006655649
35,136,100,0.285110503544155
35,136,102,0.266227522141272
35,136,104,0.249820448171567
35,136,106,0.2356706948445
35,136,108,0.223565060733659
35,136,110,0.213293910504336
35,136,112,0.204649350516427
35,136,114,0.197423593476672
35,136,116,0.191407725092533
35,136,118,0.186391096569722
35,136,120,0.18216156440722
35,136,122,0.178506777523432
35,136,124,0.175216665944102
35,136,126,0.172087211159564
35,136,128,0.168925474471289
35,136,130,0.165555728637483
35,136,132,0.161826387121573
35,136,134,0.157617266791871
35,136,136,0.152846571685041
35,136,138,0.147476869076726
35,136,140,0.141519268028258
35,136,142,0.13503502684671
35,136,144,0.128133926343898
35,136,146,0.120968958053279
35,136,148,0.113727185663961
35,136,150,0.106617024042229
35,136,152,0.0998526084758564
35,136,154,0.0936363494801789
35,136,156,0.0881411297728009
35,136,158,0.0834938427137386
35,136,160,0.0797620455335736
35,136,162,0.0769453716227675
35,136,164,0.0749730028394315
35,136,166,0.0737079623046112
35,136,168,0.0729582972555181
35,136,170,0.0724944535801743
35,136,172,0.0720713909780966
35,136,174,0.071453349967849
35,136,176,0.0704387521470653
35,136,178,0.068882564863147
35,136,180,0.0667136285396416
35,138,0,4.82413308903293
35,138,2,4.80703824993173
35,138,4,4.77980280955332
35,138,6,4.74265108185699
35,138,8,4.69586658279198
35,138,10,4.63978346790299
35,138,12,4.57477574467083
35,138,14,4.5012455555718
35,138,16,4.41961198710105
35,138,18,4.33030180539001
35,138,20,4.23374325994792
35,138,22,4.13036367371016
35,138,24,4.02059101401772
35,138,26,3.90485909250311
35,138,28,3.78361554989423
35,138,30,3.65733141094089
35,138,32,3.52651079071272
35,138,34,3.39169931578518
35,138,36,3.25348998441842
35,138,38,3.11252549696341
35,138,40,2.9694964925402
35,138,42,2.82513557328275
35,138,44,2.68020742648123
35,138,46,2.53549571947196
35,138,48,2.3917877076442
35,138,50,2.24985764446162
35,138,52,2.11045011233398
35,138,54,1.97426431692605
35,138,56,1.84194022756873
35,138,58,1.71404723091148
35,138,60,1.59107572305484
35,138,62,1.47343182384637
35,138,64,1.36143517745819
35,138,66,1.25531962098378
35,138,68,1.15523636606922
35,138,70,1.06125924987629
35,138,72,0.973391568346987
35,138,74,0.89157400067244
35,138,76,0.815693160886038
35,138,78,0.745590361684803
35,138,80,0.681070238320038
35,138,82,0.62190894910247
35,138,84,0.567861737610666
35,138,86,0.518669705573222
35,138,88,0.47406570171464
35,138,90,0.43377927915286
35,138,92,0.397540711961477
35,138,94,0.365084090951743
35,138,96,0.336149540955092
35,138,98,0.310484618689101
35,138,100,0.28784496366
35,138,102,0.267994286472712
35,138,104,0.250703791155116
35,138,106,0.235751142023319
35,138,108,0.22291910199018
35,138,110,0.211993988038313
35,138,112,0.202764109879124
35,138,114,0.195018377566649
35,138,116,0.188545279883839
35,138,118,0.183132443505844
35,138,120,0.178566978358287
35,138,122,0.174636792059032
35,138,124,0.171133011155725
35,138,126,0.167853575744512
35,138,128,0.164607976140267
35,138,130,0.161222978252109
35,138,132,0.157549045262741
35,138,134,0.153467018964291
35,138,136,0.148894491032639
35,138,138,0.143791192382391
35,138,140,0.138162678623833
35,138,142,0.132061611067318
35,138,144,0.12558604020752
35,138,146,0.118874298156117
35,138,148,0.112096392538932
35,138,150,0.105442148066112
35,138,152,0.099106731089752
35,138,154,0.0932745734955598
35,138,156,0.0881030348158086
35,138,158,0.0837073543800999
35,138,160,0.0801485042574265
35,138,162,0.0774254286856207
35,138,164,0.075472837637794
35,138,166,0.0741652275383364
35,138,168,0.0733271737980729
35,138,170,0.0727492442973353
35,138,172,0.0722082034227431
35,138,174,0.0714896022905473
35,138,176,0.0704104656134167
35,138,178,0.0688396532712498
35,138,180,0.0667136285396418
35,140,0,4.82413308903293
35,140,2,4.80775781225311
35,140,4,4.7812004464824
35,140,6,4.74471945513849
35,140,8,4.69863004514262
35,140,10,4.64329439287729
35,140,12,4.5791100756895
35,140,14,4.50649794540278
35,140,16,4.42589080397336
35,140,18,4.33772417324797
35,140,20,4.24243020006322
35,140,22,4.14043534101253
35,140,24,4.03216198534265
35,140,26,3.9180336684641
35,140,28,3.79848307207658
35,140,30,3.67396165981941
35,140,32,3.54494960145664
35,140,34,3.41196461255021
35,140,36,3.27556847476977
35,140,38,3.13637027731805
35,140,40,2.99502578950342
35,140,42,2.85223278708831
35,140,44,2.70872255914517
35,140,46,2.56524817285721
35,140,48,2.42257033785689
35,140,50,2.28144187061402
35,140,52,2.14259180913069
35,140,54,2.00671017779465
35,140,56,1.87443427043906
35,140,58,1.74633713099772
35,140,60,1.62291869202629
35,140,62,1.50459980663134
35,140,64,1.39171919981746
35,140,66,1.28453318622426
35,140,68,1.18321786199234
35,140,70,1.08787338272626
35,140,72,0.998529886125009
35,140,74,0.915154602207092
35,140,76,0.837659709316701
35,140,78,0.765910532387785
35,140,80,0.699733733363148
35,140,82,0.638925205030124
35,140,84,0.583257442836133
35,140,86,0.532486229892551
35,140,88,0.486356525220654
35,140,90,0.444607492549561
35,140,92,0.406976646024279
35,140,94,0.373203120346324
35,140,96,0.343030097176812
35,140,98,0.316206438575726
35,140,100,0.292487593568176
35,140,102,0.271635857389588
35,140,104,0.253420076172011
35,140,106,0.237614904038828
35,140,108,0.223999735473213
35,140,110,0.212357453389177
35,140,112,0.202473151657419
35,140,114,0.194133008034465
35,140,116,0.187123496625984
35,140,118,0.181231134403203
35,140,120,0.176242949483542
35,140,122,0.171947835330213
35,140,124,0.168138910690591
35,140,126,0.164616937323613
35,140,128,0.161194756028229
35,140,130,0.157702589082946
35,140,132,0.153993930789201
35,140,134,0.14995161845768
35,140,136,0.145493558864568
35,140,138,0.140577497714738
35,140,140,0.135204180658844
35,140,142,0.129418280884308
35,140,144,0.123306572434182
35,140,146,0.116993014573475
35,140,148,0.110630674725234
35,140,150,0.104390737930432
35,140,152,0.0984491999550914
35,140,154,0.0929721799150528
35,140,156,0.088101071716537
35,140,158,0.0839389366400353
35,140,160,0.0805395833233385
35,140,162,0.0779006605712049
35,140,164,0.0759617959579912
35,140,166,0.0746083647261442
35,140,168,0.0736809079771118
35,140,170,0.072989596243029
35,140,172,0.0723325283533222
35,140,174,0.0715161454910968
35,140,176,0.0703757000577987
35,140,178,0.0687936047688082
35,140,180,0.0667136285396419
35,142,0,4.82413308903293
35,142,2,4.80847505557893
35,142,4,4.78256037033764
35,142,6,4.74668067401406
35,142,8,4.70118291545152
35,142,10,4.64645844683833
35,142,12,4.58293070683634
35,142,14,4.51104266655749
35,142,16,4.43124530432914
35,142,18,4.34398829578794
35,142,20,4.24971386521216
35,142,22,4.14885437470497
35,142,24,4.04183378053961
35,142,26,3.92907262144668
35,142,28,3.81099578345497
35,142,30,3.68804196344522
35,142,32,3.56067356663241
35,142,34,3.42938573945942
35,142,36,3.2947133553033
35,142,38,3.15723501324726
35,142,40,3.01757344283411
35,142,42,2.87639208506919
35,142,44,2.73438799571984
35,142,46,2.59228154998035
35,142,48,2.45080368642266
35,142,50,2.31068159389327
35,142,52,2.1726238117621
35,142,54,2.0373056876049
35,142,56,1.90535603213544
35,142,58,1.7773456499954
35,142,60,1.65377823026547
35,142,62,1.53508387500065
35,142,64,1.42161534737617
35,142,66,1.3136469482403
35,142,68,1.21137579087354
35,142,70,1.11492514330117
35,142,72,1.02434944589393
35,142,74,0.939640586047183
35,142,76,0.86073501593724
35,142,78,0.787521326943033
35,142,80,0.71984793820428
35,142,82,0.657530610284105
35,142,84,0.600359552243312
35,142,86,0.548105947027395
35,142,88,0.500527772612978
35,142,90,0.457374842798577
35,142,92,0.418393030908346
35,142,94,0.383327671984857
35,142,96,0.351926164968517
35,142,98,0.323939817082188
35,142,100,0.299124989626215
35,142,102,0.277243619183113
35,142,104,0.258063202252684
35,142,106,0.241356345694888
35,142,108,0.226900000662566
35,142,110,0.214474513911065
35,142,112,0.203862646630867
35,142,114,0.194848725534431
35,142,116,0.187218101228732
35,142,118,0.180757091545528
35,142,120,0.175253578612276
35,142,122,0.170498404108608
35,142,124,0.166287664015896
35,142,126,0.162425940211207
35,142,128,0.158730421620652
35,142,130,0.155035765402563
35,142,132,0.151199435344734
35,142,134,0.14710714056682
35,142,136,0.142677896239257
35,142,138,0.137868155119739
35,142,140,0.132674430520266
35,142,142,0.127133862281988
35,142,144,0.121322277405434
35,142,146,0.115349469029345
35,142,148,0.10935165515456
35,142,150,0.103481365248024
35,142,152,0.0978953119773068
35,142,154,0.0927411020189435
35,142,156,0.0881438847390074
35,142,158,0.0841941914132704
35,142,160,0.0809382473491409
35,142,162,0.0783719233001859
35,142,164,0.0764392260051871
35,142,166,0.0750358252957911
35,142,168,0.0740176120173391
35,142,170,0.073213729852156
35,142,172,0.0724429902487318
35,142,174,0.0715321325791736
35,142,176,0.0703340955361705
35,142,178,0.0687443695278606
35,142,180,0.066713628539642
35,144,0,4.82413308903293
35,144,2,4.80918925219964
35,144,4,4.78388130187717
35,144,6,4.74853272868225
35,144,8,4.70352192035459
35,144,10,4.64927021270627
35,144,12,4.58622886013154
35,144,14,4.51486603866383
35,144,16,4.43565505598883
35,144,18,4.34906485432661
35,144,20,4.25555366272923
35,144,22,4.15556631408285
35,144,24,4.04953533336584
35,144,26,3.93788548057724
35,144,28,3.82104104808027
35,144,30,3.69943491485865
35,144,32,3.57351818309795
35,144,34,3.44376918211559
35,144,36,3.31070071911005
35,144,38,3.17486466680543
35,144,40,3.03685327320912
35,144,42,2.89729691916355
35,144,44,2.75685839421018
35,144,46,2.61622407324558
35,144,48,2.47609262622958
35,144,50,2.33716206204341
35,144,52,2.2001159880981
35,144,54,2.06560996264761
35,144,56,1.93425873870231
35,144,58,1.8066250645013
35,144,60,1.68321053603084
35,144,62,1.56444881247374
35,144,64,1.45070132397784
35,144,66,1.34225543730467
35,144,68,1.23932490889055
35,144,70,1.14205235221915
35,144,72,1.05051337866539
35,144,74,0.964722036296298
35,144,76,0.884637165290852
35,144,78,0.810169306025757
35,144,80,0.741187830258747
35,144,82,0.677528011152339
35,144,84,0.618997798684082
35,144,86,0.565384118806353
35,144,88,0.516458564174501
35,144,90,0.471982389098044
35,144,92,0.431710760360899
35,144,94,0.395396248365404
35,144,96,0.362791570049571
35,144,98,0.333651617085316
35,144,100,0.307734821174428
35,144,102,0.284803924118119
35,144,104,0.264626234965433
35,144,106,0.24697347090209
35,144,108,0.23162129314471
35,144,110,0.21834866388499
35,144,112,0.206937164502638
35,144,114,0.19717042727599
35,144,116,0.188833840345184
35,144,118,0.181714685769375
35,144,120,0.175602859838761
35,144,122,0.170292300067462
35,144,124,0.16558320181754
35,144,126,0.161285047869432
35,144,128,0.157220397016164
35,144,130,0.153229286085623
35,144,132,0.14917399989396
35,144,134,0.144943864822984
35,144,136,0.140459636010017
35,144,138,0.135676989262625
35,144,140,0.130588610633461
35,144,142,0.125224411106625
35,144,144,0.119649488911521
35,144,146,0.113959619133548
35,144,148,0.108274263062332
35,144,150,0.10272734280214
35,144,152,0.0974562962986748
35,144,154,0.092590183634596
35,144,156,0.0882378231378911
35,144,158,0.0844770620843403
35,144,160,0.081346303601481
35,144,162,0.0788393011829024
35,144,164,0.0769039918033408
35,144,166,0.075445781752604
35,144,168,0.0743352570784297
35,144,170,0.0734198091909562
35,144,172,0.0725382023563764
35,144,174,0.0715367235336601
35,144,176,0.0702853014306178
35,144,178,0.0686919025514
35,144,180,0.066713628539642
35,146,0,4.82413308903292
35,146,2,4.80989973860753
35,146,4,4.78516226802729
35,146,6,4.75027435919959
35,146,8,4.70564519877059
35,146,10,4.65172657454671
35,146,12,4.58899917054802
35,146,14,4.51795911289967
35,146,16,4.43910585378566
35,146,18,4.35293238504438
35,146,20,4.25991855559655
35,146,22,4.16052795341974
35,146,24,4.05520844181238
35,146,26,3.94439605709369
35,146,28,3.82852162722741
35,146,30,3.7080191989431
35,146,32,3.58333519447619
35,146,34,3.45493717323495
35,146,36,3.32332114801385
35,146,38,3.18901658474421
35,146,40,3.05258847268482
35,146,42,2.91463615482867
35,146,44,2.77578892041502
35,146,46,2.63669864959296
35,146,48,2.49803003757358
35,146,50,2.36044909386612
35,146,52,2.22461070296656
35,146,54,2.09114604701356
35,146,56,1.96065063710226
35,146,58,1.83367359238546
35,146,60,1.71070866209628
35,146,62,1.59218732315943
35,146,64,1.47847412171339
35,146,66,1.36986427440993
35,146,68,1.26658341488991
35,146,70,1.16878926853439
35,146,72,1.07657496694832
35,146,74,0.989973672022697
35,146,76,0.908964164852958
35,146,78,0.833477062745721
35,146,80,0.763401352735911
35,146,82,0.698590967067671
35,146,84,0.638871169963053
35,146,86,0.584044571440007
35,146,88,0.533896629589067
35,146,90,0.488200545195105
35,146,92,0.446721490452484
35,146,94,0.409220146156306
35,146,96,0.375455549229065
35,146,98,0.345187275341321
35,146,100,0.318177000614783
35,146,102,0.294189503007319
35,146,104,0.272993178983575
35,146,106,0.254360165270215
35,146,108,0.238066169303908
35,146,110,0.223890125310231
35,146,112,0.211613805090802
35,146,114,0.20102152216367
35,146,116,0.191900072878508
35,146,118,0.184039055983467
35,146,120,0.177231700064838
35,146,122,0.171276303641213
35,146,124,0.165978353409982
35,146,126,0.161153331341124
35,146,128,0.156630151890436
35,146,130,0.152255089741064
35,146,132,0.147895971945315
35,146,134,0.143446324472499
35,146,136,0.138829092462347
35,146,138,0.133999507661695
35,146,140,0.128946667171951
35,146,142,0.123693424474591
35,146,144,0.118294282691096
35,146,146,0.112831121600293
35,146,148,0.107406777645461
35,146,150,0.102136716147373
35,146,152,0.0971392663360059
35,146,154,0.0925251063553
35,146,156,0.0883868581088498
35,146,158,0.0847897526154959
35,146,160,0.0817643323242792
35,146,162,0.079302053499245
35,146,164,0.077354437584254
35,146,166,0.0758361080483249
35,146,168,0.0746316658418192
35,146,170,0.073605942164235
35,146,172,0.0726167702038211
35,146,174,0.0715290889309209
35,146,176,0.0702289785769722
35,146,178,0.0686361642313373
35,146,180,0.066713628539642
35,148,0,4.82413308903292
35,148,2,4.81060591558389
35,148,4,4.7864026023168
35,148,6,4.7519050603654
35,148,8,4.70755231962997
35,148,10,4.65382676146781
35,148,12,4.59123977517909
35,148,14,4.52031783232572
35,148,16,4.44158998483054
35,148,18,4.35557769181383
35,148,20,4.26278767504365
35,148,22,4.16370821634117
35,148,24,4.05880897557189
35,148,26,3.94854406420611
35,148,28,3.83335779663015
35,148,30,3.71369229444204
35,148,32,3.58999596367618
35,148,34,3.46273181495022
35,148,36,3.33238465239519
35,148,38,3.19946630699928
35,148,40,3.06451831177744
35,148,42,2.92811168165261
35,148,44,2.79084373940483
35,148,46,2.65333219137565
35,148,48,2.51620687850551
35,148,50,2.38009979251663
35,148,52,2.24563404456287
35,148,54,2.11341250341793
35,148,56,1.98400678820644
35,148,58,1.85794721797562
35,148,60,1.73571420141675
35,148,62,1.61773141025315
35,148,64,1.50436093400699
35,148,66,1.39590047477175
35,148,68,1.29258251804889
35,148,70,1.19457531615187
35,148,72,1.10198544739244
35,148,74,1.01486166764259
35,148,76,0.933199749047992
35,148,78,0.856948000210859
35,148,80,0.786013178707101
35,148,82,0.720266535693239
35,148,84,0.659549769097586
35,148,86,0.603680702500377
35,148,88,0.552458548038092
35,148,90,0.505668651093203
35,148,92,0.463086650553577
35,148,94,0.42448202020729
35,148,96,0.389620984183134
35,148,98,0.358268822557009
35,148,100,0.330191602956934
35,148,102,0.305157391018509
35,148,104,0.28293700766981
35,148,106,0.263304415097213
35,148,108,0.246036826186549
35,148,110,0.230914644135126
35,148,112,0.217721349152556
35,148,114,0.206243456515762
35,148,116,0.196270672998965
35,148,118,0.187596374753074
35,148,120,0.180018516790351
35,148,122,0.173341060244931
35,148,124,0.167375967036546
35,148,126,0.161945762056959
35,148,128,0.156886601679262
35,148,130,0.152051717360022
35,148,132,0.147315029615175
35,148,134,0.142574658031679
35,148,136,0.137755996205263
35,148,138,0.132813986377397
35,148,140,0.127734226536573
35,148,142,0.122532580504537
35,148,144,0.117253043357549
35,148,146,0.111963739994304
35,148,148,0.10675109754975
35,148,150,0.101712420330431
35,148,152,0.0969472910178665
35,148,154,0.0925484018063355
35,148,156,0.088592559713692
35,148,158,0.0851326883841788
35,148,160,0.0821916455709047
35,148,162,0.0797585801413378
35,148,164,0.0777883643080283
35,148,166,0.0762043672797692
35,148,168,0.0749045091735589
35,148,170,0.0737701827282028
35,148,172,0.072677295925521
35,148,174,0.0715084138075079
35,148,176,0.0701648014169455
35,148,178,0.0685771208971619
35,148,180,0.066713628539642
35,150,0,4.82413308903292
35,150,2,4.81130724788528
35,150,4,4.78760194342345
35,150,6,4.75342508178788
35,150,8,4.70924429011369
35,150,10,4.65557237542187
35,150,12,4.5929523777228
35,150,14,4.52194315711233
35,150,16,4.44310644682341
35,150,18,4.35699619956105
35,150,20,4.26415086170901
35,150,22,4.16508894909551
35,150,24,4.06030799745684
35,150,26,3.95028665379527
35,150,28,3.83548939509833
35,150,30,3.71637313801447
35,150,32,3.59339485914847
35,150,34,3.46701929274557
35,150,36,3.3377258118302
35,150,38,3.2060137211113
35,150,40,3.0724053773799
35,150,42,2.93744678219115
35,150,44,2.80170553637385
35,150,46,2.66576628117521
35,150,48,2.53022395504939
35,150,50,2.39567535226728
35,150,52,2.26270957037317
35,150,54,2.13189797556138
35,150,56,2.0037843019131
35,150,58,1.87887544054651
35,150,60,1.75763337967254
35,150,62,1.6404686393398
35,150,64,1.52773541819126
35,150,66,1.4197285453518
35,150,68,1.31668221787838
35,150,70,1.21877040959102
35,150,72,1.12610876434645
35,150,74,1.03875773715679
35,150,76,0.956726719116778
35,150,78,0.879978874445131
35,150,80,0.808436426627745
35,150,82,0.741986151765877
35,150,84,0.680484866852786
35,150,86,0.623764735216898
35,150,88,0.571638247715039
35,150,90,0.523902774043298
35,150,92,0.480344612071036
35,150,94,0.440742493385246
35,150,96,0.404870529837945
35,150,98,0.372500608870491
35,150,100,0.343404265129932
35,150,102,0.317354072960164
35,150,104,0.294124619341524
35,150,106,0.27349313024677
35,150,108,0.255239835410178
35,150,110,0.239148167042811
35,150,112,0.225004896513067
35,150,114,0.212600318436959
35,150,116,0.201728592567524
35,150,118,0.192188348631169
35,150,120,0.183783646046645
35,150,122,0.176325357710669
35,150,124,0.169633013748412
35,150,126,0.163537097279483
35,150,128,0.157881731151608
35,150,130,0.152527635178451
35,150,132,0.14735517236004
35,150,134,0.142267246162778
35,150,136,0.137191766705529
35,150,138,0.132083379652278
35,150,140,0.126924155269564
35,150,142,0.121722972309783
35,150,144,0.116513405064877
35,150,146,0.111350031038543
35,150,148,0.106303215408738
35,150,150,0.101452586048289
35,150,152,0.0968795741179158
35,150,154,0.092659541663814
35,150,156,0.0888541294237364
35,150,158,0.0855045164762768
35,150,160,0.0826262736159372
35,150,162,0.0802064060517908
35,150,164,0.0782030184872103
35,150,166,0.0765478069704133
35,150,168,0.0751513070677623
35,150,170,0.073910535226489
35,150,172,0.0727183834490962
35,150,174,0.0714739017617643
35,150,176,0.0700924601684992
35,150,178,0.0685147453524312
35,150,180,0.0667136285396419
35,152,0,4.82413308903292
35,152,2,4.81200326353171
35,152,4,4.78876023182098
35,152,6,4.75483542304194
35,152,8,4.71072355410432
35,152,10,4.65696740217664
35,152,12,4.59414228673725
35,152,14,4.52284115172579
35,152,16,4.44366111423635
35,152,18,4.35719223954459
35,152,20,4.2640091216856
35,152,22,4.16466561187768
35,152,24,4.05969276813559
35,152,26,3.94959982639208
35,152,28,3.83487774443571
35,152,30,3.71600466976653
35,152,32,3.59345254968988
35,152,34,3.46769404710901
35,152,36,3.33920895009503
35,152,38,3.20848936038008
35,152,40,3.07604310122631
35,152,42,2.94239497945559
35,152,44,2.80808574815918
35,152,46,2.67366882435298
35,152,48,2.53970500076715
35,152,50,2.40675553854956
35,152,52,2.27537412876425
35,152,54,2.14609826166137
35,152,56,2.01944054549795
35,152,58,1.895880477208
35,152,60,1.77585709449123
35,152,62,1.65976284358371
35,152,64,1.54793889006713
35,152,66,1.4406719917268
35,152,68,1.33819295120713
35,152,70,1.24067657842718
35,152,72,1.14824302249748
35,152,74,1.06096028209978
35,152,76,0.97884767191544
35,152,78,0.901880009178204
35,152,80,0.829992286207639
35,152,82,0.763084608699309
35,152,84,0.701027202274005
35,152,86,0.643665318136448
35,152,88,0.590823899854538
35,152,90,0.542311904955392
35,152,92,0.497926205539268
35,152,94,0.457455020312725
35,152,96,0.420680855739665
35,152,98,0.387382956240091
35,152,100,0.357339282687625
35,152,102,0.330328055215148
35,152,104,0.306128910937536
35,152,106,0.284523739973896
35,152,108,0.265297274243713
35,152,110,0.248237512785582
35,152,112,0.233136074327581
35,152,114,0.219788571696321
35,152,116,0.207995102251208
35,152,118,0.197560942540513
35,152,120,0.188297522452396
35,152,122,0.180023733166836
35,152,124,0.172567593621202
35,152,126,0.165768262237612
35,152,128,0.159478335697312
35,152,130,0.153566327273247
35,152,132,0.1479191677029
35,152,134,0.14244452708208
35,152,136,0.137072722923985
35,152,138,0.131757963739033
35,152,140,0.126478685064357
35,152,142,0.12123677011305
35,152,144,0.116055511966056
35,152,146,0.110976267057476
35,152,148,0.106053865362542
35,152,150,0.101350972041148
35,152,152,0.0969317257188253
35,152,154,0.0928550950728986
35,152,156,0.0891684820433533
35,152,158,0.0859021420266778
35,152,160,0.0830649773363986
35,152,162,0.0806421838773852
35,152,164,0.0785950932388829
35,152,166,0.0768633620416946
35,152,168,0.0753694339929674
35,152,170,0.0740249609249208
35,152,172,0.0727386445674033
35,152,174,0.071424779292798
35,152,176,0.0700116630070132
35,152,178,0.0684490173961843
35,152,180,0.066713628539642
35,154,0,4.82413308903292
35,154,2,4.81269355270164
35,154,4,4.78987770452779
35,154,6,4.75613782386575
35,154,8,4.71199398062967
35,154,10,4.65801820486196
35,154,12,4.59481842634633
35,154,14,4.5230230314699
35,154,16,4.44326684763955
35,154,18,4.35617925848507
35,154,20,4.26237498436494
35,154,22,4.16244784786375
35,154,24,4.0569676037199
35,154,26,3.94647967030371
35,154,28,3.83150737864001
35,154,30,3.71255617552745
35,154,32,3.59011909503424
35,154,34,3.46468275649409
35,154,36,3.33673315882888
35,154,38,3.20676061535372
35,154,40,3.07526329900939
35,154,42,2.94274902976957
35,154,44,2.80973511607666
35,154,46,2.67674624268657
35,154,48,2.54431056209222
35,154,50,2.41295428281817
35,154,52,2.28319514659026
35,154,54,2.15553524350222
35,154,56,2.03045363002615
35,154,58,1.90839919299805
35,154,60,1.7897841503129
35,154,62,1.67497850446284
35,154,64,1.56430567734344
35,154,66,1.4580394626867
35,154,68,1.35640234369938
35,154,70,1.25956514402686
35,154,72,1.16764791421219
35,154,74,1.08072190569832
35,154,76,0.998812450766182
35,154,78,0.921902548854503
35,154,80,0.849936955691286
35,154,82,0.78282657915131
35,154,84,0.72045300201592
35,154,86,0.662672974123705
35,154,88,0.609322742263072
35,154,90,0.560222113446686
35,154,92,0.515178174259805
35,154,94,0.473988614608198
35,154,96,0.436444627679221
35,154,98,0.402333378933762
35,154,100,0.371440055427595
35,154,102,0.343549522870323
35,154,104,0.318447631799583
35,154,106,0.29592222627691
35,154,108,0.275763918668509
35,154,110,0.257766702219942
35,154,112,0.241728478873377
35,154,114,0.227451582453505
35,154,116,0.214743376088442
35,154,118,0.203416996539928
35,154,120,0.193292306030624
35,154,122,0.184197093447414
35,154,124,0.175968541206572
35,154,126,0.168454942030123
35,154,128,0.161517612748375
35,154,130,0.155032912390023
35,154,132,0.148894232667586
35,154,134,0.143013794824347
35,154,136,0.137324062558538
35,154,138,0.131778571326025
35,154,140,0.126351984108124
35,154,142,0.121039215772182
35,154,144,0.115853523478099
35,154,146,0.110823537599319
35,154,148,0.105989301753605
35,154,150,0.101397494198219
35,154,152,0.0970961058555793
35,154,154,0.0931289406587463
35,154,156,0.0895303692884255
35,154,158,0.0863207962986101
35,154,160,0.0835032844006714
35,154,162,0.0810617139130513
35,154,164,0.0789607412707049
35,154,166,0.0771476654448231
35,154,168,0.0755561286836021
35,154,170,0.0741113867781835
35,154,172,0.0727367059037434
35,154,174,0.0713603003689859
35,154,176,0.0699221382486209
35,154,178,0.0683799243263528
35,154,180,0.0667136285396419
35,156,0,4.82413308903292
35,156,2,4.81337776624135
35,156,4,4.7909548879719
35,156,6,4.75733474938121
35,156,8,4.71306084216218
35,156,10,4.65873349965143
35,156,12,4.59499331833423
35,156,14,4.52250516618089
35,156,16,4.44194354202651
35,156,18,4.35397994427892
35,156,20,4.25927275001948
35,156,22,4.15845991082812
35,156,24,4.05215455701906
35,156,26,3.94094338685792
35,156,28,3.82538752087831
35,156,30,3.70602534040648
35,156,32,3.58337671656321
35,156,34,3.45794797885766
35,156,36,3.33023697279741
35,156,38,3.20073760991398
35,156,40,3.06994341262188
35,156,42,2.93834968818285
35,156,44,2.80645411646844
35,156,46,2.67475569049733
35,156,48,2.54375209323706
35,156,50,2.4139357175919
35,156,52,2.28578863071635
35,156,54,2.15977684426339
35,156,56,2.03634427794988
35,156,58,1.91590679714922
35,156,60,1.79884667088578
35,156,62,1.68550774109288
35,156,64,1.57619152462235
35,156,66,1.4711543935941
35,156,68,1.37060590392433
35,156,70,1.27470827180526
35,156,72,1.18357693763058
35,156,74,1.09728210895867
35,156,76,1.01585113972245
35,156,78,0.939271581929893
35,156,80,0.867494737472093
35,156,82,0.80043953961286
35,156,84,0.737996604140082
35,156,86,0.680032306762964
35,156,88,0.626392763982172
35,156,90,0.576907617431003
35,156,92,0.531393545016167
35,156,94,0.489657444891207
35,156,96,0.451499259567082
35,156,98,0.416714426834222
35,156,100,0.385095961440113
35,156,102,0.356436186624256
35,156,104,0.330528147740607
35,156,106,0.307166751381462
35,156,108,0.286149682662517
35,156,110,0.267278160499582
35,156,112,0.250357595486487
35,156,114,0.235198216871333
35,156,116,0.221615733480158
35,156,118,0.209432087545877
35,156,120,0.198476349619339
35,156,122,0.188585786640582
35,156,124,0.179607113798979
35,156,126,0.171397914546285
35,156,128,0.163828183290566
35,156,130,0.156781913919611
35,156,132,0.150158627171951
35,156,134,0.143874704408488
35,156,136,0.137864378305597
35,156,138,0.132080226112389
35,156,140,0.126493021566671
35,156,142,0.121090829431339
35,156,144,0.115877272364117
35,156,146,0.110868961897115
35,156,148,0.106092159831173
35,156,150,0.101578817246309
35,156,152,0.0973622175871416
35,156,154,0.09347251865401
35,156,156,0.0899325362983802
35,156,158,0.086754131582593
35,156,160,0.0839355467100704
35,156,162,0.0814599801451259
35,156,164,0.0792955993236149
35,156,166,0.077397066300799
35,156,168,0.0757085083419603
35,156,170,0.0741677164191989
35,156,172,0.0727112167582851
35,156,174,0.0712797512116889
35,156,176,0.0698236365258605
35,156,178,0.0683074614222326
35,156,180,0.0667136285396419
35,158,0,4.82413308903292
35,158,2,4.81405561379858
35,158,4,4.79199258900011
35,158,6,4.75842937036298
35,158,8,4.71393078272538
35,158,10,4.65912431330682
35,158,12,4.59468303485693
35,158,14,4.5213090393414
35,158,16,4.43971811071061
35,158,18,4.35062626207383
35,158,20,4.25473861651704
35,158,22,4.15274093414291
35,158,24,4.04529389570173
35,158,26,3.93303006160417
35,158,28,3.81655324985483
35,158,30,3.69643993118519
35,158,32,3.57324213478169
35,158,34,3.44749129975115
35,158,36,3.31970249758263
35,158,38,3.19037848668513
35,158,40,3.06001313508038
35,158,42,2.92909385202824
35,158,44,2.7981027924545
35,158,46,2.66751672763357
35,158,48,2.53780560032983
35,158,50,2.40942989278366
35,158,52,2.28283702414122
35,158,54,2.15845705552853
35,158,56,2.03669801418354
35,158,58,1.91794115377027
35,158,60,1.80253644931563
35,158,62,1.69079858686506
35,158,64,1.58300365562896
35,158,66,1.47938669006019
35,158,68,1.38014014663976
35,158,70,1.28541334008463
35,158,72,1.19531281011215
35,158,74,1.10990354549338
35,158,76,1.02921095840224
35,158,78,0.953223479434189
35,158,80,0.881895631643119
35,158,82,0.815151439377845
35,158,84,0.752888033007862
35,158,86,0.694979322026156
35,158,88,0.641279624705027
35,158,90,0.591627160792597
35,158,92,0.545847333241345
35,158,94,0.503755744513276
35,158,96,0.46516091176996
35,158,98,0.429866662674803
35,158,100,0.397674209292335
35,158,102,0.368383911524125
35,158,104,0.341796753635291
35,158,106,0.317715567692481
35,158,108,0.295946046111137
35,158,110,0.276297591867324
35,158,112,0.258584059021491
35,158,114,0.242624437664428
35,158,116,0.228243535778149
35,158,118,0.215272705332473
35,158,120,0.203550650810057
35,158,122,0.192924345057889
35,158,124,0.183250060011552
35,158,126,0.174394498981326
35,158,128,0.166235993912636
35,158,130,0.158665706998221
35,158,132,0.151588753428153
35,158,134,0.144925143537973
35,158,136,0.138610430978051
35,158,138,0.13259595149868
35,158,140,0.126848546771425
35,158,142,0.121349690721963
35,158,144,0.116093972260821
35,158,146,0.111086936654533
35,158,148,0.106342344980792
35,158,150,0.101878972413463
35,158,152,0.0977171253752936
35,158,154,0.0938751079146341
35,158,156,0.0903659019239574
35,158,158,0.08719433770716
35,158,160,0.0843550163177365
35,158,162,0.0818312010224036
35,158,164,0.0795948234484893
35,158,166,0.0776076552876747
35,158,168,0.0758235871436863
35,158,170,0.0741918433205842
35,158,172,0.0726608578044573
35,158,174,0.071182455273299
35,158,176,0.0697159329445832
35,158,178,0.0682316324030777
35,158,180,0.066713628539642
35,160,0,4.82413308903292
35,160,2,4.81472686159276
35,160,4,4.79299188407312
35,160,6,4.75942553862105
35,160,8,4.71461177584962
35,160,10,4.65920392249033
35,160,12,4.59390712131517
35,160,14,4.51946116140664
35,160,16,4.43662440220045
35,160,18,4.34615939575275
35,160,20,4.24882067641672
35,160,22,4.14534502657303
35,160,24,4.03644435414987
35,160,26,3.92280114592783
35,160,28,3.80506630295921
35,160,30,3.68385903198614
35,160,32,3.55976836799339
35,160,34,3.43335584319358
35,160,36,3.30515879849806
35,160,38,3.17569385311393
35,160,40,3.04546010151258
35,160,42,2.91494168741122
35,160,44,2.78460950278583
35,160,46,2.65492186679428
35,160,48,2.52632414555094
35,160,50,2.399247370686
35,160,52,2.27410599591674
35,160,54,2.15129499187959
35,160,56,2.03118651787717
35,160,58,1.91412642480712
35,160,60,1.80043083809364
35,160,62,1.69038304616667
35,160,64,1.58423088315861
35,160,66,1.48218474871847
35,160,68,1.38441635787554
35,160,70,1.29105826399659
35,160,72,1.20220415163476
35,160,74,1.11790985613549
35,160,76,1.03819503496071
35,160,78,0.963045392617802
35,160,80,0.892415346838264
35,160,82,0.826231017607351
35,160,84,0.764393421718063
35,160,86,0.706781762363452
35,160,88,0.653256714445259
35,160,90,0.603663620359695
35,160,92,0.557835526757631
35,160,94,0.515596009105815
35,160,96,0.476761746969035
35,160,98,0.441144828191758
35,160,100,0.408554774187099
35,160,102,0.378800291106708
35,160,104,0.351690762640336
35,160,106,0.327037509502031
35,160,108,0.304654848223867
35,160,110,0.284360987578297
35,160,112,0.265978804601319
35,160,114,0.249336543536966
35,160,116,0.234268479769649
35,160,118,0.220615586656664
35,160,120,0.208226235891954
35,160,122,0.196956951553601
35,160,124,0.186673224488488
35,160,126,0.177250377674492
35,160,128,0.168574455568648
35,160,130,0.160543092501162
35,160,132,0.153066298584409
35,160,134,0.146067088320754
35,160,136,0.139481869168929
35,160,138,0.133260506705004
35,160,140,0.127365991246415
35,160,142,0.121773648785848
35,160,144,0.116469866768986
35,160,146,0.111450341483403
35,160,148,0.106717896222954
35,160,150,0.102279964397962
35,160,152,0.0981458748624269
35,160,154,0.0943241128363725
35,160,156,0.090819753788847
35,160,158,0.0876322749989668
35,160,160,0.0847539370056683
35,160,162,0.0821688934892265
35,160,164,0.0798531343868959
35,160,166,0.0777752969204917
35,160,168,0.075898298872364
35,160,170,0.0741816660373865
35,160,172,0.0725843505850057
35,160,174,0.0710677783822389
35,160,176,0.0695988292098907
35,160,178,0.0681524498598951
35,160,180,0.066713628539642
35,162,0,4.82413308903293
35,162,2,4.81539132983633
35,162,4,4.79395410670136
35,162,6,4.7603277576026
35,162,8,4.71511307251339
35,162,10,4.65898777493691
35,162,12,4.59268848927177
35,162,14,4.51699293671212
35,162,16,4.43270304839953
35,162,18,4.34062959134094
35,162,20,4.24157877791217
35,162,22,4.13634118351755
35,162,24,4.02568314036632
35,162,26,3.9103406198
35,162,28,3.79101547189032
35,162,30,3.66837376831744
35,162,32,3.5430458998407
35,162,34,3.41562801741624
35,162,36,3.28668437786546
35,162,38,3.15675015993756
35,162,40,3.02633435120915
35,162,42,2.89592236513724
35,162,44,2.76597812396486
35,162,46,2.63694542958317
35,162,48,2.50924853333996
35,162,50,2.38329190017764
35,162,52,2.25945923650648
35,162,54,2.13811191046881
35,162,56,2.01958693501825
35,162,58,1.90419470754885
35,162,60,1.79221670529362
35,162,62,1.68390332535172
35,162,64,1.57947203497621
35,162,66,1.47910596523327
35,162,68,1.38295304310643
35,162,70,1.29112571718312
35,162,72,1.20370129340959
35,162,74,1.12072286258047
35,162,76,1.04220077205831
35,162,78,0.968114571763152
35,162,80,0.898415349108911
35,162,82,0.833028359085273
35,162,84,0.771855853438119
35,162,86,0.71478001593573
35,162,88,0.661665917914638
35,162,90,0.612364418533894
35,162,92,0.566714946349471
35,162,94,0.524548112000049
35,162,96,0.485688115188682
35,162,98,0.449954922148388
35,162,100,0.417166201959631
35,162,102,0.387139021152485
35,162,104,0.359691305789538
35,162,106,0.334643088564038
35,162,108,0.311817565261616
35,162,110,0.291041990113919
35,162,112,0.272148442980309
35,162,114,0.254974502757655
35,162,116,0.23936386074695
35,162,118,0.22516690472125
35,162,120,0.212241299025216
35,162,122,0.20045257819565
35,162,124,0.189674761509305
35,162,126,0.179790983960092
35,162,128,0.1706941261371
35,162,130,0.162287412293906
35,162,132,0.154484933796849
35,162,134,0.147212045521756
35,162,136,0.140405577100328
35,162,138,0.134013800563747
35,162,140,0.127996101968589
35,162,142,0.122322317610617
35,162,144,0.116971715362291
35,162,146,0.111931627636285
35,162,148,0.107195772745624
35,162,150,0.102762333445307
35,162,152,0.0986318919804754
35,162,154,0.0948053464250945
35,162,156,0.0912819498641354
35,162,158,0.088057618898933
35,162,160,0.0851236488249887
35,162,162,0.0824659488018876
35,162,164,0.0800648722551437
35,162,166,0.0778956682903852
35,162,168,0.0759295234467418
35,162,170,0.0741351054018636
35,162,172,0.0724804677388566
35,162,174,0.0709351340212093
35,162,176,0.0694721557077629
35,162,178,0.0680699356575501
35,162,180,0.066713628539642
35,164,0,4.82413308903293
35,164,2,4.81604888982423
35,164,4,4.79488083319006
35,164,6,4.7611411483595
35,164,8,4.71544513930158
35,164,10,4.65849339277025
35,164,12,4.59105327964981
35,164,14,4.51394048394682
35,164,16,4.4280012434945
35,164,18,4.33409590047801
35,164,20,4.23308424560262
35,164,22,4.12581300611348
35,164,24,4.0131056847687
35,164,26,3.89575481410587
35,164,28,3.77451655703514
35,164,30,3.65010746870199
35,164,32,3.52320314166583
35,164,34,3.39443839064413
35,164,36,3.26440859611773
35,164,38,3.13367181760599
35,164,40,3.00275130510272
35,164,42,2.87213807710491
35,164,44,2.74229329074725
35,164,46,2.61365019791205
35,164,48,2.48661555470557
35,164,50,2.36157042449868
35,164,52,2.23887038161721
35,164,54,2.11884517954639
35,164,56,2.00179799125658
35,164,58,1.88800435839786
35,164,60,1.77771100042501
35,164,62,1.67113463517371
35,164,64,1.56846095094878
35,164,66,1.46984384940412
35,164,68,1.37540505134229
35,164,70,1.2852341270308
35,164,72,1.19938898150106
35,164,74,1.11789679592537
35,164,76,1.04075540038117
35,164,78,0.967935032338534
35,164,80,0.899380419693494
35,164,82,0.835013117242429
35,164,84,0.774734020853207
35,164,86,0.718425983626418
35,164,88,0.665956462249827
35,164,90,0.61718012863732
35,164,92,0.571941390917805
35,164,94,0.530076778076816
35,164,96,0.491417153343738
35,164,98,0.455789732185543
35,164,100,0.423019891074409
35,164,102,0.392932762725446
35,164,104,0.365354622033123
35,164,106,0.340114074320777
35,164,108,0.31704306364371
35,164,110,0.295977723651657
35,164,112,0.27675909681376
35,164,114,0.259233749519125
35,164,116,0.243254310564517
35,164,118,0.228679958718409
35,164,120,0.215376881345497
35,164,122,0.203218720511728
35,164,124,0.192087015719139
35,164,126,0.181871643759315
35,164,128,0.172471246631607
35,164,130,0.163793628750089
35,164,132,0.155756095639299
35,164,134,0.148285698994279
35,164,136,0.141319348397441
35,164,138,0.134803749116046
35,164,140,0.128695129021921
35,164,142,0.122958726214771
35,164,144,0.117568022363487
35,164,146,0.112503724519491
35,164,148,0.107752519014541
35,164,150,0.103305643272139
35,164,152,0.0991573427146036
35,164,154,0.0953032979481354
35,164,156,0.0917391195700258
35,164,158,0.0884590121000539
35,164,160,0.0854547031768834
35,164,162,0.0827147187075594
35,164,164,0.0802240596916679
35,164,166,0.0779643037637899
35,164,168,0.0759141170474264
35,164,170,0.07405012350474
35,164,172,0.072348043872188
35,164,174,0.0707839886989256
35,164,176,0.0693357735280193
35,164,178,0.0679841213043402
35,164,180,0.066713628539642
35,166,0,4.82413308903293
35,166,2,4.81669946071041
35,166,4,4.79577386677486
35,166,6,4.76187141106836
35,166,8,4.7156195871072
35,166,10,4.65774025844069
35,166,12,4.58903069681188
35,166,14,4.51034441081512
35,166,16,4.42257245397225
35,166,18,4.32662582384145
35,166,20,4.22341945981036
35,166,22,4.11385822478928
35,166,24,3.99882512387722
35,166,26,3.87917187988554
35,166,28,3.75571185934567
35,166,30,3.62921523011769
35,166,32,3.50040613830031
35,166,34,3.36996162148861
35,166,36,3.23851192946559
35,166,38,3.10664190236665
35,166,40,2.97489305886449
35,166,42,2.84376607025155
35,166,44,2.71372333661928
35,166,46,2.5851914340522
35,166,48,2.45856326187967
35,166,50,2.33419978155402
35,166,52,2.21243129899808
35,166,54,2.09355829630844
35,166,56,1.97785186345212
35,166,58,1.86555381406365
35,166,60,1.75687659076143
35,166,62,1.65200307474063
35,166,64,1.5510864128576
35,166,66,1.45424996478901
35,166,68,1.36158745536509
35,166,70,1.27316339526668
35,166,72,1.18901380932267
35,166,74,1.10914728778729
35,166,76,1.03354635397855
35,166,78,0.962169122824679
35,166,80,0.89495121001862
35,166,82,0.831807840992778
35,166,84,0.772636102776481
35,166,86,0.717317279657129
35,166,88,0.665719214889792
35,166,90,0.617698644821652
35,166,92,0.573103458007721
35,166,94,0.531774839505839
35,166,96,0.493549268933604
35,166,98,0.458260349525427
35,166,100,0.425740453928106
35,166,102,0.395822180503523
35,166,104,0.368339621239434
35,166,106,0.343129448841559
35,166,108,0.320031836072533
35,166,110,0.29889122481718
35,166,112,0.279556965596221
35,166,114,0.261883850227237
35,166,116,0.24573256094763
35,166,118,0.230970058486825
35,166,120,0.217469929253985
35,166,122,0.205112708002704
35,166,124,0.193786187144833
35,166,126,0.183385717527884
35,166,128,0.173814498317284
35,166,130,0.164983846132498
35,166,132,0.156813426402513
35,166,134,0.149231423757872
35,166,136,0.142174623931253
35,166,138,0.135588377828928
35,166,140,0.12942641976459
35,166,142,0.12365051668964
35,166,144,0.118229933663773
35,166,146,0.113140712448251
35,166,148,0.108364774208266
35,166,150,0.103888872709731
35,166,152,0.0997034395886155
35,166,154,0.0958013765621905
35,166,156,0.0921768591381551
35,166,158,0.0888242209659224
35,166,160,0.0857369864011961
35,166,162,0.0829071106784677
35,166,164,0.0803244726139503
35,166,166,0.0779766450884861
35,166,168,0.0758489454983271
35,166,170,0.0739247442633732
35,166,172,0.0721859869703779
35,166,174,0.0706138673699422
35,166,176,0.069189576413353
35,166,178,0.067895048286263
35,166,180,0.066713628539642
35,168,0,4.82413308903292
35,168,2,4.81734300599276
35,168,4,4.7966352202418
35,168,6,4.76252478232898
35,168,8,4.71564909079728
35,168,10,4.65674968395754
35,168,12,4.58665281448652
35,168,14,4.50624954416092
35,168,16,4.4164760613103
35,168,18,4.31829485621742
35,168,20,4.21267729603618
35,168,22,4.10058802828513
35,168,24,3.98297151854905
35,168,26,3.86074090152793
35,168,28,3.73476920227435
35,168,30,3.60588287265965
35,168,32,3.47485749188775
35,168,34,3.34241540293419
35,168,36,3.20922500138081
35,168,38,3.07590136005422
35,168,40,2.94300786160031
35,168,42,2.81105851984249
35,168,44,2.68052069663594
35,168,46,2.55181796030108
35,168,48,2.4253328804364
35,168,50,2.3014096076166
35,168,52,2.18035614093799
35,168,54,2.06244623776194
35,168,56,1.94792096518159
35,168,58,1.83698992939817
35,168,60,1.72983224598346
35,168,62,1.62659733050794
35,168,64,1.52740559566971
35,168,66,1.43234913901254
35,168,68,1.3414924962228
35,168,70,1.25487352078362
35,168,72,1.17250443345749
35,168,74,1.09437306657377
35,168,76,1.02044431007388
35,168,78,0.950661750027521
35,168,80,0.884949476802855
35,168,82,0.823214029787464
35,168,84,0.765346438698724
35,168,86,0.711224317982289
35,168,88,0.660713970247946
35,168,90,0.613672456663229
35,168,92,0.569949596176248
35,168,94,0.529389860818764
35,168,96,0.491834140632027
35,168,98,0.457121358508988
35,168,100,0.425089922083769
35,168,102,0.395579006429991
35,168,104,0.368429667532573
35,168,106,0.343485792109354
35,168,108,0.320594894254301
35,168,110,0.299608773450319
35,168,112,0.280384051661674
35,168,114,0.262782609368882
35,168,116,0.246671941457519
35,168,118,0.231925453728815
35,168,120,0.218422719399017
35,168,122,0.206049712274204
35,168,124,0.194699029373203
35,168,126,0.184270110759851
35,168,128,0.174669458483012
35,168,130,0.165810850172708
35,168,132,0.157615536481006
35,168,134,0.150012405755569
35,168,136,0.142938094710399
35,168,138,0.136337021021907
35,168,140,0.130161313257348
35,168,142,0.124370615705704
35,168,144,0.11893175066438
35,168,146,0.113818228384715
35,168,148,0.109009604724286
35,168,150,0.104490697816603
35,168,152,0.100250686720442
35,168,154,0.096282125869283
35,168,156,0.0925799180019945
35,168,158,0.0891402940424546
35,168,160,0.0859598503065343
35,168,162,0.0830346910438895
35,168,164,0.0803597177346599
35,168,166,0.0779280963078128
35,168,168,0.0757309205113267
35,168,170,0.0737570753458469
35,168,172,0.0719932902320377
35,168,174,0.0704243588520041
35,168,176,0.0690334926184151
35,168,178,0.0678027683632895
35,168,180,0.0667136285396421
35,170,0,4.82413308903292
35,170,2,4.81797952972934
35,170,4,4.79746709713751
35,170,6,4.76310798850568
35,170,8,4.71554730035499
35,170,10,4.65554466427808
35,170,12,4.58395435486941
35,170,14,4.50170461747353
35,170,16,4.40977693998937
35,170,18,4.30918593673603
35,170,20,4.20096042905564
35,170,22,4.08612620368285
35,170,24,3.96569081326197
35,170,26,3.84063066106636
35,170,28,3.71188049087967
35,170,30,3.58032528928468
35,170,32,3.44679450641968
35,170,34,3.31205841658472
35,170,36,3.17682637462743
35,170,38,3.04174667923296
35,170,40,2.9074077302359
35,170,42,2.77434016281984
35,170,44,2.64301965487291
35,170,46,2.51387013186093
35,170,48,2.38726713277683
35,170,50,2.26354114709984
35,170,52,2.14298078228031
35,170,54,2.02583567033083
35,170,56,1.91231906742795
35,170,58,1.80261013948244
35,170,60,1.69685595770648
35,170,62,1.59517325043567
35,170,64,1.49764997080099
35,170,66,1.40434674494151
35,170,68,1.31529826348901
35,170,70,1.23051467157834
35,170,72,1.14998300134019
35,170,74,1.07366867740184
35,170,76,1.0015171118855
35,170,78,0.933455392028583
35,170,80,0.869394051818423
35,170,82,0.809228909568156
35,170,84,0.752842946483351
35,170,86,0.700108197033576
35,170,88,0.650887620191824
35,170,90,0.605036921032447
35,170,92,0.562406294394169
35,170,94,0.522842065896005
35,170,96,0.486188210127608
35,170,98,0.45228773094816
35,170,100,0.420983894200886
35,170,102,0.392121308524445
35,170,104,0.365546855113376
35,170,106,0.34111047208663
35,170,108,0.318665803434327
35,170,110,0.298070726212346
35,170,112,0.279187772629915
35,170,114,0.261884465812662
35,170,116,0.246033589205898
35,170,118,0.23151340969852
35,170,120,0.218207873504205
35,170,122,0.206006791579758
35,170,124,0.194806027898007
35,170,126,0.184507699316649
35,170,128,0.175020390289389
35,170,130,0.1662593795592
35,170,132,0.158146869673083
35,170,134,0.150612204172717
35,170,136,0.143592052211062
35,170,138,0.137030536690996
35,170,140,0.130879280328513
35,170,142,0.125097344692226
35,170,144,0.119651040453787
35,170,146,0.114513592751489
35,170,148,0.109664653410438
35,170,150,0.105089661213402
35,170,152,0.100779061704981
35,170,154,0.0967274082354634
35,170,156,0.092932375175447
35,170,158,0.0893937216002642
35,170,160,0.0861122485737216
35,170,162,0.0830887950268871
35,170,164,0.0803233159985416
35,170,166,0.0778140828448396
35,170,168,0.0755570383601125
35,170,170,0.0735453311913284
35,170,172,0.0717690441923317
35,170,174,0.0702151211858121
35,170,176,0.0688674866623232
35,170,178,0.0677073438250655
35,170,180,0.0667136285396421
35,172,0,4.82413308903292
35,172,2,4.81860907251103
35,172,4,4.79827187168704
35,172,6,4.76362819541163
35,172,8,4.71532874409798
35,172,10,4.65414971589943
35,172,12,4.58097244257629
35,172,14,4.49676191832143
35,172,16,4.40254497455119
35,172,18,4.29938880956448
35,172,20,4.18838050900927
35,172,22,4.07060809743818
35,172,24,3.94714354972359
35,172,26,3.81902807078602
35,172,28,3.68725982981135
35,172,30,3.55278421719715
35,172,32,3.4164865843635
35,172,34,3.27918733276709
35,172,36,3.14163914228098
35,172,38,3.00452607261981
35,172,40,2.86846423550223
35,172,42,2.73400371932061
35,172,44,2.60163145067934
35,172,46,2.47177469575798
35,172,48,2.34480493582061
35,172,50,2.2210418916416
35,172,52,2.10075751730598
35,172,54,1.98417983106096
35,172,56,1.87149649632848
35,172,58,1.76285810692514
35,172,60,1.65838116500083
35,172,62,1.55815076702267
35,172,64,1.46222303189156
35,172,66,1.37062731626999
35,172,68,1.28336826625532
35,172,70,1.20042775287383
35,172,72,1.12176673292748
35,172,74,1.04732706798049
35,172,76,0.977033324117762
35,172,78,0.910794564750614
35,172,80,0.848506139139096
35,172,82,0.79005146112455
35,172,84,0.735303766226835
35,172,86,0.684127830924937
35,172,88,0.636381635578594
35,172,90,0.591917951890396
35,172,92,0.550585836790571
35,172,94,0.512232016844122
35,172,96,0.476702150419316
35,172,98,0.443841958623903
35,172,100,0.413498220151387
35,172,102,0.385519629463153
35,172,104,0.359757521977861
35,172,106,0.336066473988651
35,172,108,0.314304788738367
35,172,110,0.29433488331508
35,172,112,0.276023593643781
35,172,114,0.259242416698137
35,172,116,0.243867709989159
35,172,118,0.229780868263638
35,172,120,0.216868496046497
35,172,122,0.205022592115993
35,172,124,0.194140758206843
35,172,126,0.184126439284797
35,172,128,0.174889196828294
35,172,130,0.166345010009153
35,172,132,0.158416592918872
35,172,134,0.151033709566335
35,172,136,0.144133462856661
35,172,138,0.137660529729797
35,172,140,0.131567312608349
35,172,142,0.125813977664875
35,172,144,0.120368353369338
35,172,146,0.115205668288226
35,172,148,0.110308114902476
35,172,150,0.105664235785169
35,172,152,0.101268139138212
35,172,154,0.0971185616194943
35,172,156,0.0932178067558412
35,172,158,0.0895705962449675
35,172,160,0.0861828784440858
35,172,162,0.0830606428486626
35,172,164,0.080208791112588
35,172,166,0.077630114081725
35,172,168,0.0753244205102884
35,172,170,0.0732878568412561
35,172,172,0.0715124489904363
35,172,174,0.0699858868782139
35,172,176,0.0686915609575534
35,172,178,0.067608847703588
35,172,180,0.066713628539642
35,174,0,4.82413308903292
35,174,2,4.8192317072171
35,174,4,4.79905206754686
35,174,6,4.76409295467059
35,174,8,4.71500872465571
35,174,10,4.65259070187238
35,174,12,4.57774633545596
35,174,14,4.49147689885359
35,174,16,4.39485452044021
35,174,18,4.28899930202925
35,174,20,4.17505721953054
35,174,22,4.05417941161203
35,174,24,3.92750335449458
35,174,26,3.79613630091296
35,174,28,3.66114123582273
35,174,30,3.5235254773208
35,174,32,3.38423193453588
35,174,34,3.24413293008377
35,174,36,3.10402640710168
35,174,38,2.96463427263751
35,174,40,2.82660258169535
35,174,42,2.6905032396156
35,174,44,2.55683689354043
35,174,46,2.42603669425745
35,174,48,2.29847263466401
35,174,50,2.17445620684596
35,174,52,2.05424516247677
35,174,54,1.9380482071428
35,174,56,1.82602950485879
35,174,58,1.71831291158104
35,174,60,1.61498589378177
35,174,62,1.51610311870849
35,174,64,1.42168972616443
35,174,66,1.33174430753228
35,174,68,1.24624162690096
35,174,70,1.16513512251976
35,174,72,1.08835922561124
35,174,74,1.01583152912464
35,174,76,0.947454832565563
35,174,78,0.883119081713849
35,174,80,0.822703214757543
35,174,82,0.766076919809602
35,174,84,0.713102303389016
35,174,86,0.663635465478837
35,174,88,0.61752797428715
35,174,90,0.574628232767342
35,174,92,0.534782729147542
35,174,94,0.497837164972442
35,174,96,0.463637456252301
35,174,98,0.432030606025342
35,174,100,0.4028654497672
35,174,102,0.375993278439673
35,174,104,0.351268347390842
35,174,106,0.328548282638553
35,174,108,0.307694399127853
35,174,110,0.288571948182573
35,174,112,0.271050313393751
35,174,114,0.255003175417727
35,174,116,0.240308666410273
35,174,118,0.226849533932773
35,174,120,0.214513332003339
35,174,122,0.203192653464083
35,174,124,0.192785413019502
35,174,126,0.183195184305721
35,174,128,0.174331587439017
35,174,130,0.166110716057362
35,174,132,0.158455585420522
35,174,134,0.151296576269472
35,174,136,0.144571843500829
35,174,138,0.138227654901341
35,174,140,0.132218623735933
35,174,142,0.126507800257539
35,174,144,0.121066591362388
35,174,146,0.115874484556576
35,174,148,0.110918561779805
35,174,150,0.106192799869745
35,174,152,0.10169716678654
35,174,154,0.0974365352879226
35,174,156,0.093419447666631
35,174,158,0.0896567756097489
35,174,160,0.0861603275165223
35,174,162,0.0829414611888375
35,174,164,0.0800097623434925
35,174,166,0.0773718487231829
35,174,168,0.0750303556973974
35,174,170,0.072983152273223
35,174,172,0.0712228266254757
35,174,174,0.0697364679667342
35,174,176,0.0685057572979573
35,174,178,0.0675073639405613
35,174,180,0.066713628539642
35,176,0,4.82413308903292
35,176,2,4.81984753458189
35,176,4,4.79981033553068
35,176,6,4.76451014712179
35,176,8,4.71460320846488
35,176,10,4.65089464461712
35,176,12,4.57431713457683
35,176,14,4.48590775305319
35,176,16,4.38678381429707
35,176,18,4.27811852866579
35,176,20,4.16111723039324
35,176,22,4.03699485329434
35,176,24,3.90695522609584
35,176,26,3.77217263777367
35,176,28,3.63377599304906
35,176,30,3.49283574633058
35,176,32,3.35035367568581
35,176,34,3.20725544285217
35,176,36,3.06438578568752
35,176,38,2.92250610931134
35,176,40,2.78229418351676
35,176,42,2.64434561738103
35,176,44,2.50917676650265
35,176,46,2.37722873187337
35,176,48,2.24887212903084
35,176,50,2.12441233818306
35,176,52,2.00409498651021
35,176,54,1.8881114589336
35,176,56,1.77660427972106
35,176,58,1.66967225134726
35,176,60,1.56737527671449
35,176,62,1.46973882458898
35,176,64,1.37675802509036
35,176,66,1.28840140212759
35,176,68,1.20461426319092
35,176,70,1.12532177467822
35,176,72,1.05043175399358
35,176,74,0.979837209155026
35,176,76,0.913418653716253
35,176,78,0.851046220473004
35,176,80,0.792581592548346
35,176,82,0.737879765700066
35,176,84,0.686790651537311
35,176,86,0.639160528061106
35,176,88,0.594833341690629
35,176,90,0.553651863723529
35,176,92,0.515458703940853
35,176,94,0.48009718469115
35,176,96,0.447412080132431
35,176,98,0.417250227222411
35,176,100,0.389461017371135
35,176,102,0.363896780248708
35,176,104,0.340413073912584
35,176,106,0.318868898011883
35,176,108,0.299126849153851
35,176,110,0.281053239375746
35,176,112,0.264518199836271
35,176,114,0.249395792100809
35,176,116,0.235564148531926
35,176,118,0.222905661131851
35,176,120,0.211307234598294
35,176,122,0.200660614319491
35,176,124,0.190862793635953
35,176,126,0.181816497158786
35,176,128,0.173430728628205
35,176,130,0.165621363231642
35,176,132,0.158311756105729
35,176,134,0.15143333162009
35,176,136,0.144926112695638
35,176,138,0.138739146498419
35,176,140,0.132830782888707
35,176,142,0.127168765305337
35,176,144,0.121730100379419
35,176,146,0.116500682266191
35,176,148,0.111474659943729
35,176,150,0.106653549794023
35,176,152,0.102045110719925
35,176,154,0.0976620138345902
35,176,156,0.0935203523652457
35,176,158,0.0896380489076189
35,176,160,0.0860332257778684
35,176,162,0.0827226093651738
35,176,164,0.0797200407408244
35,176,166,0.0770351621947656
35,176,168,0.0746723429120098
35,176,170,0.0726298969099651
35,176,172,0.0708996330367587
35,176,174,0.069466760841086
35,176,176,0.0683101581886487
35,176,178,0.0674029875073062
35,176,180,0.066713628539642
35,178,0,4.82413308903292
35,178,2,4.82045667860198
35,178,4,4.80054943045405
35,178,6,4.76488792366176
35,178,8,4.71412870961162
35,178,10,4.64908952806544
35,178,12,4.5707274759755
35,178,14,4.48011496491485
35,178,16,4.37841434019099
35,178,18,4.26685203102616
35,178,20,4.14669305926515
35,178,22,4.01921665846239
35,178,24,3.8856936519816
35,178,26,3.74736611510405
35,178,28,3.60542970991773
35,178,30,3.46101894094063
35,178,32,3.31519544167728
35,178,34,3.16893927450057
35,178,36,3.0231431140996
35,178,38,2.87860909248918
35,178,40,2.7360480138517
35,178,42,2.59608060121597
35,178,44,2.45924041353225
35,178,46,2.32597806906628
35,178,48,2.19666642613528
35,178,50,2.0716064012671
35,178,52,1.95103314377355
35,178,54,1.83512233041578
35,178,56,1.72399639055941
35,178,58,1.61773051779323
35,178,60,1.51635836594414
35,178,62,1.41987736405868
35,178,64,1.32825361527531
35,178,66,1.24142636828744
35,178,68,1.15931206754006
35,178,70,1.0818080000565
35,178,72,1.00879556375233
35,178,74,0.940143185268672
35,178,76,0.875708915764261
35,178,78,0.815342731676551
35,178,80,0.758888564997999
35,178,82,0.706186084753466
35,178,84,0.657072248582138
35,178,86,0.611382640944447
35,178,88,0.568952612683056
35,178,90,0.529618235557039
35,178,92,0.493217084954134
35,178,94,0.45958886422967
35,178,96,0.428575884948723
35,178,98,0.400023418622043
35,178,100,0.373779937206979
35,178,102,0.349697261551772
35,178,104,0.327630638930875
35,178,106,0.307438772659039
35,178,108,0.288983828263526
35,178,110,0.272131441593814
35,178,112,0.256750754299005
35,178,114,0.242714501050486
35,178,116,0.229899170503128
35,178,118,0.218185258101019
35,178,120,0.207457623360174
35,178,122,0.197605957238621
35,178,124,0.188525356818394
35,178,126,0.180116995122651
35,178,128,0.172288863987581
35,178,130,0.16495655816306
35,178,132,0.158044059996597
35,178,134,0.15148447697979
35,178,136,0.145220679896799
35,178,138,0.139205787990911
35,178,140,0.133403449943475
35,178,142,0.127787875756415
35,178,144,0.122343584744124
35,178,146,0.117064848335348
35,178,148,0.11195482250494
35,178,150,0.107024382380579
35,178,152,0.102290689704458
35,178,154,0.0977755411063669
35,178,156,0.0935035603331571
35,178,158,0.0895003095926519
35,178,160,0.0857904031431955
35,178,162,0.0823957096056992
35,178,164,0.0793337279062416
35,178,166,0.0766162152851052
35,178,168,0.0742481347215308
35,178,170,0.0722269739598751
35,178,172,0.0705424698377803
35,178,174,0.0691767507559458
35,178,176,0.0681048880007333
35,178,178,0.0672958244752972
35,178,180,0.066713628539642
35,180,0,4.82413308903292
35,180,2,4.82105928181468
35,180,4,4.80127218725148
35,180,6,4.76523464394209
35,180,8,4.71360216890987
35,180,10,4.64720409078092
35,180,12,4.56702120699336
35,180,14,4.47416083213177
35,180,16,4.36983015896776
35,180,18,4.25530886417498
35,180,20,4.1319218588594
35,180,22,4.00101301409983
35,180,24,3.86392058960739
35,180,26,3.72195496682674
35,180,28,3.57637914470852
35,180,30,3.42839230576794
35,180,32,3.27911661050452
35,180,34,3.12958723764348
35,180,36,2.98074556258892
35,180,38,2.8334352619729
35,180,40,2.6884010514392
35,180,42,2.54628970813247
35,180,44,2.40765299831301
35,180,46,2.27295212209111
35,180,48,2.14256329829523
35,180,50,2.01678413900024
35,180,52,1.89584050093408
35,180,54,1.77989354557214
35,180,56,1.66904678729241
35,180,58,1.56335295616524
35,180,60,1.46282054618547
35,180,62,1.36741995919859
35,180,64,1.27708918835336
35,180,66,1.19173901222269
35,180,68,1.11125769189431
35,180,70,1.035515178862
35,180,72,0.964366852208999
35,180,74,0.897656810256878
35,180,76,0.835220745458279
35,180,78,0.776888432690008
35,180,80,0.722485860993887
35,180,82,0.671837037829076
35,180,84,0.624765493517946
35,180,86,0.58109551213981
35,180,88,0.540653113895828
35,180,90,0.503266813088016
35,180,92,0.468768175409289
35,180,94,0.436992198257874
35,180,96,0.407777538251441
35,180,98,0.380966610966735
35,180,100,0.356405589073495
35,180,102,0.333944326330527
35,180,104,0.313436236188857
35,180,106,0.294738154781973
35,180,108,0.277710218619377
35,180,110,0.262215787053871
35,180,112,0.248121438272943
35,180,114,0.235297064895113
35,180,116,0.223616091005571
35,180,118,0.212955826498808
35,180,120,0.203197966886973
35,180,122,0.194229237413426
35,180,124,0.185942169692104
35,180,126,0.178235987674153
35,180,128,0.17101756820276
35,180,130,0.164202430582368
35,180,132,0.157715700379948
35,180,134,0.151492986032089
35,180,136,0.145481103616803
35,180,138,0.139638586056348
35,180,140,0.133935918475676
35,180,142,0.128355451538849
35,180,144,0.122890959024673
35,180,146,0.117546823989423
35,180,148,0.112336858543755
35,180,150,0.107282784200981
35,180,152,0.102412421414954
35,180,154,0.0977576567492648
35,180,156,0.0933522726240542
35,180,158,0.0892297365033996
35,180,160,0.0854210527606293
35,180,162,0.0819527807198592
35,180,164,0.0788453163652336
35,180,166,0.0761115231958515
35,180,168,0.0737557803320595
35,180,170,0.0717734942331858
35,180,172,0.0701510955293902
35,180,174,0.0688665159688606
35,180,176,0.0678901139343259
35,180,178,0.0671859920356183
35,180,180,0.066713628539642
